100
1000562
1000565
1000566
1000568
1000570
1001240
1001595
1001714
100177
1001822
1001994
1002227
100225
1002367
1002526
1002689
1002795
1002805
1002870
1003092
1003110
1003195
1003237
1003997
1004
1004151
1004159
1004165
1004166
1004260
1004261
1004279
1004304
1004316
1004326
1005395
1005665
1005667
1005740
1005925
1005926
1005928
1005941
1005944
1005945
1005994
1005995
1005996
1005999
1006
1006000
1006003
1006004
1006006
1006155
1006576
1006623
1007089
1007095
1007096
1007097
1007098
1007099
1007511
1007676
1008
1008152
1008153
1008305
1008307
1008308
1008457
100884
100886
1009370
1009682
1009852
1010
1010610
1010611
101070
101383
1014
1015
101513
101564
101571
1016997
1017177
1017181
1017184
1017270
1017273
1017351
1018
1019
102
102127
102148
102226
102227
102618
102684
1026882
1027249
1027273
1027360
1027371
1027633
1028
1028214
1028307
102862
1028742
1028743
1028745
1028746
1028752
1028800
1029756
1030841
1031224
1031537
1031538
1031539
1031540
1031541
1031542
1031564
1031594
1031753
1032070
1032238
1032239
1032240
1032241
1032242
1032243
1032476
1032480
1032488
1032623
1032845
1033730
1033731
1033732
1033734
1033736
1033737
1033739
1033740
1033741
1033743
1033744
1033802
1033806
1033810
1034345
1034346
1034347
1034471
1034808
1034943
1034944
1035
1035067
1035184
1035188
1035196
1035707
1035839
1035890
1035916
1036020
1036133
1036171
1036180
1036181
1036182
1036672
1036677
1036678
1036679
1036778
1036780
103721
103725
103728
103729
103732
103733
103734
1037362
1037377
1037380
1037382
1037409
1037680
1037889
1038014
103816
103836
103838
103855
1038845
1038856
1038857
1038858
1038859
1038869
1038904
103891
103892
1038929
104097
1040979
104098
1040983
104099
104100
104101
104102
1041138
1041139
1041147
1041522
1041641
1041766
1041930
104205
1042376
1042417
104268
1042878
1042953
1042984
1043205
104336
1043493
1044
1045004
1045317
1045501
1045558
1045764
1045773
1045774
1045775
1045776
1045858
1046043
104609
1046115
1046128
104623
104628
1046555
1046556
1046581
1046596
1046599
104662
1046627
104663
1046714
1048
1048221
1048331
1048339
1048340
1048394
1048642
1048753
1048830
1049182
1049199
1049582
1049583
1049759
1049789
1049790
1049942
1049970
1049972
1050105
1050107
1050153
1050174
1050199
1050201
1050202
1051139
1051501
1051502
1051531
1051626
1051646
1051649
1051899
1051972
1051981
1051985
1052
1052145
105219
1052257
1052259
1052260
1052585
1052682
1053547
1053551
1053647
1054
1054033
1054034
1054041
105420
1054202
105422
105425
1054297
1054497
1054498
1054550
1054860
1054862
1054972
1054996
1055104
1055231
1055468
1055469
105559
1056495
1056496
1056511
1056512
1056807
1056820
1056982
105751
105851
1061
106147
106207
1063
106370
106412
1064514
1064518
1064535
1064539
106590
106592
1066
106634
106649
106654
1067
1068590
1068975
1068978
1068979
1068980
1069080
1069081
1069082
1069083
1069116
1069117
1069161
1069220
1069221
1069448
1069475
1069813
1069963
1069980
1069985
1069987
1070421
1070424
1070431
1070861
1070866
1070870
1070872
1071
1071052
1071053
1071054
1071679
1071718
1071719
1071918
1071947
1071983
1072256
1072463
1072583
1072685
1073196
1073253
1073325
1073327
1073328
1073415
1073423
1073571
1073574
1073842
1073996
1073999
1074
107400
1074000
1074233
1074311
1074454
1074467
1074488
1075090
1075402
1075417
1076
1076124
1076125
1076126
1076138
1076330
1076331
1076443
1076549
1076550
1076551
1076588
1076695
1076744
1076926
1076937
1077144
1077255
1077256
1077285
1077464
1077675
1077935
1077936
1077942
1077944
1077945
1077946
1077947
1077972
1077974
1077975
1077976
1078020
1078050
1078471
1078475
1078754
1078846
1079
1079109
1079178
1079179
1079460
1079800
1079859
1079994
108003
1080071
1080072
1080073
1080074
108015
1080223
1080224
1080225
1080227
108028
1081040
1081736
1081782
1082276
1082345
1082479
1082580
1082703
1082704
1082705
1082851
1082931
108437
1084421
1084519
1084520
1084522
1084523
1084524
1084525
1084526
108486
1085
108528
1085623
1085630
1085644
1085647
1085774
1086013
1086393
1086632
1086726
1087
1087479
1087481
1088
1088721
1088767
1088868
1088869
1088883
1089305
1089306
1089439
1089453
1089454
1089455
1089544
1089545
1089546
1089547
1089548
1089549
1089550
1089551
1089552
1089553
1089681
108980
1090319
1090320
1090321
1090322
109046
1091037
1091042
1091045
1091046
1091494
109232
109330
1094342
1094466
1094489
1094491
1094551
1094553
1094555
1094556
1094558
1094562
109465
1094715
109472
1095025
1095026
1095729
1095731
1095744
1095747
1095749
1095767
1095768
1095769
1095770
1095772
1095777
1095778
1095805
1095900
1095914
1096243
1096246
1096341
1096750
1096779
1096929
1096930
1097667
1097677
109790
1098
1099789
1099794
1099853
1101373
1101402
1101404
110163
110321
110322
1104324
1104446
1104773
1104775
1104777
1104779
1104781
110479
110505
1105113
1105143
1105144
1105145
1105367
110577
1107311
1107882
1108044
1108045
1108140
110845
1108595
1108812
1108969
1109010
110933
110935
1109412
1109740
1109741
111015
1110546
1110688
1110697
1111041
1111071
1111115
1111454
1111473
1111479
1111728
1111729
1111730
1111731
1111732
1111733
1111734
1111735
1111737
1111738
1111760
1112
1112212
1114263
1114856
1114861
1114867
1114870
1114873
1114874
1114875
1114878
1114880
1114921
1114924
1114962
1114963
1114964
1114970
1114972
1115511
1115512
1115515
111564
1115758
1115803
1116389
1116472
1117041
1117313
1117319
1117379
1117644
1117645
1117647
111769
111770
1117702
1117706
1117707
1117708
111780
1117958
111802
111803
1118054
1118056
1118057
1118059
111806
1118060
1118062
111807
1118202
111831
1118379
111844
1118451
1119056
1119058
1119528
1119529
1119534
111955
112002
1120568
1120917
1120918
1120919
1120920
1120921
1120923
1120924
1120925
1120926
1120927
1120928
1120929
1120930
1120931
1120932
1120933
1120934
1120935
1120936
1120937
1120940
1120941
1120942
1120943
1120944
1120945
1120946
1120947
1120948
1120949
1120950
1120951
1120952
1120953
1120954
1120955
1120956
1120957
1120958
1120959
1120960
1120961
1120962
1120963
1120964
1120965
1120966
1120967
1120968
1120969
1120970
1120971
1120972
1120973
1120975
1120976
1120977
1120978
1120979
1120980
1120981
1120983
1120984
1120985
1120987
1120988
1120989
1120990
1120992
1120995
1120996
1120997
1120998
1120999
1121001
1121002
1121003
1121004
1121006
1121007
1121011
1121012
1121013
1121014
1121015
1121016
1121017
1121018
1121019
1121020
1121021
1121022
1121023
1121024
1121025
1121026
1121027
1121028
1121029
1121030
1121032
1121033
1121034
1121035
1121085
1121086
1121087
1121088
1121089
1121090
1121091
1121092
1121093
1121094
1121096
1121097
1121098
1121099
1121100
1121101
1121102
1121103
1121104
1121106
1121107
1121108
1121109
1121110
1121111
1121112
1121113
1121114
1121115
1121116
1121117
1121118
1121120
1121121
1121122
1121123
1121124
1121125
1121126
1121127
1121128
1121129
1121130
1121131
1121132
1121255
1121256
1121259
1121262
1121264
1121266
1121267
1121268
1121269
1121270
1121271
1121272
1121274
1121275
1121278
1121279
1121280
1121283
1121284
1121285
1121286
1121287
1121288
1121289
1121290
1121291
1121293
1121295
1121296
1121298
1121301
1121302
1121303
1121305
1121306
1121307
1121308
1121310
1121315
1121316
1121318
1121319
1121320
1121321
1121322
1121323
1121324
1121325
1121326
1121328
1121331
1121333
1121334
1121335
1121336
1121337
1121338
1121339
1121340
1121342
1121345
1121346
1121347
1121348
1121349
1121351
1121352
1121353
1121354
1121355
1121356
1121357
1121360
1121361
1121362
1121363
1121364
1121365
1121366
1121367
1121368
1121369
1121370
1121372
1121373
1121374
1121375
1121377
1121378
1121379
1121380
1121381
1121382
1121383
1121385
1121386
1121387
1121388
1121389
1121390
1121391
1121392
1121393
1121394
1121395
1121396
1121398
1121399
1121400
1121402
1121403
1121404
1121405
1121406
1121409
1121411
1121413
1121416
1121419
1121420
1121421
1121422
1121423
1121424
1121425
1121426
1121428
1121429
1121430
1121431
1121432
1121433
1121434
1121435
1121436
1121438
1121439
1121440
1121441
1121442
1121443
1121444
1121445
1121447
1121448
1121449
1121451
1121453
1121455
1121456
1121457
1121459
1121462
1121464
1121467
1121468
1121472
1121476
1121477
1121479
1121480
1121481
1121482
1121483
1121485
1121721
1121859
1121860
1121861
1121862
1121864
1121865
1121866
1121867
1121868
1121869
1121870
1121871
1121874
1121875
1121877
1121878
1121879
1121880
1121881
1121883
1121884
1121886
1121887
1121888
1121889
1121890
1121891
1121894
1121895
1121896
1121897
1121898
1121899
1121901
1121902
1121903
1121904
1121909
1121910
1121911
1121912
1121914
1121915
1121917
1121918
1121919
1121920
1121921
1121922
1121923
1121924
1121925
1121926
1121927
1121928
1121929
1121930
1121931
1121932
1121933
1121934
1121935
1121936
1121937
1121938
1121939
1121940
1121941
1121942
1121943
1121945
1121946
1121947
1121948
1121949
1121950
1121952
1121953
1121954
1121955
1121957
1121959
1122124
1122125
1122128
1122129
1122130
1122131
1122132
1122133
1122134
1122135
1122136
1122137
1122138
1122139
1122140
1122142
1122143
1122146
1122147
1122148
1122149
1122150
1122151
1122152
1122153
1122154
1122155
1122156
1122157
1122158
1122159
1122160
1122161
1122162
1122163
1122164
1122165
1122167
1122169
1122170
1122171
1122172
1122173
1122174
1122175
1122176
1122177
1122179
1122180
1122181
1122182
1122183
1122184
1122185
1122188
1122189
1122190
1122191
1122192
1122194
1122195
1122197
1122198
1122200
1122201
1122202
1122203
1122204
1122206
1122207
1122208
1122209
1122211
1122212
1122213
1122214
1122215
1122216
1122217
1122218
1122219
1122221
1122223
1122224
1122225
1122226
1122228
1122229
1122230
1122233
1122236
1122237
1122238
1122239
1122240
1122241
1122243
1122244
1122245
1122247
1122248
1122249
1122252
1122261
112234
112248
1122599
1122600
1122601
1122602
1122603
1122604
1122605
1122607
1122608
1122609
1122610
1122611
1122612
1122613
1122614
1122615
1122616
1122617
1122618
1122619
1122620
1122621
1122622
1122623
1122915
1122916
1122917
1122918
1122919
1122920
1122921
1122922
1122923
1122924
1122925
1122926
1122927
1122928
1122929
1122930
1122933
1122934
1122935
1122936
1122938
1122939
1122940
1122946
1122947
1122949
1122951
1122953
1122954
1122955
1122956
1122957
1122959
1122960
1122961
1122962
1122963
1122967
1122970
1122971
1122972
1122973
1122974
1122975
1122976
1122977
1122978
1122979
1122980
1122981
1122982
1122983
1122984
1122985
1122986
1122987
1122988
1122989
1122990
1122991
1122992
1122993
1122994
1122995
1122997
1122998
1122999
1123000
1123001
1123003
1123008
1123009
1123010
1123011
1123012
1123013
1123014
1123015
1123016
1123020
1123021
1123023
1123024
1123025
1123027
1123029
1123030
1123032
1123033
1123034
1123035
1123036
1123037
1123042
1123043
1123052
1123053
1123054
1123055
1123057
1123058
1123059
1123060
1123062
1123065
1123069
1123070
1123071
1123072
1123073
1123075
1123077
1123078
1123226
1123227
1123228
1123229
1123230
1123231
1123233
1123234
1123235
1123236
1123237
1123239
1123240
1123241
1123242
1123243
1123244
1123245
1123247
1123248
1123249
1123250
1123251
1123252
1123253
1123255
1123256
1123257
1123258
1123261
1123262
1123263
1123265
1123267
1123268
1123269
1123270
1123271
1123272
1123274
1123275
1123276
1123277
1123278
1123279
1123281
1123282
1123284
1123285
1123286
1123288
1123289
1123290
1123291
1123294
1123296
1123298
1123299
1123300
1123301
1123302
1123303
1123304
1123305
1123306
1123307
1123308
1123309
112331
1123310
1123311
1123312
1123313
1123314
1123315
1123316
1123317
1123318
1123319
1123320
1123321
1123322
1123323
1123324
1123325
1123326
1123347
1123349
1123350
1123352
1123354
1123355
1123356
1123357
1123358
1123359
1123360
1123361
1123362
1123364
1123365
1123366
1123367
1123368
1123369
1123371
1123372
1123373
1123375
1123376
1123377
1123380
1123382
1123383
1123384
1123386
1123388
1123389
1123390
1123391
1123392
1123393
1123397
1123399
1123400
1123401
1123402
1123403
1123404
1123405
1123487
1123488
1123489
1123490
1123491
1123492
1123493
1123494
1123496
1123497
1123498
1123499
1123500
1123501
1123502
1123503
1123504
1123507
1123508
1123509
1123510
1123511
1123513
1123514
1123515
1123516
1123517
1123687
1123721
1123738
1123755
1123756
1123757
1123758
1123961
112413
1124188
1124239
1124626
1124743
1124744
1124761
1124780
1124835
1124983
1125411
1125699
1125700
1125725
1125747
1125779
1125847
1125863
1125876
1125966
1125967
1125971
1125972
1125975
1126234
1126236
1126237
1126238
1126240
1126241
1126242
1126245
1126833
1127672
1127673
1128108
1128111
1128113
1128398
1128664
1128665
1128667
1128670
1128671
1128675
1128676
1128677
1128679
1128680
1128682
1128912
1128970
112900
112901
112903
112904
1129133
1129264
1129374
1129547
1129793
1129794
1129897
1130046
1130080
1130722
1130723
1130726
1130819
113107
1131292
1131567
1131610
1131730
1131731
1132028
1132398
1132417
1132443
1132444
1132509
1132659
1132694
1132695
113287
113288
1133106
1133319
1133344
1133347
1133364
1133546
113355
1133559
1133569
1134406
1134413
1134435
1134445
1134510
1134687
1134781
1134912
113559
113560
113561
113562
113563
113564
113566
113567
113568
113569
113570
113571
1135990
1136073
1136497
113653
1136748
1136880
1136941
1137260
1137263
1137280
1137281
1137284
1137780
1137799
1137985
1137988
1137989
1137990
1137991
1137993
1137994
1138170
1138189
1138190
1138194
1138383
1138585
1138587
1138822
1138871
1139219
1139996
114
1140002
1140003
114090
1141106
1141221
1141647
1141657
1141660
1141662
1141874
1141878
1141883
1141884
1141887
1141889
1141890
1142134
1142239
1142394
114249
1143323
114404
1144275
1144278
1144280
1144316
1144477
1144478
1144547
1144548
1144553
1144617
1144618
1144680
1144682
1144748
1144750
1144873
1144883
1145106
114527
1145276
114528
114652
114686
114687
1146892
114698
114699
1147161
1148157
1148196
1148509
114880
114881
114883
114885
1149133
1149773
1149865
1150112
1150157
1150298
1150368
1150423
1150460
1150461
1150468
1150469
1150474
1150600
1150621
1150626
1150674
1151117
1151742
115336
115433
1154758
1155073
115545
1155476
115551
115553
1155689
1155722
1155944
1155954
1156355
1156395
1156431
1156576
1156618
1156985
1156986
1157490
1157498
115778
115783
1157986
1157987
1158459
115852
1158601
1158603
1158604
1158606
1158607
1158608
1158609
1158610
1158612
1158614
115862
1158993
1158996
1159016
1159017
1159213
1159327
1159491
1159496
1159554
1159560
1159613
1159752
1159753
115979
1160091
1160095
1160719
1160721
116085
1161099
1161202
1161401
116188
1161913
1161919
1162296
1162633
1162670
1162717
1162965
1162966
1162967
1162968
1162970
1162980
1163398
1163407
1163408
1163409
1163617
1163710
1163730
1163745
1163748
1164594
1164595
1165090
1165507
1165689
1165852
1165867
1165940
1166018
1166257
1166323
1166337
1166340
1166478
1166482
1166948
1166950
1167006
116718
1167628
1167637
1168034
1168035
1168039
1168067
1168082
1168171
1168286
1168289
116849
1168729
1168730
1169025
1169205
1169286
1169345
1169913
1170224
1170456
1171543
117157
1171596
1172190
1172194
1172368
1172614
1172615
1172618
1172621
1172626
1173020
1173027
1173082
1173107
1173111
1173502
1173582
1173584
1173585
1173586
1173614
1173618
1173684
1173995
1174501
1174504
117506
1175296
1175313
1175486
1175631
117567
117606
1176165
1176176
1176177
1176198
1176239
1176240
1176243
1176249
1176255
1176257
1176259
1176492
1176532
1176533
1176535
1176536
1176537
1176539
1176587
1176646
1176648
1176721
1177117
1177154
1177156
1177169
1177179
1177180
1177181
1177182
1177184
1177185
1177574
1177755
1177756
1177826
1177928
1177929
1177930
1177982
1178482
1178515
1178516
1178537
1178540
1178541
1178544
1178777
1178778
1178825
1179467
1179743
1179767
1179773
1179777
1179782
1179787
1179818
118005
118060
118126
1181271
118168
118173
1181879
1181883
1181884
1181885
1181886
1182444
1182451
1182568
1182597
1182970
1183410
1183413
1183438
1184151
1184153
1184251
1184252
1184267
1184607
1184609
1184706
1184720
1185412
1185415
1185650
1185653
1185766
1185767
1185843
1185876
1185920
1186196
1187080
1187081
1187852
1187855
1188229
1188246
1188247
1188249
1188250
1188254
1188256
1188261
1188319
1188745
1189126
1189310
1189325
1189612
1189613
1189619
1189621
118967
119000
1190415
1190417
1190508
1190813
1191460
1191523
1191678
1191699
1191734
1192023
119206
119224
1192854
1192864
1193011
1193069
1193095
1193105
1193142
1193181
1193278
1193282
1193502
1193518
1193620
1193621
1193627
1193682
1193713
1194079
1194083
1194090
1194167
1194168
1194208
1194418
1194427
1195236
1195246
1195760
1195761
1195763
1196019
119602
1196020
1196024
1196056
1196094
1196095
1196324
1196353
119641
1196653
1196662
1197127
1197174
1197325
1197477
1197717
1197861
1197874
1197906
1197950
1198114
1198245
1198295
1198296
1198298
1198300
1198301
1198324
1198449
1198456
119856
119863
119912
1199156
119978
119981
1200281
1200284
1200352
120044
1200993
1201031
120107
1201293
1201294
120213
1202450
1202712
1202716
1202724
1202767
1202768
1202785
1202962
120298
1203190
1203389
1203393
1203608
1203610
1203611
120370
120377
1204385
1204414
1204512
1204719
1204738
1205680
1205681
1205683
1206085
1206103
1206336
1206720
1206721
1206722
1206723
1206724
1206725
1206726
1206727
1206728
1206729
1206730
1206731
1206732
1206733
1206734
1206735
1206736
1206737
1206739
1206740
1206741
1206742
1206743
1206744
1206753
1206781
120681
1206816
1206817
1206892
1206997
1207056
1207057
1207063
1207504
1208188
1208313
1208314
1208321
1208324
1208583
1208599
1208607
120956
120957
120959
120963
1209778
1209948
1209954
1209958
1209984
1209989
1210006
1210046
1210061
1210062
1210063
1210064
1210065
1210066
1210067
1210068
1210069
1210070
1210071
1210073
1210074
1210075
1210076
1210077
1210078
1210079
1210080
1210081
1210082
1210083
1210084
1210085
1210086
1210087
1210088
1210089
1210090
1210091
1210092
1210093
1210094
1210095
1210096
1210097
1210098
1210099
1210100
1210101
1210400
1210524
1210908
1210932
1211035
1211322
1211323
1211326
1211383
1211579
1211806
1211807
1211813
1211817
1211819
1212489
1212491
1212764
121290
121291
121292
1213358
1213861
1214066
1214071
1214077
1214101
1214102
1214117
121428
1214604
1214787
1214925
1214928
1215031
1215032
1215089
1215092
1215093
1215094
1215095
1215096
1215097
1215098
1215099
1215100
1215101
1215102
1215103
1215104
1215105
1215106
1215107
1215108
1215109
1215110
1215111
1215112
1215113
1215114
1215115
1215116
1215118
1215343
1215385
1215918
1215925
1216006
1216062
121616
121620
1216297
1216362
1216932
1216966
1216967
1216968
1216969
1216970
1216972
1216973
1216974
1216975
1216976
1216977
1216978
1216979
1216980
1216982
121719
1217282
121734
121735
1217420
1217648
1217655
1217657
1217659
1217663
1217664
1217666
1217670
1217676
1217714
1217715
1217799
1217969
1217970
1217988
1218072
1218074
1218075
1218076
1218077
1218078
1218079
1218080
1218081
1218083
1218084
1218085
1218086
1218087
1218088
1218090
1218091
1218092
1218093
1218094
1218095
1218096
1218097
1218098
1218100
1218101
1218102
1218103
1218104
1218105
1218107
1218108
1218109
1218110
1218111
1218112
1218113
1218114
1218115
1218129
1218173
121821
1218492
1218493
1218495
1218506
1218507
1218508
1218565
1218591
1218599
121872
1218801
1219011
1219012
1219013
1219014
1219015
1219016
1219017
1219019
1219020
1219023
1219024
1219025
1219026
1219027
1219028
1219029
1219030
1219031
1219032
1219033
1219034
1219035
1219036
1219037
1219038
1219039
1219040
1219041
1219042
1219043
1219044
1219045
1219046
1219048
1219049
1219050
1219051
1219052
1219053
1219054
1219055
1219057
1219058
1219060
1219061
1219062
1219064
1219065
1219066
1219067
1219068
1219069
1219070
1219071
1219072
1219074
1219076
1219077
1219078
1219080
1219085
1219257
1219356
1219359
1219360
1219361
1219362
1219375
122
1220023
1220182
1220491
1220495
1220553
1220554
1220556
1220557
1220558
1220559
1220560
1220561
1220562
1220563
1220564
1220565
1220566
1220567
1220568
1220570
1220571
1220572
1220573
1220574
1220575
1220576
1220577
1220578
1220579
1220581
1220583
1220584
1220585
1220586
1220587
1220588
1220589
1220590
1220591
1220593
1220594
1220595
1220596
1220600
1221450
1221500
1221996
1222016
1223317
1223410
1223489
1223492
1223493
1223494
1223495
1223496
1223498
1223499
1223501
1223502
1223503
1223504
1223505
1223506
1223507
1223508
1223509
1223511
1223512
1223513
1223515
1223517
1223518
1223520
1223521
1223522
1223523
1223524
1223525
1223526
1223527
1223528
1223529
1223531
1223534
1223536
1223540
1223541
1223542
1223543
1223544
1223545
1223546
1223547
1223548
1223549
122355
1223568
1223569
1223572
1223573
1223574
122358
1223802
1224150
1224162
1224163
1224164
1224302
1224513
1224632
1224742
1224743
1224744
1224748
1224947
1225127
1225128
1225176
1225564
1225769
1225786
1226285
1226301
1226327
1226750
1226751
1226752
1226757
1226758
1226968
1227452
1227453
1227454
1227455
1227456
1227457
1227458
1227459
1227461
1227465
1227466
1227467
1227468
1227482
1227483
1227484
1227485
1227486
1227487
1227488
1227490
1227491
1227492
1227493
1227494
1227495
1227496
1227497
1227498
1227499
1227500
1227546
1227549
1227550
1227551
1227553
1227739
1227812
1227945
1227949
1227950
1229152
1229153
1229154
1229156
1229164
1229165
1229268
1229276
1229281
1229493
1229494
1229521
1229621
1229659
1229726
1229727
1229831
1230341
1230389
1230451
1230452
1230453
1230454
1230455
1230456
1230457
1230458
1230459
1230460
1230528
1230530
1230532
1230533
1230631
1230953
1231063
1231134
1231185
1231190
1231336
1231342
1231350
1231351
1231352
1231353
1231357
1231392
1231623
1231624
123214
1232220
1232427
1232428
1232429
1232430
1232431
1232436
1232575
1232681
1232683
1232866
1233081
1233113
1233114
1233171
123320
1233411
1233460
1234143
1234144
1234381
1234382
1234409
1234544
1234595
1234671
1234672
1234680
1234841
1234842
1235259
1235279
1235441
1235557
1235558
1235591
1235755
1235794
1235809
1235811
1235814
1235815
1235834
1236046
1236180
1236215
1236220
1236483
1236486
1236494
1236497
1236498
1236500
1236501
1236502
1236503
1236504
1236508
1236509
1236512
1236513
1236514
1236515
1236516
1236517
1236518
1236520
1236523
1236525
1236526
1236528
1236535
1236540
1236541
1236542
1236543
1236544
1236548
1236609
1236689
1236770
1236902
1236944
1236954
1236956
1236958
1236959
1236960
1236962
1236966
1236968
1236970
1236971
1236973
1236975
1236976
1236978
1236979
1236989
1237077
1237094
1237149
1237500
123812
1238180
1238182
1238184
1238186
1238190
123824
123899
1239396
1239962
1240404
1240727
1241337
1241616
1241761
1241978
1241979
1241981
1241982
1242148
1242174
1242247
1242253
1242689
1242864
1242999
1243002
1243014
1243662
1243664
1244108
1244531
1244869
1245
1245417
1245436
1245441
1245458
1245469
1245472
1245473
1245475
1245522
1245525
1245910
1246
1246444
1246445
1246448
1246460
1246461
1246474
1246475
1246485
1246530
1246864
1246994
1246995
1247510
1247513
1247514
1247520
1247562
1247613
1247649
1247726
1247867
1247936
1247960
1247963
124798
1249
1249101
1249483
1249552
1249553
1249555
1249627
1250539
1251
1252
125288
1254
1254399
1255
1255043
1255251
1255257
1255263
1255277
1255278
1255616
1255617
1255625
1255656
1255705
1256513
1256514
1256908
1257025
1257026
1257041
1258
1258546
1258574
1258888
1258893
1259133
1259145
1259150
1259157
1259164
1259175
1259183
1259184
1259189
1259190
1259197
1259198
1259199
1259201
1259202
1259217
1259228
1259235
1259236
1259239
1259247
1259258
1259262
1259324
1259331
1259338
1259339
1259464
1259555
1259676
1259731
1259795
1259812
1259973
1260
1260251
1260629
1260918
1260928
1260955
1260984
1260987
1261
1261393
1261403
1261545
126156
126157
1261621
1262400
1262449
1262470
1262550
1262554
1262583
1262636
126333
1263550
1263636
1263637
126385
1263865
1263867
1263870
1264554
1264579
1264899
1265310
1265311
1265312
1265313
1265445
1265502
1265503
1265504
1265505
1265507
1265685
1265738
1265740
1265816
1265817
1265818
1265819
1265820
1265827
1265845
1265846
1265861
1265868
1265931
1265935
1266046
1266052
1266370
1266600
1266720
126673
1266771
1266772
1266829
1266845
1266923
1266925
1266996
1266997
1266998
1267
1267001
1267002
1267003
1267004
1267005
1267006
1267021
1267156
1267217
126734
1267423
1267424
1267444
1267545
1267564
1267766
1267768
1267769
1268041
1268042
1268043
1268072
1268236
1268237
1268269
1268273
1268548
1268553
1268635
1268671
1269942
1270
1271860
1272
1272518
1272910
1273
1273429
1273442
1273540
1273541
1274
1274353
1274356
1274357
1274358
1274359
1274374
1274384
1274402
127458
1274631
1274803
1274986
1274988
1275
1276
1276110
1276218
1276219
1276220
1276221
1276227
1276229
1276246
1276257
1276258
1276259
1276547
1276757
1276888
1276920
1276936
1277351
1278073
1278207
1278212
1278232
1278244
1278298
1278299
1278302
1278304
1278306
1278307
1278308
1278309
1278311
1278312
127891
1279009
1279015
1279016
1279017
1279018
1279019
1279038
1280
1280004
1280370
1280376
1280390
1280514
1280598
1280637
1280706
1280843
1280846
1280847
1280941
1280946
1280947
1280948
1280949
1280950
1280951
1280952
1280953
1280954
1281
128104
1281127
1281486
1281767
1281780
1282
1282440
1282664
1282736
1282737
1282858
1282863
1282883
1282887
1283
1283279
1283284
1283300
1283301
1283306
1284
128403
1284240
1285191
1285192
1285193
1285242
1285465
1285583
128574
1285901
1285928
1285929
1286
1286106
1286148
1286171
1286180
1286181
1286186
1286189
1286190
1286362
1286528
1286631
1286635
1286698
1286820
1286938
1287055
1287068
1287690
1287720
1287727
1287735
1287736
1287737
1287738
128780
128785
1287877
1287878
1288
1288121
1288298
1288393
1288410
1288484
1288494
1288495
1288636
1288826
1289167
1289170
128944
128945
1289519
1290
1290095
1290428
1290553
1291048
1291050
1291052
1291351
129140
12915
1291540
1291555
1291556
12917
1291734
1291742
1291743
1291764
1292
1292027
1292030
1292031
1292036
1292037
1292134
1293
1293032
1293036
1293037
1293040
1293041
1293042
1293045
1293047
1293048
1293052
1293054
129338
1293412
1293439
1293440
1293441
1293442
1293573
1293586
1293587
1293588
1293591
1293592
1293597
1293598
1293599
1293823
1293826
1293890
1293891
129394
1294
1294020
1294021
1294022
1294023
1294024
1294025
1294259
1294260
1294261
1294262
1294263
1294264
1294265
1294267
1294268
1294270
1294273
1294293
1294296
1294297
1294299
1295
1295120
1295126
1295128
1295135
1295136
1295366
1295373
1295382
1295392
1295565
1295612
129578
1295827
1296
1296375
1296415
1296416
1296536
1296537
1296538
1296539
1296540
1296565
1296669
1297121
1297424
1297569
1297617
1297742
1297750
1297793
1297794
1297857
129789
129817
129847
1298593
1298594
1298595
1298596
1298597
1298598
1298604
1298605
1298606
1298735
1298767
1298851
1298857
1298959
1299
1299341
129961
129975
129985
1299998
1300035
1300039
1300159
1300163
1300164
1300165
1300267
1300272
1300275
1300283
1300294
1300302
1300307
1300310
1300341
1300342
1300343
1300344
1300345
1300346
1300347
1300348
1300349
1300350
1301026
1301098
1301100
1301915
1302
1302235
1302236
1302250
1302272
1302351
1302352
1302659
1302685
1302687
1302689
1302690
1302723
1302730
1302863
1303
13035
1303518
1303579
1303590
1303677
1303679
1303681
1303683
1303685
1303689
1303690
1303692
1303817
1304
1304272
1304273
1304281
1304284
1304750
1304799
1304874
1304875
1304881
1304884
1304885
1304886
1304888
1305
1305617
1305618
1305626
1305674
1305675
1305843
1305855
1305865
1306154
1306174
1306175
1306176
1306179
1306180
1306181
1306182
1306518
1306519
1306534
1306852
1306933
1306990
1306991
1306992
1306993
1307
1307414
1307448
1307449
1307450
1307453
1307454
1307457
13076
1307759
1307761
1307763
1307839
1307853
130788
1307903
1307904
1307906
1307907
1307908
1307910
1307912
1307913
1307915
1307917
1307919
1307920
1307921
1307923
1307925
1307926
1307927
1307928
1307929
1307930
1307931
1307932
1307935
1307937
1307939
1307940
1307941
1307942
1307943
1307944
1307947
1307948
1307949
1307950
1307951
1307955
130796
1308
1308866
1308924
1308978
1309
1309407
1309411
1309795
1310
1310165
1310168
1310416
1310417
1310418
1310421
131080
1311
131109
131112
1311774
1312182
1312183
1312184
1312234
1312363
1312364
1312369
1312852
1312905
1313
1313171
1313172
131318
1313294
1313296
1313301
1313303
1313304
1314
1314748
1314749
1314751
1314752
1314753
1314754
1314866
1314867
1314868
1314869
1315211
1315271
1315273
1315275
1315277
1315279
1315280
1315281
1315282
1315283
1315306
13160
1316679
1316803
1316931
1317
1317117
1317121
1317122
1317124
1317125
1318
1318466
1318628
1318743
1319510
1319815
1321365
1321368
1321606
1321608
1321609
1321610
1321611
1321815
1321820
1322246
132249
1323
1323230
1323361
1323370
1323375
1323422
1323432
1323663
1323731
1323734
1323738
1323740
1323742
1323744
1323745
1323746
1323749
1323750
1323948
1324013
1324217
13243
1324314
1324350
1324351
1324352
1324617
132473
132474
132476
1324766
1324796
1324801
1324851
1324864
1324934
1324935
1324945
1324956
1324957
1324960
1325090
1325095
1325107
1325115
1325118
1325125
1325335
1325358
1325360
1325435
1325436
1325689
1325931
1325932
1325933
1325934
1325935
1326
1326968
1327343
13276
1327635
1327750
1327752
1327753
1328
1328770
1328865
1328866
1328867
1328868
1328930
1329
132919
132920
132925
1329250
132926
1329262
132932
1329370
1329411
1329516
1329796
1329800
1329909
1330072
1330330
1330458
1330551
1330700
1331007
1331060
1331258
1331668
1331682
1331689
1331910
1331911
1332263
1332264
1332631
133270
1332824
1333
1333534
1333651
1333660
1333662
1333667
1333845
1333858
1333860
1333861
1333996
1333998
1334
1334022
1334046
1334262
133448
1334628
1335
1335043
1335048
1335061
1335062
1335309
133532
133534
133535
133549
1335613
1335616
1335619
1335622
1335724
1335757
1335760
1335967
1336
1336204
1336208
1336232
1336233
1336234
1336235
1336236
1336237
1336238
1336240
1336241
1336242
1336243
1336244
1336245
1336246
1336247
1336250
1336740
1336745
1336748
1336749
1336806
1337
1337051
1337093
1337094
13373
1337860
1337874
1337886
1338
1338368
1338420
1338426
1338436
1338687
1339
1339210
1340
134034
1340425
1340493
1340531
1341
1341154
1341155
1341181
1341549
1341552
1341646
1341679
1341683
1341689
1341692
1341695
1341696
1342299
1342301
1342302
1342794
1342818
1343
1343102
1343103
1343159
1343160
1343739
1343740
1343891
1343895
1343896
1343899
1344003
1344948
1344949
1344950
1344951
1345
1345023
134533
134534
134536
134537
1345695
134601
134602
1346286
1346290
1346330
1346611
1346614
1346791
1347087
1347342
1347366
1347368
1347369
1347393
1347788
1347891
1347902
1347903
1348
1348058
1348114
1348245
1348253
1348272
1348429
1348467
1348468
1348469
1348471
1348472
134849
1348613
1348623
1348624
1348625
1348626
1348627
1348628
1348630
1348632
1348633
1348634
1348635
1348637
1348638
1348654
1348655
1348656
1348657
1348662
1348663
134874
134875
1348774
1348778
1348852
1348853
1349
1349415
1349416
1349421
1349425
1349432
134959
134964
1349749
1349750
1349751
1349752
1349753
1349754
1349756
1349757
1349758
1349759
1349761
1349762
1349763
1349764
1349765
1349766
1349767
1349768
1349773
1349775
1349776
1349777
1349778
1349779
1349780
1349781
1349782
1349783
1349784
1349785
1349786
1349787
1349788
1349790
1349791
1349792
1349794
1349822
134984
1350067
1350429
135079
1351
1352
1352223
1352348
1352928
1352941
1353
1353158
1353276
1353528
1353532
1353536
1353537
1353775
1353778
1353886
1353888
1353889
1353890
1353891
1353941
1354
1354027
1354251
1354252
1354253
1354255
1354260
1354262
1354263
1354264
1354267
1354268
1354271
1354272
1354275
1354300
1354303
1354337
135461
1354726
135487
1355015
135517
1355330
1355374
1355477
1355755
1355887
1355892
1356
135626
1356575
1356854
135719
135735
135739
135740
1357400
1357496
1358
1358026
135826
1358420
1358421
1358423
1359
1359162
1359168
1359185
135947
135948
135950
1360
136093
136273
136274
1363
1364
136468
1364933
1364935
1364937
1364940
1364945
1365
1365176
1365188
1365250
13656
1365606
1365611
1365628
1365647
1365648
1365796
1365924
1365950
1366
1366047
1366656
1367380
1367451
1367462
1367847
1367849
1367852
1367881
1367882
1367973
1368415
1368417
1368418
1368425
1368430
136857
13689
13690
136996
1370122
1371
13725
137265
137266
137267
1373
1374
137545
137584
137591
1376
137658
1377
137732
137733
137778
1377993
1378072
1378093
1378299
137838
1379
1379154
1379159
1379258
1379270
1379680
1379734
1379870
1379903
1379910
137993
1380048
1380157
1380430
1380600
1380675
1380684
1380685
138074
1380763
1381
1381080
1381081
1381557
1381558
1382306
1382356
1382359
1382456
1382458
1382466
1382798
1382801
1382802
1382803
1383
138300
1383030
1383067
138336
1383812
1383816
1383844
1383851
1383882
1383885
1384038
1384049
1384054
1384056
1384057
1384459
1384484
1384487
1384509
1384589
138532
1385368
1385369
1385420
1385510
1385511
1385512
1385513
1385514
1385515
1385517
1385518
1385519
1385520
1385521
1385591
1385699
1385715
1385975
1386082
1386089
1386092
1387165
1387166
1387174
1387275
1387277
1387281
1387282
1387297
1387313
1387353
1387555
1387557
1387568
1387569
1387713
1387716
1387779
1387834
1387849
1387883
1387982
138851
1388748
1388752
1388753
1388761
1389020
1389218
1389223
1389489
1389713
1389922
1389932
1389935
139
1390
139021
1390224
1390249
1390358
1391222
1391627
1391653
1391654
1391729
1391910
1391911
1392
139207
139208
1392498
1392540
1392640
1392641
1392758
1392775
1392877
1393
1393049
1393051
1393054
1393122
139438
1395169
1395513
1395571
1395890
1395944
1395951
1395958
1395960
1396
1396505
1396819
1396821
1396826
1396831
1397108
1397109
1397112
1397264
1397368
1397476
1397477
1397668
1397690
1397693
1397694
1397696
1397697
1397699
1397700
1397702
1398493
1398745
1398908
1399
1399419
1399794
1399795
1399796
1399797
1399798
1399968
1400001
1400387
1400522
140057
140058
1400979
1401079
1401087
1401441
1401690
1401995
1402
1402135
1402860
1402861
140314
1403339
1403343
1403346
1403347
1403537
1403566
1404
1404245
1404341
1404360
1404367
1404411
1404768
1404864
1405
1405120
1406
1406225
1406840
1406873
1406906
1407499
1408
1408103
1408159
1408160
1408189
1408204
1408250
1408281
1408282
1408318
1408360
1408415
1408416
1408417
1408418
1408419
1408420
1408422
1408424
1408425
1408428
1408429
1408430
1408433
1408435
1408437
1408438
1408439
1408440
1408441
1408442
1408444
1408445
1408446
1408447
1408448
1408449
1408452
1408453
1408454
1408455
1408456
1408457
1408458
1408459
1408461
1408462
1408463
1408464
1408465
1408466
1408467
1408468
1408469
1408471
1408472
1408473
1408475
1408476
1408477
1408478
1408545
140892
1409788
1410605
1410645
1410646
1410647
1410651
1410653
1410657
1410664
1410665
1410668
1410674
1411
1411117
1411118
1411120
1411121
1411122
1411141
1411620
1411621
1411902
1413187
1413210
1413211
1413215
1413221
141349
141389
141390
141451
1414648
1414654
1414719
1414720
1414721
1414722
1414727
1414851
1415402
1415773
1415777
1415778
1415779
1415780
1415781
1415784
1416533
1416627
1416776
1416778
1416779
1416875
1416876
1416877
141693
1416943
1417229
1417629
1417980
1418
1418234
1419263
1419277
1419482
141949
1419723
1420583
1420587
1420851
1420889
1420891
1420899
1420916
1420917
1421
1421019
1421430
1423
1423144
1423686
1423714
1423715
1423716
1423717
1423718
1423719
1423720
1423721
1423722
1423723
1423724
1423725
1423726
1423727
1423728
1423729
1423730
1423731
1423732
1423733
1423734
1423735
1423736
1423737
1423738
1423739
1423740
1423742
1423743
1423744
1423745
1423746
1423747
1423748
1423749
1423750
1423751
1423752
1423753
1423754
1423755
1423757
1423758
1423759
1423760
1423761
1423762
1423763
1423764
1423765
1423766
1423767
1423768
1423769
1423770
1423771
1423772
1423773
1423774
1423775
1423776
1423777
1423778
1423779
1423780
1423781
1423782
1423783
1423784
1423785
1423786
1423788
1423789
1423790
1423791
1423792
1423794
1423795
1423796
1423797
1423798
1423799
1423800
1423801
1423802
1423803
1423804
1423805
1423806
1423807
1423808
1423809
1423810
1423811
1423812
1423813
1423814
1423815
1423816
1423817
1423818
1423819
1423820
1423821
1423822
1423823
1423824
1423827
1423828
1423831
1423833
1423892
1423959
1424080
1424081
1424203
1424294
1424653
1424659
1424661
142588
1426
142649
142650
142651
1427151
1427518
1427523
1427535
1427538
1427754
1427984
1428
142842
1428620
1428626
1428628
1428644
1428652
1428657
1429043
1429076
1429082
1429083
1429085
1429246
1429914
1429915
1430326
1430331
1430440
1430898
1431246
1431249
1431282
1431344
1431546
1431848
1431962
1432009
1432052
143223
143224
1432562
1432564
1432656
1432788
1432792
1433147
1433403
1433513
1433523
143387
1434066
1434071
1434072
1434108
1434110
1434113
1434120
1434123
1434191
1434232
1434255
1434325
1434326
1434700
1434701
1434707
1434724
1434730
1434752
1434821
1434886
143495
1435036
1435051
1435069
1435342
1435347
1435348
1435349
1435463
1435464
1435465
1435466
1435645
1436010
1436120
1436122
1436133
1436798
1436961
1436965
1437009
1437059
1437280
1437324
1437360
1437425
1437434
1437449
1437453
1437523
1437594
1437595
1437597
1437599
1437600
1437601
1437602
1437603
1437605
1437606
1437607
1437608
1437609
1437610
1437611
1437612
1437816
1437874
1437875
1437877
1437878
1437881
1439726
1439888
1439938
144
1440053
144022
144026
144055
1440762
1440763
1440766
1440774
1441095
1441386
1441626
1441723
144177
144178
144183
144184
144185
1441873
1441875
1441876
144191
1441930
1442032
1442366
1442381
1442385
1442586
1442587
1442595
1442598
1442599
1443036
1443111
1443112
1443141
1443279
1443434
1443435
1443441
1443665
1443941
1444306
1444684
1444770
1444977
1445034
144549
144550
1445510
1445607
1445613
1445614
1445656
1445657
1445661
1445662
1446473
1446475
1446476
1446477
1446479
1447062
1447781
1447782
1448059
1448132
1448135
1448136
1448266
1448267
1448271
1448389
1448857
1448860
1448929
1449080
1449335
1449336
1449337
1449338
1449339
1449340
1449341
1449342
1449343
1449345
1449346
1449347
1449349
1449350
1449351
1449352
1449353
1449355
1449798
1449799
1449801
1449976
1449978
1449981
1449982
1450
1450134
1450148
1450156
1450204
1450518
1450525
1450526
1450648
1450649
1451
1451189
1451356
1451357
1451454
1452
1452450
1452487
1452508
1452538
145261
145262
145263
1452724
1452732
1452751
145285
1453103
1453497
1453498
1453505
1453541
1453545
1453587
1453760
145391
145393
1454006
1454007
1454201
1454373
145458
145483
1455
1455569
1455608
1455609
1456
1456591
1456769
1457
1457016
1457020
1457217
1457219
1457232
1457233
1457234
1457250
1457311
1457365
1457523
1458122
1458253
1458307
1458355
1458358
1458425
1458426
1458427
1458439
145854
145857
1458930
1459
1459942
145996
146017
146018
146020
146021
1460226
146035
1460371
1460372
1460447
1460450
1460676
1460882
1460968
1461
1461000
1461025
1461247
1461250
1461259
1461260
1461261
1461322
1461337
1461338
1461580
1461581
1461582
1461693
1461694
1462440
1462527
1462575
1462615
1462919
1462938
1462993
1462994
1462995
1462996
1462998
1462999
1463158
1463164
1463165
1463404
1463597
1463598
1463599
1463631
1463632
1463979
1464
1464011
1464038
1464122
146474
146475
146476
146536
146537
1465486
1465490
1465501
1465502
1467
1468
146802
146806
146817
1468178
146820
146827
1468590
1469144
1469162
1469170
146919
146922
146923
146939
146940
1469428
1469557
1469603
1469647
1469948
1470066
1470067
1470176
1470178
1470180
1470200
1470261
1470345
1470433
1470434
1470456
147047
1470560
1470561
1470562
1470563
1471381
1471400
1471590
1471761
1472040
147206
1472378
1472416
1472417
147248
1472640
1472722
1472723
1472724
1472767
1473
1473112
1473156
1473580
1473586
1473598
147375
1474
1474952
1475481
1475483
1475485
147577
1475951
1476025
147645
1476462
1476463
1476464
1476465
1476466
1476583
1476748
1476858
1476871
1476959
1476996
1477018
1477021
1477105
1477437
1477506
1477517
1478153
1478199
1478215
1478221
147825
1479
1479233
1479486
1479511
1479524
1480615
1480675
1480694
1481457
1481663
1481665
1481893
1481894
1481905
1481914
1481923
1482074
1482676
1482717
1482730
1482731
1482732
1482736
1482737
1483604
1484
1484053
1484056
1484109
1484116
1484460
148448
148449
1484693
1485203
1485204
1485217
1485545
1485585
1485586
1485588
1486034
148604
1486262
1486859
1487726
1487859
1487865
1487935
1488331
1488406
1489064
148942
1490
1490030
1490041
149015
149016
149017
1490222
1490288
1490290
1491
1491830
1492
1492737
1492738
1492769
1492771
1492898
1492901
1492905
1493691
1494
1494078
1494429
1494448
1494461
1494462
1494590
1494606
1494959
1495050
1495066
1495200
1495645
1495965
1496
1496080
1496690
149696
1496996
1497
1497020
1497396
1497615
1497618
1497681
1498
1498499
1499308
1499314
1499679
1499685
1499686
1499687
1499688
1499973
150
1500077
150025
1500254
150026
150033
1500506
150052
150053
1500538
1500549
150055
150056
1500890
150120
150121
150122
150123
1501230
1501239
1501240
1501356
1501392
1501432
150146
1501662
150177
1502
1502156
1502358
150240
150248
1502841
1502842
1502943
1503
1503041
1503053
1503054
1503055
150340
1503750
1503925
1503961
1503981
1504
1504265
1505
1505036
1505037
1505087
1505588
1505723
1505725
1505726
1505727
1505757
1505907
1506471
1506587
1506996
150723
1507287
1507289
1507331
1507448
1507449
1507512
1507734
1507735
1507808
150831
1508312
150832
1508375
1508389
1508390
1508404
1508506
1508507
1508770
1508805
1508806
1509
1509237
1509367
1509405
1510150
1510163
1510225
1510276
1510455
1510457
1510458
1510459
1510460
1510570
1510573
1510574
151081
1510841
1511
1511761
1513
1513270
1513271
1513468
1513592
1513793
1513890
1513892
1513896
1513897
1513898
1514080
1514105
151416
151419
151454
1514904
1514948
1514971
1515439
1515593
1515595
1515612
1515666
1515746
1516104
1516126
1516159
1517416
1517589
1517702
1517758
1517760
1517766
151781
151783
151784
1518501
151894
1519096
1519374
1519643
1520
152007
1520277
1520583
1520670
1520836
1520892
1520893
1521118
152141
152142
1521533
1521930
1521931
1522
1522002
1522057
1522174
1522175
1522308
1522309
1522310
1522315
1522317
1522318
1522368
152263
152268
152297
1523160
152331
152332
1523392
1523623
1524084
1524095
1524096
1524097
1524254
1524255
1524258
1524259
1524260
1524263
1524264
1524460
152490
1524924
1524974
1525
152500
1525360
1525362
152573
1526
1526114
1526162
1526412
1526413
1526551
1526570
1526571
1526572
1526573
1526574
1526575
1526658
1527
1527293
1527607
1527608
1528
1528099
1528106
1528868
1528880
1529
1529041
1529066
1529067
1529068
1529637
1529638
1529639
1530
1530042
1530045
1530123
1530186
1530191
1530195
1531
1531429
1531955
1532023
1532350
1532552
153266
153267
1533
153376
1534348
1534349
1534743
153491
153493
153494
153496
1535204
1535208
1535242
1535245
1535768
1536
153622
1536641
1536648
1536900
1536901
1537
1537158
1537215
1537242
153730
153731
1537363
1537369
1537376
1537377
1537398
1537400
1537524
1537566
1537567
1537568
1537679
1537710
1538021
1538023
1538102
1538103
1538144
1538146
1538159
1538463
1538553
1539
1539049
1539050
1539051
1539056
153971
1540
1540163
154046
1540520
1541
1541063
154108
154117
1541170
1541174
1541440
1542
1542388
1542390
1542435
1542730
1542737
154288
1542911
1542925
1543
1543375
1543381
1543721
1543852
1543965
1544
1544413
1544416
1544455
1544694
1544695
1544696
1544718
1544719
1544730
1544732
1544735
1544736
1544741
1544746
1544798
1544861
1544867
1545044
1546107
154621
154654
1547
1547283
1547447
1547448
1547515
1547597
1547892
1547897
1547898
1547922
1548
1548018
1548207
1548208
1548213
1548455
1548456
1548457
1548547
1548548
1548597
1548599
1548602
1548749
1548890
1549636
1549638
1549639
1549640
1549641
1549647
1549648
1549748
154981
1549850
1549854
1549855
1549858
1549888
1549949
1550
1550024
1550231
1550241
1550385
155042
1550565
1550566
1550579
1550616
1550617
1550728
1550733
1550736
155085
1550907
155177
155192
155194
155197
1552123
1552750
1552759
1552990
1553
155321
155322
1553429
1553431
1553448
1555112
1555194
155615
155617
155618
155680
155865
155866
155892
1559
155974
155976
1559896
156
1560005
1560006
1560201
1560234
1560345
1561
1561005
1561924
156202
156203
156205
1562106
1562110
1562124
1562132
1562308
1562389
1562603
1562651
1562698
1562887
1562974
1563157
1563222
1563479
1563671
1563681
1563703
1564138
1564158
1564159
1564160
1564161
1564162
1564163
1564164
1564165
1564487
1564516
156453
156457
1564956
1565034
1565035
1565040
1565415
1565536
1565605
1566026
1566352
1566387
1566827
1567106
1567107
1567108
156889
156892
1569211
1569283
156976
156978
156979
1569794
156980
156981
156994
1570016
157076
1571184
1571185
1571201
1571202
1571207
1571209
1571224
1571481
157225
157227
1572581
1572644
1572645
1572659
1572660
1572751
1572761
1572762
1572858
1572859
1573172
157339
1574161
1574488
1574624
157463
157465
157592
1576369
157687
1576874
157688
157691
1576911
1576914
157692
1577442
1577474
1577686
1577687
1577690
1577780
157779
1577791
1577792
1577887
1578017
1578165
1578198
1578200
157838
1578720
1579
1579316
1579333
1579424
1579979
158
1580
1580092
1580596
1581
1581193
1581411
1581420
1581472
1581705
158189
158190
1582259
1582270
1582356
1582364
1582439
1583
1583098
1583331
158484
1585
158500
1585697
1585974
1585982
1586232
1586233
1586242
1586267
158627
1586287
1586750
1587
1587527
1588
158822
158823
158836
158841
158847
158849
158850
1588641
1588644
1588748
158877
158890
158891
158892
158897
158898
158899
1589
159
1590
1590614
1590643
1590651
1590652
1591085
1591087
1591088
1591122
1591408
1591409
1592106
1592317
1592324
1592631
1592790
159290
159291
159292
159450
1596
159612
159723
1597977
1598147
159836
1599
160
1601833
1602
1602169
1602942
1602943
1603
1603258
1603353
1603606
1603886
160396
1604004
1604334
1604335
160434
1604349
1604354
160453
160454
1604774
160487
1604897
1604901
1604902
1605367
1605838
1605891
1605892
1605990
1606
160660
160687
160689
160699
1607685
1607738
1607837
1607949
1607951
1607954
160799
160825
160826
1608400
1608407
1608422
1608465
1608583
1608614
1608710
1608942
1608957
1608994
1608996
1609272
1609531
1609559
1609977
1610489
1610490
1610491
1610492
1610493
1610527
1610840
1610899
1611323
161156
1611812
1611836
1612
1612149
1612150
1612173
1612202
1612203
1612308
1612435
1612552
1612624
1613
161354
161355
161358
161398
1614
1614635
1614636
1614693
161482
161536
1615586
1615673
1615674
1615681
1615952
1616
1616106
1616107
1616110
1616117
1616125
1616783
1616784
1616787
1616788
1617086
1617087
1617282
1617283
1617889
1618
1618023
1618207
161879
161895
161896
161899
161920
1619234
1619308
1619309
1619310
1619311
162
1620
1620215
1620385
1620405
162169
162170
1621988
1622
1622072
1622073
1622075
162209
1622118
1622177
1623
1623218
1623398
1623582
162393
1624
162426
162496
1625
1627892
1627894
1627895
1628085
1628086
1628148
1628157
1628158
1628248
1628250
1628277
1629
1629051
1629062
1629071
1629072
1629124
1629404
1629550
163003
163011
1630135
1630136
1630162
1630166
1630172
1630173
1630594
1631
1631240
1631346
1631356
1631477
1631573
1631743
1631871
1631957
1631968
1632018
1632019
1632025
1632740
1632858
1632866
1632867
1633135
1633335
1633495
163359
163361
1633874
1634444
1634917
1634927
1635171
1635173
1635327
163603
163604
1636086
1636188
1636719
1636843
1636859
1637102
1637837
1637975
1638
1638099
163874
163875
163877
163879
1638980
1638981
1638982
1638984
1638985
1638987
1638988
1638989
1638992
1639
1639034
1639035
1639118
1639133
1639656
1639689
1639690
1639882
164
1640
1640501
1640652
1640674
1640685
1640865
1640866
1641
1641165
1641875
1641972
1641992
1642
1642299
1642303
1642469
1642495
1642646
1642647
1642702
1642818
1642819
1642821
1643
164332
1643322
1643323
164348
1643805
1644109
1644114
1644118
1644129
1644133
1644146
164546
1645614
1645665
1645915
1646119
1646122
1646340
1646373
1646377
1647451
1647556
1647581
1647582
164759
1647649
1648
1648146
1648182
1648214
1648404
1648923
1648966
1649130
1649133
1649139
1649188
1649257
1649266
1649580
1650
1650571
1650592
1650661
1650662
1650663
1651082
1651218
1651781
165179
1651968
1652
1652031
1652465
1652492
1652495
1652957
1652958
1653207
1653334
1653434
1653435
1653476
1653776
1653858
1654360
1654388
1654476
1654716
1655
1655232
1655234
1655277
1655419
1655435
1655439
1655491
1655500
1655543
165597
1656
1656093
1656094
1656884
1656885
1656887
1656889
1656892
165694
1657
165758
1658
1658060
1658108
1658110
1658111
165814
1658519
1658616
1658618
1658664
1658740
1658765
1660
1660067
1660072
1660076
1660183
1660198
1661
1661150
1662395
1662421
1662864
1663241
1664
1664069
166485
166486
1664860
1665476
1665626
1665687
1667022
1667024
1667168
1667239
1667327
166793
1670
1670446
1670455
1670458
1670619
1670621
1670800
1670801
1670830
1670831
1671
1671480
1671680
1671795
1671868
1671923
1672
1672701
1672749
1673
1673428
1673609
1673631
1673717
1673718
1673719
1673720
1673721
1673723
1673724
1673725
1673741
1674146
1674310
167481
1674920
1674942
1675036
167539
1675686
1675788
1676
167645
1676614
1676683
1677
1677852
1677857
1677920
1678012
1678131
1678237
1678309
1678448
1678637
1678728
1678840
1678841
1678900
1679
1679076
1679083
1679091
1679096
1679163
1679170
1679444
1679460
1679466
1679494
1679495
1679497
1679523
1679721
1679753
1680
1680762
1680914
1681
1681835
1682
1682113
1682490
1682650
1682723
1682732
1682741
1682742
1682748
168276
1683
1683161
168379
168384
168469
1684789
1685
1685010
1685378
1685379
1685382
1685414
1685415
1685432
1685901
1686285
1686286
1686287
1686310
1686402
168697
1687
1688
1688486
1688639
1689
1689268
1689269
1689270
1689271
1689272
1689303
1689449
1689450
1689834
1689985
1690
1690008
1690039
1690220
1690221
1691
169134
1691563
1691570
1691571
169177
1691903
1691904
1691940
1692
169292
1693
169427
169430
169435
169480
1695
1695161
1695166
1695997
169669
1697053
1697394
1697556
1697557
1697558
169760
169765
1697972
1697973
1698290
1698521
1698799
1699371
1699411
1699412
1699413
169960
1701085
1701086
1701090
1701104
1701573
1701758
1702097
1702103
1702106
1702221
1702242
1702250
1703256
1703332
1703337
1703339
1703341
1703343
1703345
170367
1703946
1704076
1704499
1705
1705394
1705399
170540
1705561
1705562
1705565
1705717
170573
1706046
1706195
170623
170651
170673
170679
1706839
1706840
1706855
1707093
1707096
1707952
1708
1708347
1708715
1708749
1708751
1708783
1708790
1709
1709001
1709002
170994
1710
1710536
1710537
1710538
1710539
1710540
171194
1712
1712261
1712262
1712410
1712515
1712516
171260
1712654
1712665
171279
171280
171281
171282
171284
171285
171286
171287
1712871
171288
171289
171291
1713
1713625
171383
1714
1714016
1714264
1714300
1714354
1714355
1714359
171437
171438
171439
171442
1714681
1714682
1714840
1714841
1715348
1715466
1715645
1715691
1715692
1715693
1715720
1715729
1715806
1716077
1716141
1716143
1716543
171685
171692
1717
1717229
1717717
1718
171865
171869
1719
1719034
1719035
1719036
1719132
1720063
1720083
1720192
1720195
1720198
1720200
1720204
1720247
1720253
1720254
1720260
1720261
1720294
1720296
1720298
1720300
1720302
1720313
1720315
1720316
1720349
172040
172041
172042
172043
172044
172045
1720557
1721087
1721088
1723361
1723382
1723384
1723730
1723736
1724
1725
1725252
1725256
1727
172713
1727145
1727163
172827
172901
1729695
1729892
173
1730526
173053
1730871
1730894
1732
1732567
173361
173362
173363
173364
1734031
1734049
1734446
1734925
1734926
1735038
1735103
1735111
1735121
1735373
1735581
1735589
173560
1736
1736139
1736674
1736690
1736691
173675
1736751
173676
1736908
1737
1737061
1737062
1737063
1737064
1737065
1737353
1737354
1737356
1737357
1737424
1737425
1737426
1737444
1737446
1737459
1737472
1737473
1737488
1737490
1737515
1737568
1737569
1737570
1737571
173856
173858
173861
1738770
173959
1739690
1739787
173990
1740262
1740263
174038
1740611
1740721
1742264
1742358
1742359
1742687
1742688
1742923
1743143
1743157
1743159
1743162
1743163
1743164
1743165
1743166
1743168
1743169
1743174
1743235
1743262
1744844
1745712
1745713
1745854
174587
1745966
1746200
1747
1747198
1747507
1747903
1748
1748220
1748242
1748249
1748298
1748331
1748367
1748967
1749036
1749045
1749332
1750
1750517
1750518
1750527
1750535
1750561
1750590
1750597
1750598
1750599
1750603
1750698
1751046
1751056
1751071
1751095
1751295
1751298
1752
1752076
1752077
1752078
1752398
1752931
1753
1754012
1755098
1755099
1755100
1755241
1755582
1755647
175570
1755811
1755878
1756020
1756043
1756149
1756150
175631
175632
1756761
1756762
1756987
1758176
1758178
1758255
1758466
1758689
1759059
1759089
1759464
1759536
176090
1760988
1761016
176102
1761453
1761741
1761772
1761908
1761975
1762892
176292
176299
1763509
1763534
1763535
1763536
1763537
1763538
1763540
1763541
1763542
1763543
1763816
1763824
1763828
1763883
1764569
1764581
1765
1765052
1765219
1765683
1765684
1765737
1765746
1765960
1765967
176598
1766165
1766203
1766623
1766656
1766719
1766800
1767027
1768003
1768010
1768011
1768108
1768210
1768241
1768907
176898
1769250
1769291
1769421
1769422
1769423
1769424
1769758
1769779
1770053
1770058
1770194
1770526
1770527
1770529
1770544
1770545
1770547
1771
1771309
1771310
1772
1772194
1773489
1774
177413
1774216
1774273
177437
1774373
177439
1774590
1774748
1774945
1774951
1774954
1774958
1774960
1774968
1774969
1774970
1774971
1775
1775131
1775132
1775135
1775166
1775167
1775168
1775170
1775171
1775173
1775174
1775175
1775177
1775474
1775544
1775880
1775881
1775882
1775910
1775911
1776
1776032
1776034
1776165
1776378
1776379
1776381
1776382
1776384
1776385
1776387
1776388
1776390
1776391
1776423
1776492
1776730
1776736
1776740
1776741
1776742
1776856
1776857
1776859
1776957
1777
1777133
1777135
1777136
1777137
1777138
1777139
1777140
1777141
1777142
1777143
1777144
1777867
1778
1778406
1778540
1778590
1778664
1778665
1778671
1778672
1778678
1778903
1779
1779329
1779332
1779358
1779862
1780
178001
1780362
1781
1781068
1781167
1781211
1782
178214
1783
178306
1783232
1783274
1783352
1783360
178337
178339
178340
1783498
1783499
1783515
1783531
178355
178356
178399
1784
1784712
1784713
1784714
1784719
1784724
1785090
1785128
1785145
1785161
1785162
178566
1785988
1786
178606
1787
178774
1788
1788301
178899
1789
178900
178901
1789224
1789227
1789439
1789672
179010
1790137
179015
179095
1791
1792
1792290
1792311
1792498
1792500
1792502
1792543
1792834
1792835
1792836
1792845
1793
1793872
1793873
1793963
1793966
1794
179408
179467
1794699
1794912
1794944
1795
1795032
1795041
1795305
1795308
1795310
1795355
1795632
1795827
1795832
1796
179637
1796469
1796497
1796606
1796610
1796613
1796615
1796616
1796618
1796619
1796620
1796622
1796627
1796628
1796634
1796635
1796636
1796644
1796646
1796652
1796905
1796921
1796922
1797
1797110
1798
1798155
1798157
1798158
1798182
1798183
179819
1798228
179838
179879
1798805
1799
1799477
1799789
179995
1800
1801
180163
180194
180195
180197
180198
1802
1803177
1803180
1803181
1803190
180332
180344
1803665
1803846
1803903
1803913
1803916
1804
180400
180434
180435
180441
1804624
1804625
1804630
1804986
1804987
1804988
1804990
1804997
1805431
1805470
1805472
1805473
1805475
1805478
180588
1805933
1805970
1806
1806052
1806172
1806201
1806202
1806370
1806536
1806667
1806668
1806669
1806670
1806837
1806892
1807
1807133
1807134
1807135
1807141
1807691
1807766
1808352
1808508
1808881
1808945
1808955
1809
1809410
180957
180978
1810
1810504
1811193
1811224
1811225
1811226
1811518
1811807
1812012
1812100
1812259
1812261
1812262
1812349
1812482
1812810
1812821
1812823
1812824
1812826
1812858
1812934
1812935
1813019
1813451
1813468
1813472
1813611
1813871
1813873
1813876
1813878
1813879
1814128
1814218
1814289
1814290
181487
1815556
1815559
1815562
1815583
1816
1816181
1816182
1816183
1816425
1816676
1816678
1816680
1816681
1816684
1816686
1816690
1816691
1816693
1816696
1817405
1817406
1817495
1817962
1817963
1817964
1817965
1818004
1819254
1819565
1819566
1819600
1819725
1819739
1820002
1820010
1820329
1820333
182082
1821036
1821260
182136
182141
1821621
182180
1821960
182262
182264
182270
1823
1824
1824638
1825069
1825093
1825523
1825660
1825787
1825928
1826607
1826727
1826909
1827297
1827502
1827580
182773
182779
1828
1828112
1828826
1828880
1829
1830
1833
1833852
1834034
1834035
1834036
1834037
1834038
1834163
1834418
1834436
1834438
1834464
1834512
1834516
1835254
183556
1835606
1835722
1836
1836198
1836199
1836200
1836209
1836467
1836499
183670
1836972
1836974
1837
1837282
1837342
1837343
1837344
1837375
1837376
1837378
1837379
1837380
183763
1837743
1837929
183795
1838
1838286
1839617
1839709
1839754
1839785
1839801
1839807
1840331
1840409
1840411
1840413
1840415
1840605
184065
184077
1841
1841482
1841610
1841855
1841856
1841857
1841859
1841860
1841861
1841865
1841868
1842136
184246
1842495
184250
1842532
1842727
1843082
1843235
1843236
1843237
1843371
1843580
1843581
1844
1844006
1844114
1844115
1844116
1844972
1846260
184748
184756
1847728
1848
1848197
1848320
1848322
1848329
1848458
1848459
1848460
1848766
1848903
1848927
1848972
1848973
1849015
1849021
1849022
1849041
1849069
1849103
1849104
184924
1849278
1849580
1849581
1849582
1849719
1849733
1849968
1850093
1850238
1850246
1850250
1850252
1850254
1850347
1850348
1850366
1850370
1850373
1850438
1850444
1850517
1850526
1851019
1851146
1851148
1851429
1851514
1851568
1852
1852016
1852017
1852019
1852020
1852021
1852022
1852027
1852029
1852361
1852362
1852363
1852364
1852365
1852368
1852370
1852371
1852372
1852373
1852374
1852375
1852376
1852377
1852379
1852380
1852381
1852384
1852385
1852386
1852387
1852388
1852390
185243
1852522
1852776
1853130
1853216
1853276
1853278
1853311
1854492
1854496
1854499
1854563
1854564
1854571
1854574
1854586
1854641
1854708
1854763
1855283
1855383
1855586
1855631
1855725
1855823
1855875
1855894
1855895
1855912
1856
1856322
1856405
185641
185642
1856588
1856638
185678
185684
1856850
185693
1857024
185761
1857645
1858656
1858794
1859289
1859290
1859292
1859457
1859460
1859473
1859475
185949
185950
185951
1860122
186116
186196
1862138
1862145
1862358
1862385
1862386
1862387
1862668
1862672
1862713
186280
1863
1864509
1864939
1864947
186497
186571
1866326
186651
1867
1867090
1867101
1867106
1867109
1867256
1867263
1867408
1867410
186761
1867719
1867749
1867774
1867775
1867833
1867834
1867835
1867846
1867952
1867956
1868
1868589
1868734
1868793
1868794
1869
1869229
1869313
1870820
1870984
1870987
1870990
1870991
1870993
1870995
1870997
1870999
1871002
1871006
1871008
187101
1871011
1871012
1871013
1871014
1871016
1871017
1871018
1871019
187102
1871021
1871022
1871023
1871025
1871028
1871029
1871030
1871031
1871033
1871034
1871035
1871076
1871111
1871336
1871628
1872678
1872699
1872709
1872711
187272
187303
1873176
1873423
1873425
1873482
1873484
1873524
1873719
1874
1874115
1874116
187420
1874277
1874317
1874362
187452
1874630
1874697
1874706
187490
187491
1876515
1876757
1877
187868
187879
187880
1879050
187981
187982
1880
1880678
1881
1881036
1882339
1882340
1882343
1882682
1883405
1883414
1884249
1884370
1884432
1884669
1884793
1884876
1884992
1885894
1885916
1885917
1886
1886670
1886782
1886785
1886788
1887
188770
1888
1888195
188872
1888890
1888891
1888892
1888893
1888910
1888912
1888913
1888914
1888915
188906
188915
1889240
1889241
188932
188937
1889778
1890
1890280
1890295
1890302
1891094
1891096
1891097
1891186
1891207
1891224
1891279
1891644
1891671
1891675
1891787
1891914
1891926
1892
1892552
1892555
1892556
1892557
1892596
1892851
1892852
1892854
1892865
1892903
1892904
1893
189381
189396
1894
189425
189426
1894969
1894970
1894971
1894989
1895
1895020
1896
1896145
1896222
1897628
1897729
1898
1898042
1898109
1898396
189863
1898651
1899321
1899430
189966
1901
190147
190148
190192
190194
190195
190197
1902245
1902580
1902781
1903
190304
190305
1903056
190308
190310
1903171
1903179
1903258
1903261
1903262
1903263
1903694
1903704
190387
1903952
1904
1904463
1904616
1904757
1904807
190485
1905
1905142
1905677
1905730
1906
190655
1906745
1907
190721
1907654
1907658
1907662
1907939
1907941
1908
1908198
1908205
1908235
1908236
1908237
1908238
1908239
1908240
1908241
1908257
1908258
1908260
1908263
1908308
1908341
1908389
1908523
1908524
1908690
190893
190897
1909
190905
190906
1909267
1909395
1909422
1909423
1909496
1909670
1909699
1909700
1909734
190975
190976
1910
1910958
1911
1911536
1911548
1911570
1911679
1911682
1912064
1912090
1912092
1912093
1912214
1912246
1912324
1912599
1912795
1912855
191287
1912871
1912876
1912877
1912897
191292
1912957
1912961
1913577
1913578
191390
191391
1914243
1914305
1914408
1914409
1914461
1914462
1914471
1914755
1914756
1914933
1914963
191497
1915
1915063
1915074
1915077
1915078
1915309
1915319
1915382
191564
191610
1917166
1917180
1917181
1917182
1917421
1917441
1917485
191770
1917811
1917820
1917822
1917830
1917863
1917864
1917867
1917868
1917870
1917873
1917878
1917880
1917883
1917889
191863
1918945
1918946
1919
1919059
192
1920
1920033
1920034
1920168
1920169
1920170
1920171
1920512
1920650
1920655
192088
1921
1921010
1921086
1921087
1921138
1921510
1921566
1921578
1921764
1922
1922313
1922333
1923
1923877
192389
1923961
1924
192421
1924933
1924988
1925020
1925021
1925762
1925763
1926257
1926258
1926278
1926279
1926280
1926282
1926283
1926284
1926285
1926286
1926625
1926630
1926648
1926649
1926868
1926869
1926870
1926871
1926872
1926881
1926885
1927
1927124
1927129
1927958
1927959
1927960
1928
1928082
192812
192814
1928331
1928574
1928646
1928661
1928857
1928859
192903
192904
1929088
1929488
193
1930
1930058
1930060
1930061
1930071
1930251
1930273
1930274
1930275
1930276
1930277
1930533
1930622
1930624
1930667
1930763
1931217
1931232
1931241
1931275
1931992
1932
1932662
1932749
1932778
1932779
1933
1933044
193384
1933879
1933880
1934
193460
193461
193462
1935
1935170
1935204
1935379
1935446
1935996
1936
1936003
1936021
1936063
1936118
1936207
1936991
1936993
1936995
1937003
1937190
1937191
1937461
1937790
1938
1938339
1938353
1938558
1938617
1938618
1938619
1938745
1938746
1938811
1938814
1938816
1938817
1938870
1938888
1940
1940240
1940408
1940525
1940526
1940529
1940533
1940610
1940611
1940615
1940636
1940690
1940789
1940790
1941
1941349
194196
194197
1942
1943
1943631
1944
194439
1944633
1944634
1944636
1944642
1944646
194542
1945581
1945634
1945662
1945871
1946
194673
194702
1948
1949069
1949081
1949082
1949083
1949085
194963
195
1950
195064
195088
1951
195103
195105
1954
1955013
1955052
195522
1955250
1955272
1957
195709
195748
195749
195801
1958756
1958780
1958811
1958940
1958944
1958945
1958950
1959104
195913
195930
1960
1960083
1960125
1960156
196024
1960308
1960309
1960589
1960968
1960969
1961
196164
1961642
1962118
1962232
1962263
1963
1963018
1963359
196367
1963835
1963862
1964208
1964209
1964213
1964382
1964395
1964541
1964542
1965019
1965230
1965282
196587
196627
1966466
1967
1967501
1967502
1967665
1967781
1967782
1967783
1968274
1968275
1968276
1968277
1968278
1968279
1968280
1968281
1968433
1968889
1969
1969733
1969805
1969806
1969821
197
1970
1970234
1970735
1970738
1970790
1971
1971610
1971611
1972
1972068
197221
1972598
1972867
1973217
1973495
1973496
1974215
197479
197482
197575
197614
197701
1977292
1977320
1977868
1977869
1977882
1977912
1978412
1978490
1978493
1978549
1979269
1979270
1979387
1979527
198
198092
198093
1981069
1981098
1981099
198119
1981510
1981511
1981512
1981513
1981892
1982042
1982043
1982044
1982103
1982110
1982517
1982593
1982602
1982610
1982626
1982628
198312
198347
1983706
1983719
1983721
198467
198480
198481
198482
198483
198484
1984871
1985673
1985678
1986026
1986146
1986155
198616
198618
198620
1986537
198703
1987356
1987377
1987378
1987379
1987380
1987381
1987382
1987501
1987503
1987580
1987584
198804
198815
198832
199
1990687
199136
1992
1993
1993540
1994
199441
199591
199592
1997
1999
200
2001
2002
200252
200253
200254
2002838
2002841
2003188
200378
200379
2004408
2004485
200450
200451
200452
200453
200454
2004650
2004704
200475
200476
2005001
2005073
2005703
2006110
2006111
2006115
2006130
200615
200616
200617
200618
2006564
2006685
2006980
2007306
2007307
2007308
2008318
2008377
2008380
2008449
2008450
2008451
2008672
200904
200989
200990
200991
201
2010828
2010829
2010915
2010972
2011008
2011011
2011013
2011015
2011099
201185
2013562
2013866
2013869
2014
2014065
2014074
2014075
2014528
2014537
2014610
2014742
2014781
2014805
2014871
2014872
2014873
2014874
2014887
2014920
2015348
201571
2015901
2016057
2016064
2016068
2016101
2016361
2016373
2016376
2016499
2016505
2016507
2016517
2016530
2016596
2017
2017483
2017484
2017485
2017544
2017550
2017681
2018042
201828
201829
2018667
2018668
2018669
2019431
2019569
201973
201975
202
2020506
2020671
2020703
2020948
2020949
2020963
2020964
2020965
2021
2021234
2021314
2021970
2021971
2021998
2022336
2022337
202260
202261
2022662
2022747
2022802
2023067
2023177
2023178
2023182
2023183
2023184
2023186
2023189
2023191
2023192
2023197
2023198
2023240
2023261
2023338
2023717
2024
2024197
2024205
2024526
2024550
2024554
2024555
2024736
2025039
2025310
2025311
2025312
2025313
2025315
2025493
2025494
2025506
2025507
2025509
2025607
2025659
2025714
2025720
2025808
2025884
2026
2026100
2026184
2026186
2026187
2026188
2026189
2026190
2026191
2026192
2026193
2026194
2026199
2026239
2026240
2026255
2026338
2026339
2026353
2026604
2026624
2026654
2026657
2026658
2026681
2027290
202750
202751
202752
202772
2027857
2027858
2027860
2027862
2027871
2027878
202789
2028108
2028345
2028574
2028575
2028576
202862
2029103
2029104
2029117
2029166
202947
202948
202951
202952
202955
2029681
2029685
2029754
2029849
2029857
2029860
2029864
2029865
2029884
2029981
2029983
203
2030
2030009
2030798
2030913
203119
203120
203122
2032623
2032625
2032626
2032627
2032630
203264
203267
2033
2033606
2033802
203404
2034155
2034511
2034769
203482
2035
2035344
2035356
2035448
2035528
2035533
2035833
2035834
2035835
2035993
2036
2036000
2036006
2036029
2036206
2036687
2036821
2037900
2037914
203799
2038139
2038277
2038343
2038656
2038731
2038737
2038776
2039164
2039234
2039284
2039288
2039455
2039631
2039722
204
2040258
2040280
2040290
2040291
2040292
2040295
204038
204039
204040
204042
2040469
204050
2040573
2040648
204072
2041
2041023
2041025
2041036
2041041
2041044
2041189
2041346
2041385
2041840
2041841
2041842
2042057
2042304
2042308
2042704
2042961
2042995
2043170
2044504
2044521
2044573
2044587
2044597
2044852
2044854
2044855
2044856
2044858
2044859
2044872
2044873
2044885
2044912
2045
2045012
2045015
2045105
2045106
2045107
2045119
204516
2045200
2045207
2045208
2045209
2045210
2045214
2045244
204525
204527
2045279
2045301
2045302
204536
2045438
2045439
2045440
2045441
2045451
2045452
2047
204722
2047720
2047724
2047730
2047744
2047749
2047767
2047966
204798
204799
2048003
2048004
2048283
2048550
2048551
2048557
2048558
204891
2049295
2049305
2049319
204936
2049879
2049881
2049916
2050896
2050966
2050967
2051
2051041
2051553
2051957
2051959
2052
2052056
2052656
2052660
2052804
2052828
2052831
2052832
2052935
2052941
2052942
2052943
2053003
2053010
2053011
2053013
2053187
2053191
205327
205328
2053287
205332
2053367
2053716
2053833
2053930
2054
2054227
2054280
2054316
2054410
2054421
2054422
2054424
2054627
2054628
2054641
2054903
2055
2055137
2055143
2055160
2055835
2055836
2055889
2055893
2055905
2055946
2055947
2055955
2056226
2056231
2056283
2056311
2056433
2056695
2056700
2056778
2056779
2056810
2057004
2057025
2057246
2057743
2057780
2057797
2057800
2058085
2058152
2058158
2058175
2058179
2058213
2058289
2058291
2058292
2058293
2058294
2058346
2058658
2058780
2058923
2058924
205920
2059302
205941
2059724
2059725
2059726
2060066
2060067
2060068
206042
206043
206045
2060666
206084
2061
206163
2064
206403
2064643
2064768
2064846
206499
2065
206506
2065379
2066
2066479
2066483
206665
2066697
2067065
2067568
2067569
2067669
2067813
2067960
2068654
2068655
2068657
2069301
2069302
2069367
2069432
2070366
2070367
2070368
2070508
2070510
2070536
2070537
2070686
2070688
2070761
2071607
2071609
2071624
2071633
2071710
2071872
2071873
2072
2072017
2072018
2072026
2072590
2072846
2072847
2072922
2072972
2073113
2073160
2073169
207340
2074
2077090
2077091
2077092
2077146
2078
2078013
2078573
2078660
2078689
2078690
2078786
2078952
2079200
2079229
2079234
2079253
2079448
2079460
2079482
2079485
207949
2079529
2079531
2079532
2079535
207954
2079791
2079792
2079793
2080288
2080416
2080511
2080658
2080740
2080742
2080750
2080751
2080755
2080757
2080758
2080838
2081032
2081039
2081042
2081043
2081710
2081791
2081970
2081977
208199
2082189
208224
2082392
2082395
2082722
2082723
2082724
2082725
2083279
208439
208442
208444
208445
208479
208480
208602
2086346
2086470
2086471
2086571
2086575
2086576
2086577
2086583
2086584
2086585
2088
208958
209261
209274
2093781
2093824
2093856
2093857
209389
2094
2094019
2094024
2094025
2094031
2094049
2094119
2094150
2094151
2094561
2094562
2094568
2096
2097
209880
209882
2099321
2099400
2099786
2099788
2099789
210
2100
2100116
2100166
2100167
2100533
2100723
2100725
2100726
2100740
2100817
2100821
2100822
2104
2106
210623
2107
2107689
2107999
2108055
2108365
2108399
2109
2109328
2109333
2109337
2109913
2109914
2109915
2109933
2109942
2111
211113
211114
211146
211165
2112
2113
2114
211460
211502
211586
211589
2115968
2116
2116499
2116655
2116657
2116684
2116700
2116701
2116704
2116706
2117
2119
212
2120
212020
212021
2121
2123
2124
212403
2125989
2125990
2126011
2126012
2126346
2126350
2126352
2126353
2126436
2126553
2126555
2126556
212663
212667
2126740
2126983
212765
213
213224
213231
213248
2133
2133765
2133766
2133767
2133944
2133958
2133959
2133960
2134037
213554
2135793
213585
213588
2136097
2136147
2136175
2136176
2136177
2136182
2136183
2137476
2137479
2137581
213806
2138083
213810
2138162
2138166
2138210
2138300
2139
214095
2143
214325
214326
2144
2144174
2144175
2144185
214473
214482
214688
2148
214851
214860
214888
2149
215
215200
215220
215221
2152716
2152717
2152888
2152889
2152891
2153354
215578
215580
215590
216
2161
216142
2161673
2161674
2161675
2161676
2161677
2161679
2161747
2161748
2161814
2161816
2161818
2161819
2161821
2161824
2162
2162713
2162714
2162892
2162893
2162894
2163011
2163172
2163881
2164067
2164068
2164074
2164099
2164132
216427
216432
216463
216596
216778
216816
216874
216903
216929
216931
216932
216934
216938
2169400
2169401
2169409
2169410
2169414
216942
216946
2169526
217
217031
217041
2170551
2170575
2170577
217067
217068
217069
217090
217141
2171554
2171622
2171629
217168
217169
2171749
2171751
2171755
2171756
2171757
2172015
2172019
217203
217204
2172043
2172047
2172098
2172099
2172103
2172121
2172545
2172650
2172652
2172824
2173034
2173106
2173173
2173175
2173829
2173831
2173853
2174228
2174486
2174842
2174845
2174846
2174932
2175090
2175091
217511
2175149
2175228
2175229
2177
2181
218139
218140
218144
2182384
2182385
2182425
2182432
2182787
2182793
2182797
2183553
2183582
2183896
2184016
2184053
2184063
2184082
2184083
2184161
2184695
2184697
2184756
2184757
2184758
218490
218493
2185104
2185115
2185141
2185280
2185285
218672
218673
218821
218822
218823
218936
2193
219301
219572
219574
2197
219745
2199
2200
2200759
2200761
2200763
2200892
2200953
2201181
2201189
2201249
2201250
2201271
2201324
2201350
2201815
2201891
2201895
2201898
2201899
2202141
2202148
2202149
2202201
2202203
2202251
2202254
2202339
2202418
2202419
2202420
2202421
2202653
2202654
2202721
2202825
2202827
2202828
2202829
2203219
2203715
2203716
2203724
220378
2204145
2204294
2204296
2204302
220684
220686
220687
220688
220714
220752
220753
220754
220927
221027
221028
221109
2211104
2211106
2211117
2211118
2211119
2211133
2211139
2211140
2211142
2211145
2211146
2211183
2211210
2211211
221126
2211392
2211445
2211448
2212479
2212651
221276
221277
221278
2212850
2213010
2213015
2213017
2213046
2213058
2213158
2213161
2213162
2213194
2213200
2213202
2213203
2213226
221400
2216012
2216978
221711
221725
2217661
2217664
2217670
221799
221822
2218256
2218621
2218628
2219043
2219045
2219058
2219059
2219161
2219224
2219225
2219558
2219559
2219663
2219695
2219697
221988
221989
221992
2219999
2220000
2220095
2220096
222136
222534
2226
222805
222891
222984
2230885
2231647
2231648
2231649
2231787
223182
223184
2232097
223283
2233532
2233533
2233542
2233644
2233774
2233776
2233851
2233852
2233858
2233861
223389
223390
223392
2233999
2234132
2234133
2234134
223786
223788
223919
224030
2242
224308
224324
224325
224326
224402
224436
2246
2248750
2248761
2248773
224911
224914
2249302
2249356
2249426
2249427
2249428
2249466
2249762
2249811
224999
225004
225049
225051
2250573
2250578
2250594
2250595
2250708
225084
225144
225324
225325
225327
225345
225347
225422
225843
225848
225849
225894
2258962
2258963
2259016
2259033
2259034
2259036
2259133
225915
2259170
2259171
2259333
2259340
2259342
225937
2259590
2259592
2259594
2259595
2259619
2259620
2259622
2259638
2259674
225971
225992
225999
226011
226186
2262
226217
226505
226506
2267246
2267253
2267262
2267266
2267275
2267521
2267611
2267683
2267691
2267699
2267833
2267839
2267891
2268022
2268024
2268030
2268447
2268456
2268457
2268458
2268576
2268757
2268758
226900
226910
2269374
2269375
2269504
227
227084
227316
227318
227476
227597
227598
227605
227715
2278
227865
227866
227882
227924
227941
227946
228
228005
228006
2282124
2282215
228230
2282305
2282306
2282308
2282381
2282382
2282397
2282419
2282420
2282421
2282477
2282478
2282648
2282649
2282652
2282655
2282697
2282698
2282699
2282700
2282738
2282883
2283
2283160
2283195
2283196
2283317
2283318
2283527
2283627
2283635
228399
228405
228574
228576
228654
2287
228899
228909
228924
228955
228956
228957
228958
228959
228973
229007
2290923
2290935
2291
2291022
2291023
2291215
2291597
2291674
2291814
2291815
2292
229203
229204
229205
2292082
2292255
2292256
2292257
2292265
2292441
2292702
2292704
2292705
2292706
2292766
2292771
2293253
2293254
2293438
2293568
2293569
2293570
2293571
2293572
2293719
2293832
2293833
2293836
2293840
2293980
2294033
2294034
2294035
2294114
2294115
2294116
2294117
2294119
229486
229549
2297
229919
229920
229921
23
230088
230089
230091
2301192
2301235
230143
2301718
2302434
2303333
2303421
2303538
2303539
230356
2303576
2303578
230361
2303751
2303987
2303991
2303992
2304063
2304593
2304602
2304603
2304605
2304606
2304625
2304626
2304675
230470
230495
2305183
2305225
2305227
2305252
2305463
2305467
2305471
2305508
2305895
2305907
2305909
2306021
2306023
2306423
230658
2306585
2306636
2306967
2306972
2306973
2306974
2306975
2306976
2306993
2306995
2306996
2306997
2306998
2307003
2307076
2307229
2307231
2309
231024
231146
231233
231391
231434
231438
231439
2315236
2315257
2315329
2315330
2315333
2315334
2315424
2315464
2315688
2315689
2315694
2315727
2315729
2315841
2315862
2316025
2316076
2316079
2316080
2316207
2316383
2316527
2316528
2316720
2316722
2316724
2316726
2316728
2316731
2316733
2316736
2319843
2319844
2320100
2320140
2320269
2320271
2320272
2320431
2320851
2320857
2320858
2320859
2320860
2320861
2320862
2320863
2320864
2320865
2320866
2320867
2320868
2320879
232089
2321394
2321395
2321396
2321403
2321404
232216
232444
2325
232537
2325572
232846
232991
233100
233101
233316
233583
2338073
2338327
2338368
2338372
2338552
2339232
2339259
2340725
2340821
2340860
2340916
2340917
2341043
2341080
2341083
2341086
2341112
2341117
234613
234614
234834
234835
235
2358141
2358193
2358204
2358479
235932
235985
235986
236
236067
236068
236402
2364273
2364274
2364647
2364649
2364787
2364791
2364794
2364797
2364882
236508
236510
236511
236753
236814
237017
237018
237019
237069
2371
237258
237373
237576
2376
237609
237611
237612
237679
237682
237684
2377
238
2382123
2382163
2382165
238540
238834
238836
239498
239935
24
240015
240016
240166
240167
240169
240302
240303
240521
240840
241145
241244
241416
241555
2419601
2419603
2419771
2419772
2419773
2419774
2419777
2419778
2419781
2419782
2419843
2420509
2420510
242065
2420890
242230
2423
2426
242600
242737
243061
243090
243159
243160
243161
243164
243230
243231
243232
243273
243274
243275
243276
243365
243690
243924
243956
244
244292
244366
244566
244584
244592
244734
244735
2447760
2447885
2448030
2448032
2448161
2448162
244830
2448455
2448456
2448477
2448479
2448482
2448886
245
245187
245294
245385
246
246144
246167
246191
246194
246200
246201
246264
246432
246603
246613
246786
247279
247480
247482
247486
2478464
2478470
2478538
2478913
2478914
2478915
2479004
2479048
2479363
2479545
2479546
2479765
2479838
2479839
2479840
2479841
2479847
2479848
2479858
2479928
248026
2480588
2480626
2480627
2480810
2480908
2480983
2480984
2482724
2482727
2482751
2483033
2483112
248315
248316
2483351
2483352
2483353
2483360
2483361
2483798
2483799
2483800
2483802
2483804
2483805
2483811
2483812
2483813
2484145
248451
2484746
2484750
2484901
2484945
2484979
2484981
2484982
2484983
2484985
2485123
2485124
2485125
2485784
2485997
2485998
2485999
2486000
2486001
2486002
2486003
2486004
2486005
2486006
2486007
2486008
2486009
2486010
2486011
2486012
2486013
2486014
2486015
2486016
2486017
2486018
2486019
2486020
2486021
2486022
2486023
2486024
2486025
2486026
2486280
2486356
2486417
2486418
2486419
2486576
2486751
2486853
2486854
2487017
2487040
2487072
2487074
2487118
2487129
2487133
2487137
2487138
2487273
2487274
2487275
2487276
2487322
2487344
2487346
2487349
2487350
2487351
2487352
2487364
2487519
2487520
2487722
2487723
2487740
2487742
2487746
2487747
2487749
2487750
2487751
2487892
2487930
2487934
2488306
2488563
2488634
2488639
2488728
2488729
2488730
2488749
2488750
2488790
2488791
2488810
2488819
2488860
2488993
2488994
2489002
2489010
248903
248905
2489054
248906
248907
2489173
2489174
2489213
2490544
2490545
2490633
2490854
2490855
2490856
2490857
2490858
2490941
2491017
2491023
2491114
2491711
249188
249189
2492390
2492393
2492394
2492395
2492438
249265
2492662
2492960
2493082
2493090
2493092
2493111
2493119
2493120
249351
249352
2493553
2493631
2493633
2493639
2493666
2493691
249406
2494234
2494256
2494373
2494374
2494375
2494525
2494550
2494560
2494657
2494697
2494701
2494702
2494733
2494735
2495421
2495496
2495579
2495581
2495582
2495591
249567
249580
249581
249586
2495887
2495899
2495913
2496028
2496029
2496117
2496265
2496266
2496267
2496270
2496273
2496559
2496639
2496836
2496837
2496842
2496866
2496867
2496871
2497146
2497436
2497456
2497483
2497685
2497753
2497861
2497875
2497877
2497878
2497945
2497989
2498109
2498113
2498135
2498136
2498145
2498451
2498452
2498453
2498845
2498846
2498847
2498849
2498850
2498858
2498892
2499076
2499078
2499157
2499159
2499163
2499629
2499688
2499833
2499835
2499851
2499852
2499994
25
250
2500157
2500159
2500179
2500533
2500546
2500547
2500548
2500550
2501299
2501515
2502184
2502215
2502779
2502780
2502781
2502782
2502783
2502784
2502791
2502893
2502979
2503024
2505970
2505976
2505977
2505979
2506407
2506420
2506421
2506422
2506423
2506424
2506430
2506452
2507160
2507161
2507538
2507566
2507935
2508286
2508287
2508288
2508289
2508290
2508291
2508292
2508293
2508294
2508295
2508296
2508297
2508298
2508299
2508300
2508301
2508302
2508543
2508707
2508708
2508710
2508711
2508719
2508720
2508721
2508722
2508724
2508867
2508881
2508882
2508885
2508997
2509004
2509225
2509240
2509241
2509341
2509361
2509362
2509433
2509454
2509455
2509456
2509457
2509458
2509459
2509614
2509661
2509675
2509717
2509718
2510188
2510190
251051
2510796
2510978
2511025
2511166
2511204
2511995
2511997
2512112
251221
2512212
2512215
2512216
2512217
2512221
2512223
251229
251654
2516556
2516557
2516559
2516960
251702
251703
251704
251706
251707
251747
2517819
2518177
2518370
2518371
2518372
2518605
2518644
2518645
2518684
2518930
2518931
2518971
2518973
2518989
2518990
2518991
2518994
252
2520507
2520508
252130
252230
252231
252246
252305
252474
252514
252583
2527672
2527691
2527775
2527868
2527873
2527939
2527963
2527964
2527966
2527968
2527969
2527970
2527971
2527972
2527973
2527974
2527975
2527976
2527978
2527979
2527980
2527982
2527983
2527984
2527985
2527986
2527987
2527989
2527990
2527991
2527994
2527995
2527996
2527999
2528000
2528001
2528002
2528003
2528004
2528005
2528007
2528008
2528009
2528011
2528013
2528015
2528016
2528017
2528018
2528019
2528020
2528021
2528022
2528023
2528024
2528025
2528026
2528027
2528036
2528037
2528175
2528176
2528202
2528206
2528239
2528244
2528245
2528527
2528593
2528630
2528639
2528642
2528712
2528713
2528715
2528831
2528964
2528966
2528971
2528979
2529274
2529275
2529379
2529380
2529381
2529382
2529383
2529389
2529433
252967
252970
2529843
2529852
2529853
2529854
253
2530049
2530200
2530368
2530372
2530373
2530374
2530375
2530382
2530383
2530384
2530385
2530386
2530387
2530390
2530391
2530451
2530452
2530453
2530454
2530455
2530456
253108
253160
253184
253257
253314
253703
254
254161
2541721
2541724
2541725
2541726
2541731
2541732
2541733
2541734
254246
254247
254356
254357
254358
254406
2545455
2545633
2545717
2545753
2545755
2545756
2545757
2545760
2545761
2545983
2546128
2546226
2546227
2546320
2546344
2546350
2546446
2546448
254719
2547244
2547392
2547393
2547394
2547395
2547396
2547397
2547399
2547404
2547410
254758
2547600
2547811
2547833
254784
254785
254786
254788
254793
2547960
2547961
2547970
2548456
254945
254955
255045
255205
255247
2552766
2552946
255457
255507
255519
2555642
2555643
2555898
2555902
255616
255723
2558042
2558242
2558360
2558361
2558362
2558918
2558931
2559073
2559571
2559572
2559573
2559600
2559601
2559804
255984
2559914
2559915
2559916
2559917
2559918
2559919
2559920
2559921
2559922
2559923
2559924
2559926
2559927
2559928
2559929
256
2560010
2560053
2560054
2560055
256034
256037
2560861
2561931
2561932
2561933
2561934
2562153
2562278
2562279
2562280
2562282
2562283
2562285
2562294
2562437
2562439
2562449
2562451
2562452
2562524
2562655
2562681
2562682
2562683
2562684
2562685
2562704
2562762
2562824
2562860
2562892
2562949
2563114
256323
256324
256325
2563443
2563444
2563858
2563889
2564040
2564098
2564099
2564100
256466
2565365
2565367
2565368
2565531
2565549
2565572
2565624
2565777
2565782
2565783
2565924
2565925
2565926
2565930
2565931
2565932
2565933
2565934
2566013
256702
256731
2567861
2567896
2567941
2567942
2567944
2568007
256821
256839
2568655
2569479
2569538
2569539
2569540
2569541
2569763
2569853
2569855
2569858
2569859
2570226
2570227
2570228
2570229
2570323
2570350
2570351
2570352
2570354
2570355
2570927
2571105
2571116
2571125
2571129
2571141
2571143
2571148
2571150
2571155
2571161
2571221
2571270
2571271
2571272
2571273
2571746
2571747
2571748
2571750
2572203
2572245
2572576
2572577
2572594
2572684
257274
2572923
257363
257438
257446
257454
2574727
2574734
2574798
2575440
2575441
2575442
2575815
2575867
2576036
2576037
2576071
2576211
2576305
2576308
2576383
2576384
2576756
2576776
2576777
2576829
2576840
2576891
2576905
257772
2578117
2578118
2579147
257984
2579922
2579935
2579942
2579971
2579976
258
2580412
2580413
2580423
258049
258050
258051
258052
2580523
258053
2580566
2582419
258256
2582829
2582833
2582848
2582849
2582893
2582913
2582914
2582917
2582921
2583219
2583231
2583234
2583376
2583377
2583452
2583531
2583532
2583587
2583810
2583814
2583815
2583820
2583821
2583823
2583849
2583990
2583991
2583992
2584084
2584085
2584086
2584121
2584122
2584124
2584183
2584467
258475
2584941
2584944
258505
2585117
2585118
2585119
2585135
2585141
258515
2585196
2585198
2585199
2585200
2585206
2585211
258533
2585369
2585717
2585771
2585773
2585775
2586635
2586642
2586643
2586906
2586908
2586909
2586965
258723
2587465
2587528
2587529
2587808
2587813
2587862
2588449
2588497
2588711
2588938
2588941
2588942
2588991
2589074
2589080
2589786
2589788
2589797
2589807
2589815
2589816
2589817
2589995
259
2590012
2590020
2590021
2590022
2590031
2590157
2590199
2590212
2590213
2590451
2590452
2590453
2590547
2590551
2590779
2590786
2590867
2590869
2590884
2590886
2590900
2590901
2590999
2591008
2591009
2591109
2591147
2591470
2591633
2591634
2591822
2591847
2591848
2592046
2592048
2592049
2592067
2592068
2592333
2592382
2592383
2592614
2592652
2592653
2592654
2592655
2592656
2592657
2592811
2593007
2593021
2593070
2593301
2593302
2593303
2593304
2593411
2593535
2593646
2593652
2593653
2593654
2593655
2593656
2593663
2593674
2593771
2593957
2593973
2594003
2594004
2594042
2594179
2594265
2594267
2594428
2594430
2594432
2594473
2594478
2594501
2594790
2594794
2594795
2594882
2594883
2594886
2594913
2594946
2595004
2595005
2595041
2595053
259536
259564
2596828
2596891
2596892
2596893
2596921
2597270
2597517
2597657
2597659
2597660
2597670
2597671
2597701
2597702
2597703
2597768
2597822
2598455
2598458
2598460
2598579
2598725
2598730
2598861
2599291
2599293
2599294
2599295
2599296
2599297
2599305
2599308
2599389
2599401
2599412
2599595
2599596
2599600
2599607
2599615
2599694
2599924
2599927
2600065
2600176
2600177
2600299
2600579
2600598
2600619
260084
260085
260086
2601267
2601677
2601682
2601703
2601869
2601894
2602015
2602016
2602069
2602289
2602750
2602767
2602769
2603206
2603215
2603253
2603288
2603298
2603600
2603628
260364
260365
2603818
2603819
2603856
2603857
2603858
2604047
2604086
2604091
2604158
2604328
2604423
2604424
2604572
2604800
2604832
2605270
2605272
2605383
2605428
2605429
2605430
2605433
260552
260553
260554
2605638
2605694
2605747
2605748
2605778
2605781
2605782
2605789
2605790
2605945
2605946
2605988
2605989
2606214
2606216
2606218
2606219
2606448
2606449
2606593
2606615
2606616
2606626
2606628
2606629
2606630
2606631
2606632
2606633
2606634
2606635
2606636
2606637
2606638
2606640
2606681
2606708
2606709
2606717
2606905
2606906
2606936
2606937
260714
2607284
2607286
2607407
2607479
2607497
2607506
2607529
2607614
2607653
2607654
2607655
2607656
2607659
2607660
2607663
2607726
2607907
2607908
2607910
2607998
2608000
2608001
2608003
2608008
2608247
2608252
2608255
2608354
2608355
2608357
2608384
2608402
2608404
2608629
2608631
2608632
2608683
2608684
2608867
2608880
2608981
2608982
2608987
2608999
2609000
2609175
2609281
2609282
2609417
2609562
2609667
2609668
2609961
2609964
2610880
2610898
261290
261291
261299
2613842
261392
2613962
2613965
2614131
2614158
2614538
2614638
2614639
2614655
261467
2614688
2614693
2614804
2614809
2614830
2615024
2615112
2615184
2615203
2615207
2615211
2615214
261591
261654
262004
262005
262076
262208
262209
262320
262543
262668
262719
262898
263067
263358
263475
263723
263724
263819
263849
263852
264023
264201
264251
264297
264453
264462
264636
264637
264697
264731
264736
264739
2650157
2650158
2650471
2650661
265072
2650745
2650748
2650750
2650773
2650774
2650924
2650975
2651189
2651334
265175
265178
2651870
2652177
2652247
2652269
2652274
2652276
2652278
2652279
2652280
2652282
2652285
2652286
2652290
2652291
2652292
2652293
2652309
2652445
265293
265311
2653122
2653194
2653200
2653354
2653505
2653714
2653851
2653852
2653855
2654171
2654181
2654216
2654236
2654252
2654283
2654337
2654512
2654637
2654677
2654843
2654844
2654845
2654874
2654951
2654974
2654975
2654976
2654977
2654978
2654979
2654982
2654983
2654998
2655001
265546
2656650
265668
2656746
2656774
2656915
2656921
265719
265730
2657486
265883
265948
265949
265959
265960
265981
266
266009
266061
266062
2660641
2660747
2660748
266117
266121
266125
266128
266130
2661613
2661627
2661628
2661630
2661687
2661937
2662028
2662066
2662126
2662143
2662258
2662261
2662262
2662264
2662362
2662364
2662397
2662446
2662447
2662454
2662455
266264
266265
2662757
2663008
2663009
2663022
2663029
2663173
2663379
2663380
2663533
2663842
2663847
2663857
2663859
2664091
2664430
2664436
2664442
2664894
2665146
2665155
2665158
2665159
2665161
2665176
2665222
2665495
2665496
2665504
2665642
2665643
2665644
2665663
2665665
2665720
2665721
2666025
2666033
2666047
2666072
2666075
2666081
2666082
2666083
2666084
2666085
2666134
2666135
2666136
2666137
2666138
2666140
2666141
2666142
2666143
2666183
2666184
2666256
2666263
2666298
2666307
2666329
266748
266749
266762
2668039
2668052
2668065
2668075
266809
266810
266812
266835
266892
266940
266951
266952
2670329
2670330
2670334
2670337
2670345
2670347
2670374
2670375
267125
267135
267212
2672567
2672568
2672570
2672572
267363
267364
267374
267375
2674989
2674991
2674997
2675002
2675003
2675053
2675054
2675056
2675057
2675058
2675059
2675060
2675099
2675101
2675109
2675110
2675216
2675218
2675219
2675220
2675226
2675298
2675299
2675321
2675322
2675323
2675324
2675325
2675430
2675466
2675553
2675747
2675748
2675752
2675754
2675850
2675851
2675858
2676064
267608
2676122
2676123
2676234
2676438
2676787
2676868
267746
267748
267800
267818
2678357
267850
2678518
267854
2678566
2678611
2678616
2678685
2678686
2678688
2679961
2679963
2679964
2681310
2681388
2681469
2681470
2681485
2681491
2681492
2681495
2681496
2681549
2681550
2681555
2681556
2681766
2681861
2681877
2681879
2681965
2681983
2681984
2682090
2682091
2682092
2682096
2682097
2682100
2682455
2682456
2682493
2682494
2682546
2682776
2682781
2682810
2682842
2682843
2682844
2682845
2682976
2682977
2683194
2683196
2683198
2683234
2683249
2683255
2683272
2683284
2683345
2683586
2683588
2683589
2683590
2683592
2683610
2683649
2683706
2683708
2683713
2683714
2683717
268404
268407
268410
2684210
2684211
2684212
2684405
2684406
2684470
2685834
2685869
2685897
2685937
2686014
2686016
2686017
2686067
2686076
2686077
2686078
2686079
2686091
2686092
2686094
2686210
2686304
2686357
2687242
2687306
268735
268739
2689078
2689387
2689987
269069
2690837
269084
2690964
2691040
2691042
2691084
269144
2691582
2691583
2691917
2691918
2691959
2692125
2692134
2692166
2692169
2692170
2692173
2692175
2692176
2692177
2692179
2692189
2692195
2692199
2692200
2692236
2692265
2692317
2692318
2692330
2692424
269253
2692566
2692584
2692619
2692622
2692623
2692629
2692916
269420
269421
2694929
2694930
2694931
2695265
2695267
2695274
2695275
2695856
2695891
2696054
2696062
2696063
2696284
2696285
2696468
2696469
2696472
2696560
2696561
2696565
2696566
2696567
269660
269666
269670
269672
2697007
2697008
2697010
2697024
2697027
2697028
2697030
2697031
2697032
2697033
2697035
2697043
2697053
2697319
2697365
2697469
2697499
2697500
2697503
2697515
2697563
2697565
2697569
2697657
269796
269798
269799
2698
2698458
2698649
2698672
2698673
2698679
2698682
2698687
2698827
2698828
2698829
2698830
2699
2699169
2699202
2699427
2699429
2699430
2699460
2699469
2699483
2699888
2699889
2699891
2700082
2702
270249
270345
270350
270351
270368
2703787
2703793
2703794
2703818
2703882
2703883
2703884
2703885
2703963
2704140
2704462
2704463
2704465
2704466
270495
270498
2705029
2705253
2705254
2705255
2705290
2705293
2705321
2705421
2705474
2705546
2706014
2706015
2706887
2706888
270689
2707003
2707005
2707006
2707016
2707018
2707049
2707176
2707299
2707330
2707344
2707525
2708020
2708063
2708079
2708084
2708110
2708117
2708132
2708133
2708254
2708301
2708338
2708340
2708343
2708345
2708539
270914
2709157
2709158
270918
270921
2709310
2709311
2709364
2709381
2709383
2709392
2709394
2709396
2709400
2709403
2709410
2709659
2709660
2709661
2709662
2709663
2709664
2709780
271
2710484
2710591
2710596
2710650
2710754
2710756
2710757
2710758
271096
271099
2711156
2711215
2711216
2711217
2711219
2711220
2711221
2711233
2711294
271156
271157
271160
2712223
2712224
2712698
2712864
2712865
2713171
2713172
2713173
2713174
2713176
2713419
2713500
2713501
2713502
2713503
2713504
2713505
2713570
2713603
2714
2714036
271420
271432
271433
271434
2714351
2714353
2714355
2714358
2714601
2714738
2714739
2714855
2714858
2714865
2714892
2714901
2714933
2714934
2714935
2714937
2714938
2714943
2714944
2714946
2714947
2714949
2714950
2714955
2714956
2715124
2715131
2715133
2715163
2715164
2715209
2715210
2715212
2715277
2715279
2715399
2715425
2715436
2715437
2715535
2715536
2715678
2715679
2715755
2715756
2715964
2716202
2716224
2716225
2716226
2716227
2716263
2716264
2716334
2716335
2716417
2716538
2716691
2716870
2716883
2716930
2717094
2717286
2717319
2717324
2718
271848
2718620
271865
2718714
271881
2718876
2719119
2719233
2719616
2719797
2719987
2719988
2719989
2720018
2720021
2720023
2720024
2720025
2720606
2720610
2720613
2721160
2721161
272123
272134
2721545
272161
2721623
2721624
272210
272240
2722702
2722704
2722706
2722751
2722756
2722791
2722792
2722803
2722820
2723052
2723079
2723081
2723088
2723089
2723090
2723091
2723092
2723403
2724178
2724184
2724191
2724524
2724528
2724896
2724909
2724927
2724939
2724942
2724944
2725268
2725283
2725414
2725477
2725493
2725494
2725557
2725558
2725562
272557
272559
272562
272564
2725666
272568
272569
2725995
2726117
2726118
2726122
2726185
2726189
272624
272627
272632
2726362
2726434
2726450
2726741
2726742
2726743
2726954
2726955
2726956
2726987
2726988
272773
272774
2728020
2728021
2728022
2728023
2728024
2728037
2728101
2728102
272844
2728834
2728835
2728836
2728837
2728839
2728840
2728842
2728845
2728846
2728847
2728848
2728849
2728851
2728853
2729096
2729105
2729135
2729136
272914
2729140
272917
2729175
272918
272919
2729421
272943
272944
272951
2729598
2729599
2729614
2729617
2729618
2729622
2729623
2729629
2730080
273032
2730337
2730403
2730404
2730405
2730413
2730424
2730425
273063
273068
273075
2730852
2730920
2730921
2730922
273116
273121
2731212
2731220
2731247
2731255
2731377
2731552
2731681
2731755
2731756
2732067
2732161
2732163
2732249
2732487
2732508
273251
2732510
2732511
2732512
2732864
2732867
2732868
2733481
2733483
2733484
2733486
2733571
2733572
273384
2734634
2734909
2734912
2735135
2735136
2735141
2735167
2735259
273527
2735321
2735436
2735528
2735553
2735555
2735563
2735675
2735723
2735870
2735886
2735894
2735895
2735896
2735897
2735899
2735915
2736289
2736290
2736291
2736294
2736302
2736608
2736640
2736643
2736649
2736757
273676
273678
2736875
2736928
2737006
2737028
2737050
2737171
2737172
2737173
2737512
2737662
2738
2738125
2738405
2738409
2738439
2738446
2738515
2738837
2738844
2738988
2739
2739057
2739058
2739061
2739063
2739064
2739389
2739433
2739434
274
2740163
2740184
2740185
2740186
2740297
2740404
2740405
2740462
2740464
2740515
2740516
2740517
2740518
2740529
2740531
2740577
2740579
2740584
2740817
2741
2741070
2741071
2741323
2741333
2741433
2741495
2741497
2741499
2741544
2741674
2741719
2741721
2741724
2742145
2742202
2742203
2742600
2742601
2742612
2742613
2742615
2742683
2742685
2742698
2742796
2742824
2742993
2743
2743000
2743001
2743089
2743090
2743357
2743358
2743469
2743470
2743471
2743610
2743612
2743772
2743979
2744027
2744309
2744473
2744479
2744574
2745197
2745198
274537
2745482
2745488
2745490
2745492
2745493
2745494
2745495
2745496
2745500
2745502
2745503
2745504
2745508
2745509
2745510
2745511
2745512
2745514
2745518
2745851
274592
274593
2746321
2746702
2746961
2747268
2747562
2747601
2747607
2747817
2748
2748009
2748010
2748011
2748098
2748301
2748310
2748318
2748320
2748629
2748662
2748666
2748667
2748684
2748864
2749
2749043
2749049
2749050
2749053
2749064
2749071
2749076
2749078
2749088
2749147
2749148
2749268
2749434
2749844
2749961
2749962
2749967
2749991
2750
2750012
2750084
2750620
2750624
2750625
2750658
2750659
2750669
2750670
2750812
2750816
2750929
2750947
2750967
2750995
2750996
2751
2751153
2751250
2751251
2751313
2751370
2751477
2751478
2751811
2751812
2752305
2752306
2752307
2752310
2752311
2752516
2753541
2753746
2754
2754044
2754045
2754057
2754694
2754695
2754725
2754726
2755038
2755039
2755040
2755041
2755051
2755323
2755338
2755356
2755358
2755382
2755406
2755559
2755585
2756107
2756129
2756131
2756294
2757
2758030
2758037
2758038
2758039
2758041
2758440
2758441
2758443
2758564
2758565
2758568
2758569
2758570
2758573
2758695
2758710
2759022
2759023
2759035
2759037
2759165
2759166
2759181
2759526
2759527
2759528
2759694
2759707
2759747
2759748
2759752
2759755
2759855
2759899
2759900
2759926
2759953
2759956
276
2760083
2760084
2760088
2760089
2760093
2760662
2760713
2760803
2760804
2760832
2761101
2761102
2761104
2761120
2761123
2761164
2761453
2761487
2761496
2761530
2761578
2761579
2761580
2761622
2761623
2761955
2762209
2762210
2762212
2762213
2762214
2762215
2762216
2762217
2762218
2762219
2762220
2762221
2762222
2762223
2762224
2762225
2762226
2762227
2762229
2762230
2762231
2762232
2762233
2762234
2762235
2762236
2762237
2762238
2762240
2762241
2762242
2762243
2762245
2762246
2762247
2762274
2762277
2762291
2762292
2762294
2762295
2762297
2762298
2762300
2762557
2762576
2762577
2762591
2762596
2762597
2762598
2762729
2762745
2762756
2762757
2762758
2762760
2763006
2763010
2763012
2763013
2763014
2763015
2763016
2763017
2763018
2763021
2763023
2763025
2763026
2763027
2763028
2763030
2763032
2763033
2763035
2763036
2763037
2763038
2763040
2763042
2763043
2763045
2763047
2763048
2763050
2763051
2763052
2763053
2763054
2763055
2763056
2763057
2763058
2763059
2763060
2763061
2763062
2763063
2763064
2763065
2763066
2763067
2763069
2763071
2763072
2763074
2763075
2763107
2763117
2763258
2763260
2763262
2763263
2763266
2763317
2763338
2763498
2763499
2763500
2763501
2763503
2763505
2763506
2763540
2763644
2763645
2763654
2763655
2763656
2763657
2763658
2763659
2763660
2763661
2763662
2763663
2763664
2763666
2763667
2763668
2763669
2763670
2763671
2763672
2763673
2763675
2763676
2763677
2763678
2763679
2764176
2764185
2764186
2764187
2764322
2764323
2764325
2764326
2764327
2764329
2764330
2764597
2764705
2764712
2764714
2764716
2764718
2765360
2765361
2765362
2765363
2765364
2766470
2766473
2766474
2766479
2766537
2766577
2766578
2766780
2766954
2766967
2766980
2766981
2766982
2766984
2767221
2767425
2767482
2767595
2767826
2768066
2768068
2768069
2768071
2768161
2768162
2768829
2768834
2769024
2769067
2769420
2769485
2769486
2769491
2769542
2770274
2770504
2770636
2770637
2770916
2771008
2771352
2771354
2771355
2771356
2771358
2771359
2771361
2771362
2771369
2771427
2771428
2771430
2771431
2771432
2771434
2771435
2771537
2772109
2772110
2772213
2772252
2772254
2772299
2772457
2772509
2772510
2772557
2772558
2772559
2773299
2773304
2773426
2773451
2773454
2773457
2773677
2773713
2774015
2774019
2774051
2774137
2774138
2774142
2774143
2774144
2774145
2774151
2774154
2774189
2774190
2774191
2774330
2774408
2774460
2774461
2774531
2774876
2775080
2775081
2775404
2775420
2775421
2775496
2775866
2775867
2775868
2775968
2776705
2776706
2776917
2777537
2777577
2777977
2778364
2778365
2778368
2778369
2778430
2778476
2778550
2778729
2778730
2778731
2778876
2778911
2779351
2779352
2779354
2779355
2779356
2779357
2779358
2779401
2779506
2779508
2779510
2779518
2779519
2779528
2779529
277961
2779678
2779775
277988
2780073
2780086
2780087
2780091
2780094
2780140
2780399
2780401
2780508
2780544
2780922
2781022
2781023
2781186
2781239
2781240
2781241
2781243
2781388
2781599
2781736
2781738
2781773
2781774
2781855
2781959
2781960
2781962
2781979
2781983
2782006
2782161
2782163
2782166
2782167
2782168
2782169
2782176
2782243
2782349
2782350
2782351
2782352
2782538
2782551
2782568
2782605
2782607
2782701
2783613
2783614
2783664
2783811
2784339
2784346
2784387
2784388
2784389
2784880
2785025
2785058
2785297
2785326
2785331
2785530
2785532
2785627
2785629
2785915
2785916
2785917
2785918
2786951
2786953
2786956
2787622
2787628
2787634
2787636
2787712
2787751
278860
2789292
278957
2789740
2789776
2789781
2789856
2789879
278992
278994
279010
279058
2790656
2790657
2791022
2791023
2791024
2791025
2791026
2791027
2791028
2791037
279113
2791981
2791986
2792008
2792013
2792015
279208
2792083
279215
279238
2792481
2792603
279262
2792783
2792784
2792854
2792964
2792977
2792978
2792979
2793064
2793065
2793066
2793069
2793070
2793071
2793075
2793076
2793077
2793102
2793196
2793269
2793270
2793282
2793297
279356
279360
2794033
2794344
2794346
2794347
2794352
2794353
279446
2795026
2795027
2795029
2795030
2795215
2795217
2795218
2795293
2795386
2795387
2795388
2795389
279572
2795726
2795727
2795728
279573
2795731
2795733
2795737
2795739
279574
2795740
2795974
2795986
2796128
2796142
2796149
2796361
2796366
2796453
2796465
2796469
2796470
2796471
2796472
2796928
2797258
2797505
2797506
2797636
2797638
279810
279813
279824
279826
279828
2798301
279832
2798577
2798579
2798580
2798581
2798582
2798583
2798584
2798799
2798801
2798802
2798803
2798804
2799335
2799498
2799499
2799566
2799568
2799570
2799571
2799574
2799577
2799579
2799580
2799636
2799638
2799948
280
2800127
2800325
2800326
2800327
2800328
2800330
2800381
2800387
2800405
2800406
2800421
2800818
2800819
2800820
280093
2800988
2801330
2801331
2801332
2801334
2801335
2801336
2801337
2801339
2801340
2801341
280145
2801451
2801452
280147
2801474
2801916
2801997
2802052
2802053
2802280
2802281
2802282
280238
2802395
2802396
2802615
28028
280293
2802975
2802976
28031
280332
280333
2803368
28035
28037
2803775
2803784
2803787
28038
2803811
2803812
2803813
2803814
2803815
2803817
2803841
2803858
2803861
2803862
2803863
2803865
28039
2803911
2803918
2803939
2803949
2804028
2804194
28042
28044
28045
2804532
2804533
28047
280483
2804917
2804918
2804919
280504
2805094
2805096
2805098
2805378
2805427
2805490
2806100
2806101
2806205
2806210
2806261
28064
2806553
2806554
28066
28068
2807095
2807096
2807512
2807577
2807616
2807618
2807619
2807622
2807623
2807628
2807650
28080
28082
28083
28084
28085
28087
280871
28088
2808900
28090
2809017
2809018
2809020
2809026
2809027
2809028
2809031
2809051
28091
28092
28094
28095
2809707
28099
281
2810033
2810034
2810035
2810036
28101
2810307
2810309
2810310
2810347
2810349
2810351
2810368
28104
2810512
2810535
2810536
2810561
2810562
2810563
2810611
2810613
2810614
2810616
28107
28108
28109
281105
28111
2811104
2811108
2811111
28112
2811230
2811231
2811233
2811234
28113
2811415
2811421
2811429
2811430
28115
28116
2811778
2811779
2811780
2811781
28118
281186
28119
2811901
2812000
2812003
28122
28124
28125
281252
2812555
2812556
2812558
2812559
2812562
2812563
2812658
2812733
28128
2812848
2812850
28129
2812904
2812953
28130
28131
28132
28133
2813360
2813362
2813371
28134
28135
2813578
28136
281362
2813727
2813778
2813823
28139
28141
2814244
2814292
2814293
2814294
2814576
2814589
2814886
28151
28152
2815309
2815339
2815343
2815358
2815362
2815577
2815579
28156
2815720
2815722
2815723
2815733
28159
2816034
2816035
2816037
2816048
2816080
2816082
28161
2816119
2816120
2816244
2816248
2816249
2816250
2816356
2816357
2816474
2816475
2816476
2816852
2816856
2816857
2816859
2816862
281689
28169
2816950
2816956
2816960
2816963
2816993
2817027
2817059
2817060
2817061
28171
28172
2817372
2817374
2817375
2817376
2817382
281739
28174
2817418
2817435
2817449
2817475
2817476
2817477
2817478
2817681
2817862
2818044
28181
2818388
2818389
2818439
2818440
2818442
2818493
2818536
2818557
2818620
2818634
2818755
28188
2818812
2818945
2818948
2819233
2819234
2819236
2819238
2819280
2819290
2819348
2819369
28195
2819619
28197
28198
2819934
2819978
2819979
2819984
2819985
28200
2820060
28202
2820268
2820273
2820274
2820287
2820289
2820290
2820300
2820301
2820326
2820523
282060
2820698
2820710
2820809
2820810
2820811
2820812
2820819
2820877
2820884
28210
28212
2821357
2821403
2821404
2821405
2821406
2821407
2821487
2821488
2821489
2821541
2821543
2821844
282197
282199
2822137
2822138
2822140
2822344
2822368
2822762
2823109
2823330
2823335
2823372
2823377
2823469
2823519
2823693
2823807
2823873
2824118
2824119
2824121
2824122
282423
2824561
2824673
2824910
28254
28255
28258
2825842
2825884
2825886
28264
282669
282683
2826895
2826925
2826939
2827099
2827235
2827236
2827238
2827239
2828328
2828330
2828363
2828514
2828656
2828728
2828729
2828731
2828733
2828780
2828781
2828860
2829105
2829489
2829490
2829491
2829499
2829501
2829795
2829797
2829809
2829810
2829812
2829817
2829821
2829823
2829994
2830665
2830666
2830782
2830842
2830844
2831022
2831035
2831036
2831148
2831190
2831468
2831523
2831590
2831643
283166
2831662
2831673
2831674
2831900
2831968
2831969
2831970
28320
2832407
2833578
2833579
2833580
2833581
2833583
2833586
2834112
2834113
2834276
2834413
2834431
2834432
2834433
2834434
2834435
2834436
2834437
2834459
2834460
2834574
2834768
2835040
2835041
2835133
2835305
2835306
2835530
2835536
2835787
2835864
2835865
2835866
2835868
2835870
2836179
2836180
2836182
2836848
2836866
2836868
2836891
283718
2837202
283734
283736
283737
2837387
2837491
283786
2837969
2838015
2838017
2838156
2838157
283816
283878
2838833
2838853
2838854
2838947
283923
283942
2839743
2839759
2839843
2839954
2839984
2840183
2840188
284027
284028
284029
284030
284031
284032
284035
284036
284039
284040
284042
284043
284044
2840455
2840469
2840470
2840474
2841031
2841032
2841034
2841044
2841061
2841207
2841257
2841273
2841503
2841504
2841506
2841507
2841508
2841509
2841512
2841534
2841589
2841590
2841594
2841596
2841597
2841925
2841926
2842200
2842201
2842303
2842345
2842346
2842347
2842348
2842349
2842350
2842351
2842352
2842353
2842354
2842355
2842356
2842357
2842451
2842452
2842453
2842454
2842456
2843196
2843197
2843215
2843216
2843302
2843303
2843330
2843610
2843612
28442
2844358
2844359
28444
28445
284452
28447
28448
28449
28450
28454
284570
284577
284579
284580
284581
284582
2846746
2846776
2846777
2846851
2847045
2847292
2847778
2847989
2847992
2848396
2848612
2849041
2849149
2849150
2849492
2849498
2849499
2849501
2849641
2849642
2849650
2849652
2849654
2849666
2849669
2849687
2849866
285
2850322
2850323
285070
285091
2851006
2851010
2851012
2851013
2851016
2851023
2851566
2851599
2851642
2851645
2851646
2851649
2851652
2851888
2852097
2852098
2852117
285258
285279
2853159
2853160
2853164
2853256
285351
2853805
2854028
2854036
2854259
2854389
285444
285446
285451
285453
2854747
2854755
285500
285515
285531
285535
285536
2855394
285545
2855490
2855501
2855503
285556
285557
285558
285560
285561
285562
285563
285564
285566
285568
2855689
285572
2855764
285578
2855840
2856519
2856555
285665
285676
285679
2856822
2856823
2856853
2857014
2857064
2857106
2857107
285729
2857508
2857527
2859226
2859516
2859768
2859781
2859783
2859785
285983
2859893
2860197
2860199
2860200
2860285
2860288
2860290
2860311
2860329
2860336
2860338
2860393
2861190
2861747
2861777
2861973
2862456
2862496
2862497
2862498
2862499
2862509
2862510
2862543
2862866
2862867
2862869
2864039
2864040
2864201
2864203
2864204
2864205
2864206
2864207
2864208
2864209
2864211
2864212
2864213
286438
2864460
2864871
2864872
2865112
2865671
2865673
2865782
2865840
2865933
2865934
2865960
2865987
2866160
2866161
2866162
2866211
2866212
2866214
2866279
2866384
2866625
2866629
2866724
2866998
2867231
2867232
2867233
2867234
2867236
2867237
2867238
2867239
2867240
2867241
2867243
2867244
2867245
2867246
2867266
2867268
286727
2867410
2867412
2867439
2867516
2867518
2867964
2869515
287
2870339
2870530
2870838
2870839
287097
287098
287099
2871094
2871096
2871169
2871171
2871810
2871811
2871820
2871826
2872036
2872037
2872154
2872157
2872158
2872309
2872310
2872311
2872312
2872342
2872591
2872623
2872625
2872639
2872648
2872652
2872700
2872701
2873249
2873263
2873264
2873265
2873268
2873270
2873312
2873381
2873382
2873384
2873595
2873596
2873598
2873599
2873600
2873601
2873699
2873700
2873702
2873927
2874102
2874282
2874285
2874475
2874476
2874477
2874580
2874583
2874699
2875501
2875502
2875539
2875540
2875706
2875708
2875709
2875764
2875777
2875781
2875782
2876027
2876078
2876082
287609
2876190
2876193
2876194
2876714
2876715
2876780
2876789
2877122
2877123
287752
2877527
2878098
2878201
2878384
2878385
2878388
2878389
2878391
287844
2878534
2878535
2878561
2878562
2878563
2878679
2878684
2878685
2878854
2879115
2879119
287930
2879464
2879465
2879466
2879484
2879643
2879846
287986
2879940
288
2880008
288004
288019
2880260
2880651
2880879
2880922
2880929
2880930
2880933
2880963
2880965
2880966
2880967
2880968
2881052
2881055
2881234
2881258
2881262
2881264
2881265
2881272
2881276
2881335
2881336
2881337
2881355
2883101
2883104
2883105
2883108
2883123
2883124
2883125
2883126
2883169
2883241
2883244
2883246
2883479
2883998
2884022
2884250
2884263
288436
2884804
2884812
2884874
2884875
2884876
2885079
2885154
2885348
2885351
2885352
2885356
2885357
2885361
2885762
2885763
2886038
2886039
2886376
2886507
2886510
2886687
2886895
2886935
2886936
2886940
2886942
2886943
2886945
2886946
2886947
288705
2887190
2887191
2887345
2887346
2887347
2887372
2888272
28885
2888523
2888524
2888525
28887
28892
28893
28894
28898
288992
289003
28901
2890314
2890315
2890316
2890317
2890318
2890319
2890320
2890321
28907
2890835
2891210
2891236
2891570
2891571
2892015
2892029
2892325
2892326
2892329
2892330
2892331
2892333
2892440
2892443
2892444
2892995
2893018
2893170
2893173
2893174
2893176
2893202
2893468
2893572
2893586
289370
2893752
2893753
2893754
2893755
2893756
289376
289377
2893883
2893884
2893885
2893886
2893887
2893889
2893891
289397
2894079
2894081
2894083
2894155
2894156
2894196
2894198
2894201
2894755
2895283
2895286
2895352
2895469
2895522
2895523
2895524
2895559
2895818
2895947
2895977
2895980
2896315
2896528
2896849
2896850
2897159
2897163
2897181
2897332
2897341
2897351
2897352
2897386
2897391
2897419
2897682
2897706
2897707
2897773
2897774
2897778
2897779
2898076
2898149
2898187
2898276
2898438
2898585
2898586
2898659
2898660
2898793
2898794
2898795
2898945
2899119
2899121
2899123
2899127
2899147
2899220
2899519
2899544
2899727
2899784
2899785
2899818
2899819
2899822
290
2900151
290054
2900738
290109
290110
290111
2901140
2901141
2901226
2901381
2901836
2901866
2901869
2902623
2902624
2903098
2903142
290315
290317
290335
2903556
2903900
290398
2904075
2904119
2904120
2904121
2904122
2904123
2904124
2904244
2904245
2904246
2904247
2904249
2904250
2904254
290434
2904537
2904603
2904799
2904801
290512
2905648
2905649
2905650
2905677
2905679
2905690
2905831
290586
2905874
2905877
290588
290589
2905958
2906062
2906076
2906077
2906078
2906443
2906456
2906474
2906497
2906515
2906758
2906759
2906760
2906761
2906762
2906763
2906793
2907145
2907158
2907202
2907205
2907998
2908000
2908002
2908004
2908007
2908145
2908146
2908147
2908148
2908149
2908202
2908203
2908204
2908205
2908206
2908207
2908208
2908209
2908641
2908642
2908838
2908839
2909229
2909234
2909236
2909237
2909249
2909283
2909285
2909339
2909341
2909342
2909586
2909587
2909667
2909668
2909671
2909672
2909673
2910158
2910230
2910232
2910243
2910244
2910245
2910246
2910247
2910248
2910249
2910250
2910251
2910252
2910253
2910254
291045
2910523
2910674
2910675
2910677
2910770
2910972
2910976
2910977
2911009
2911060
2911061
2911062
2911065
291112
2911172
2911208
2911209
2911210
2911211
2911212
2911213
2911366
2911368
2911371
2911514
2911516
2911517
2911537
2911538
2911539
2911683
291179
2911853
291186
291187
291188
2911888
291189
291190
291193
2911966
2912055
2912187
2912188
2912190
2912228
2912242
2912243
2912247
2912308
2912333
2912572
2912588
2912854
2913261
2913411
2913497
2913498
2913499
2913500
2913501
2913502
2913503
2913504
2913555
2913557
2913560
2913614
291403
2914710
2914829
2914924
2914925
2914984
2915351
2915619
2915620
2915939
291594
291602
2916410
2916433
2916441
291645
2916756
2916836
2916838
2917711
2917712
2917717
2917790
2917812
2917965
2917991
2917992
2917993
2918170
2918171
2918523
2918528
2918751
2918765
2918802
2918900
2918901
2918902
2918914
2918990
2919498
2919500
2919506
2919542
2919576
2919597
2919598
2919747
291985
2919874
291989
2919913
2919917
2919919
2919920
2919921
2919922
2919947
292
2920380
2920382
2920385
2920386
2920428
2920935
2920937
2920941
2921185
292222
2922272
2922273
2922307
2922394
2922713
2922716
2922717
2922720
2922721
2922722
2922723
2922724
2922725
2922866
2922868
2923272
2923277
2923278
2923279
2923283
2923362
2923363
2923364
2923435
2923436
2924040
292459
292461
292462
2925113
2925194
2925336
2925396
2925397
2925406
2925408
292563
292564
2925781
2925782
2925830
2925834
2925839
2925840
2926292
2926318
2926319
2926320
2926463
2926467
2926469
2926470
2926519
2926520
2926616
2926617
2926618
2926709
2926907
2927224
292733
292734
2927582
2927583
2927786
2927791
2927804
2927975
2927976
2927977
2927978
2927979
2927980
292800
2928153
29282
29284
2929157
2929485
2929491
2929513
2929573
2929799
2929800
2929802
2929842
29299
293
2930083
2930092
2930093
2930094
2930199
2930200
2930218
2930389
29304
29305
293050
29306
29313
2931382
2931391
2931392
29314
29316
2931921
2931922
2931975
2931976
2931977
2931978
2931982
29320
2932181
2932182
2932183
2932184
2932244
2932245
2932247
2932248
2932249
2932251
2932254
2932255
2932256
2932257
2932258
2932259
2932266
2932267
2932268
29324
2932493
2932774
29332
2933270
2933272
2933291
2933292
2933565
2933566
2933588
2933617
2933777
2933780
2933790
2933791
293387
293388
2933965
2934158
2934161
2934181
2934315
2934340
29344
29347
29349
2934933
2934934
2934936
2934937
2934938
2935017
2935520
2935737
29358
2935860
2935862
2935863
29363
29364
2936439
2936508
29367
29369
29370
2937282
2937283
2937286
2937417
2937440
2937441
2937442
29375
2937524
2937790
2937791
2937794
2937795
2937799
29378
29379
29380
2938121
2938197
29382
293826
29383
29384
29385
2938695
29388
29389
2938945
2938947
2938948
29391
2939269
29394
2939436
2939438
2939450
2939460
2939490
2939491
293958
29396
2939690
294
29401
2940293
2940297
2940299
2940300
2940301
2940302
2940486
2940498
2940516
2940571
2940653
2940671
29408
29409
2940935
2941233
2941324
2941326
2941327
2941328
2941329
2941330
2941331
2941332
2941333
2941334
2941335
2941338
2941341
2941342
2941502
2941505
2941510
2941511
2941513
2941515
2941517
2941519
29419
29421
29422
2942207
2942208
2942209
2942213
2942214
29423
2942470
2942627
2942628
2942629
2942633
29427
29428
29429
2942909
2942911
29430
2943193
29432
29433
2943489
2943490
2943492
2943497
29435
2943705
2944128
2944139
29442
2944268
29443
2944682
29447
29448
2944811
2944914
2944915
2944916
2944933
2944940
2945102
2945104
2945105
2945988
2945989
29460
29461
2946555
2946593
2946594
29466
2946604
2946698
2946699
294671
2946865
2946866
294699
29471
29483
29484
2948575
29486
29488
29489
2949085
2949086
2949090
2949092
2949093
2949094
29491
2949307
2949308
2949309
2949332
2949333
294935
294936
29494
2949426
29495
2949635
2949643
2949647
2949650
2949651
2949662
2949664
2949669
29497
2949735
2949739
29498
2949993
2949994
2949995
2949997
2950023
2950024
2950025
2950102
2950104
2950106
2950107
2950108
2950153
2950278
2950279
2950280
2950371
2950375
2950420
2950438
2950439
2950441
2950533
2950534
2950536
2950537
2950539
2950540
2950604
295065
295068
295069
29508
295089
2950949
2951057
2951405
2951408
29518
2951803
2951804
2951805
2951807
2951809
29519
2951981
29520
2952157
2952158
29522
2952222
2952223
2952224
2952225
2952226
2952227
29524
2952477
2952523
2952535
2952536
295255
2952607
2952618
2952754
29529
2952932
2952933
295324
2953240
29533
29534
295352
29536
2953651
2953654
2953685
2953688
2953739
2953740
2953746
2953747
2953748
2953749
2953750
2953753
2953879
2953880
2953881
2953895
2953896
29539
29540
2954082
2954098
2954101
2954105
2954114
2954117
29542
2954236
2954240
295428
2954381
29545
2954799
29549
29552
29553
2955316
29555
29556
29558
295585
29559
29561
29563
2956784
2956795
29571
2957203
29573
2957504
29581
2959295
2959299
2959716
296
2961520
2961570
2961571
2961572
2961574
2961577
2961580
2961595
2961596
2961597
2961598
2961599
2961619
2961621
2961893
2961894
2961895
2961896
2961939
2961943
2961944
2961951
2961959
296199
2961994
2961995
2962047
2962064
296218
2962204
2962432
2962567
2962607
2962632
2962633
2962671
2962672
2962673
2962676
2962693
2962890
2962936
2963128
2963283
2963284
2963365
2963406
2963433
2963434
2963714
2963937
2963939
2964609
2964616
2964666
2964669
2964670
2964767
2965064
2965069
2965071
2965074
2965077
2965078
296544
2965509
2966350
2966450
2966451
2966552
2966586
2967225
2967226
2967336
2967337
2967338
2967339
2967341
296745
2967975
2968030
2968083
2968084
2968085
2968086
296842
2968457
2968469
2968472
2968473
2968490
2968968
2968969
2969247
2969249
2969672
2969821
296995
2969984
297
2970331
2970465
2970734
2970906
2970912
2970913
2970914
2970915
2970926
2970927
2971264
297244
2972466
2972472
2972474
2972482
2972485
2972487
2972488
2972489
2972766
2972786
2972948
2972951
2972972
2973072
297318
2973512
2973932
2973938
2973939
2973940
2974022
2974023
2974299
2974474
2974565
2974574
2974576
2974588
2974589
2974897
2975053
2975054
2975056
2975157
2975269
2975273
2975278
297536
2975440
2975482
2975484
2976125
2976127
2976241
2976331
2976432
2976475
2976476
2976531
2976532
2976534
2976535
2976676
2976702
2976708
2976809
2976810
2976820
2976980
2976983
2977121
2977320
2977531
2977629
2978046
2978047
2978220
2978344
2978345
2978347
2978349
2978350
2978473
2978475
2978477
2978478
2978479
2978683
2978973
2979115
2979328
2979464
2979466
2979865
2979868
2979869
2979988
2979990
2979991
298
2980026
2980027
2980099
2980100
2980103
2980104
2980107
2980108
2980554
2980997
2981134
2981135
2981137
2981139
2981351
2981529
2981720
2981721
2981722
2981723
2981724
2981725
2981726
2981728
2981768
2981769
2981770
2981771
2981772
2981773
2981774
2981778
2981779
2981780
2981781
2981782
2981783
2981784
2981785
2981786
2981787
2981788
2981789
2981790
2981791
2981792
2981793
2981794
2981849
2982185
2982496
2982524
2982530
2982533
2982626
2982627
2982628
2982629
2982630
2982689
2982690
2982695
2983392
2983605
2983606
2983762
2983763
2983764
2983766
2984028
2984131
2984134
2984152
2984153
2984159
2984191
2984192
2984193
2984194
2984195
2984196
2984199
2984206
2984207
2984209
2984210
2984211
2984212
2984329
2984331
2984333
2984338
2984494
2984495
2984530
2984843
2984846
2984863
2984864
2984948
2984949
2985511
298596
2986422
2986475
2986476
2986526
298654
298655
2986804
2986805
2986940
2986949
2986998
298708
2987481
2987519
2987520
2987522
2987523
2987524
2987525
2987526
2987686
2987687
2987688
2987689
2987699
2987717
2987751
298794
298908
2989681
2989684
2989700
2989705
2989713
2989714
2989719
2989736
2989783
2989819
2989820
299072
2991417
2991418
299146
2991496
2991499
299152
2991545
2991709
2991712
2991719
2991723
2991831
2991832
2991833
2991834
2991836
2991838
2991926
2992041
2992111
2992112
2992113
2992126
2992127
2992128
2992142
2992147
2992237
2992239
2992241
299255
2992573
299262
2992803
2992837
2992838
2992926
299308
2993314
2993316
2993430
2993450
2993455
2993456
2993540
2993559
2993563
2993564
2993566
2993653
2993659
2993714
2993936
2993939
2993940
2993941
2994035
2994102
299421
2994424
2994442
2994495
2994553
2994555
2994640
2994642
2994643
2994648
2994654
299480
2994950
2994971
2995136
2995174
2995223
2995303
2995304
2995305
2995306
2995308
2995309
2995310
2995317
2995321
2995335
2995413
2995589
2995658
2996016
2996017
2996032
2996052
2996112
2996458
2996459
2996466
2996697
2996794
2997323
2997333
2997336
2997337
2997341
2997343
2997416
299766
299767
2997908
2998077
2998078
2998417
2998507
2999064
2999067
2999068
2999072
300
300018
300019
300028
300179
300181
300193
300266
3002863
3002864
3002900
3002903
3003247
3003256
3003257
3003258
3003259
3003260
3003261
3003262
3003263
3003271
3003272
3003348
3003483
3003601
3004091
3004092
3004093
3004094
3004097
3004098
3004103
3004105
300419
300560
300825
300852
300876
3009082
301
301102
301154
3012344
301302
301388
3014050
3014267
3014554
3014562
3014751
3015171
3015175
3015983
3016001
3016050
3016083
3016339
3016340
3016342
3016343
3016358
3016359
3016528
3016789
3017187
3017781
3017783
3017784
3017813
3018314
3018315
3018340
3018443
3018444
3018445
3018743
3019066
3019067
3019086
301953
3019553
3019556
301967
3019891
3019932
3019933
3019934
3020056
302044
3020714
3020826
3020828
3020831
3020863
3020898
3020899
3020900
3020909
3021375
302168
3021811
3021977
3022250
3022259
3022440
3022442
3022444
3022686
3022769
3022791
3023370
3023713
3023714
3023715
3024215
3024217
3024236
3024242
3024399
3024400
302449
3024868
3025312
3025666
3025668
3025669
3025671
3025672
3025679
3025680
3025874
3025875
3025878
3025936
3025951
3026086
3026162
3026192
3026418
3026419
3026422
3026423
3026437
3026462
3026934
3026935
3026967
3026968
3027471
3027484
3027807
3027921
3027932
3028070
3028082
3028083
3028084
3028235
3028293
3028294
3028295
3028296
3028297
3028298
3028299
3028300
3028314
3028316
3028317
3028615
3028623
3028708
3028804
3029055
3029061
3029062
3029084
302912
3029197
3029272
3029274
3029761
303
3030010
3030011
3030012
3030016
3030211
3030492
3030638
3030827
3030829
3030830
3030833
3030834
3030835
3030997
3030999
3031124
3031126
3031128
3031130
3031239
3031298
3031301
3031321
3031322
3031324
3031325
3031328
3031331
3031406
3031727
3031728
3031799
3031815
3031916
3031993
3031996
3031998
3032001
3032125
3032281
3032283
3032292
3032367
3032579
3032584
3032585
3032586
3032591
3032592
3032599
3032870
3032871
3032872
3033385
3033386
3033387
3033388
3033389
3033390
3033392
3033395
3033396
303380
3033808
3033811
3033939
3034020
3034021
3034023
3034024
3034025
3034026
3034029
3034143
3034146
3034147
3034150
3034152
3034157
3034232
3034234
3034235
3034352
3034501
3034648
3034749
3034750
3034752
3034837
3035064
3035188
3035208
3035284
3035291
303541
3035452
3035453
3035454
3035606
3035702
3035913
3035915
3035916
3035917
3035918
3035919
3035935
3036126
3036128
3036245
3036301
3036302
3036303
3036359
3036374
3036443
3036494
3036704
3036711
3036773
3036903
3036942
3036945
3037259
3037261
3037696
3037795
3037796
3037798
3037988
3037989
3038078
3038079
3038133
3038144
3038145
3038202
3038772
3038773
3038776
3038953
3038979
3039180
3039283
3039389
3039681
304
3040073
3040201
3040346
3040348
3040349
3040353
3040382
3040509
3040598
3040602
304077
3040919
3040935
3040937
3040939
3041001
3041084
3041175
3041253
3041254
3041258
3041265
3041495
3041496
3041512
3041622
3041623
3041766
3041921
3041922
3042023
3042024
3042025
3042027
3042029
3042299
3042313
3042314
3042315
3042517
3042610
304268
3043286
3043293
3043296
3043408
3043613
3043614
3043615
304371
3043872
3043873
304413
3044166
304417
3044208
3044210
3044211
3044269
3044271
3044273
3044279
3044325
3044389
3044578
3044600
3045147
3045149
3045158
3045167
3045172
3045173
3045177
3045839
3046203
3046274
3046382
3046383
3046593
3046670
3047466
3047475
3047478
3048008
3048009
3048010
3048013
3048489
3048490
3048491
3048495
3048891
3049071
3049073
3049091
3049108
3049544
3049774
3049799
3049801
305
3050034
3050036
3050037
3050082
3050085
3050112
3050128
3050131
3050197
3050224
3050225
3050226
3050227
3050384
3050454
3050455
3050585
3050637
3051092
3051103
3051154
3051177
3051178
3051179
3051180
3051181
3051183
3051184
3051431
3051432
3051614
3051659
3051660
3051663
3051664
3051825
3051826
3053353
3053355
3053356
3053466
3053467
3053468
3053470
3053498
3053501
3053502
3053503
3053513
3053515
3053516
3053517
3053610
3053612
3053923
3053926
3053982
3054208
3054939
3055034
3055040
305507
3055079
3055080
3055137
3055138
3055139
305517
3055382
3055399
3055434
3055440
3055817
3055846
3055869
3056444
3056445
3056648
3056842
3056844
3056915
3057057
3057113
3057165
3057166
3057675
3057676
3057677
305793
3058037
3058038
3058040
3058042
3058044
3058168
3058365
3058369
3058370
3058374
3058392
3058393
3058394
3058395
3058398
3058400
3058402
3058419
3058420
3058421
3058422
3058424
3058434
3058596
3058597
3058598
3058599
3058600
3058601
3058602
3058603
3058829
3058903
3058913
3058914
3058963
305900
3059035
3059038
3059076
3059078
305977
3060212
3060215
3060460
3061083
3061240
3061285
3061286
3061626
3062257
3062276
3062461
3062598
3062599
3062783
306281
3063328
3063329
3063330
3063533
3063535
3063538
3063782
3063788
3063951
3063952
3063954
3063993
3063994
3063995
3063996
3063997
3063998
3064139
3064161
3064264
3064265
3064281
3064282
3064283
3064284
3064286
3064287
3064288
3064347
3064348
3064349
3064350
3064385
3064387
3064388
3064389
3064523
3064524
3064525
3064531
3064532
3064538
3064654
3064829
3064888
3064889
3064902
3065157
3065238
306540
306541
306542
306545
3065647
3065648
3065649
3065675
306572
3065809
3065941
3065942
3066345
3066369
3067274
3067307
3067309
3067310
3067311
3067651
3067652
3067653
3067780
3068186
3068273
3068275
3068305
3068306
3068307
3068310
3068321
3068338
3068341
3068391
3068506
3068632
3068633
3068634
3068891
3069105
3069118
3069264
3069269
3069608
3069686
3069689
3069691
3069710
3069751
3069752
3069753
3069754
3070220
3070657
3070658
3070683
3070813
3070815
3070818
3070998
307119
307120
307121
3071408
3071409
3071446
3071448
3071451
3071453
3071472
3072179
3072309
3072311
3072313
3072314
3072316
3072319
3072323
3072977
3072978
3072994
3073042
3073143
3073267
3073561
3073562
3073563
3073602
3073603
3073604
3073652
3073653
3073654
3073862
3073890
3073902
3074079
3074080
3074107
3074108
3074109
3074111
3074124
3074380
3074428
3074433
3074434
3074435
307480
3074822
3074855
307486
3074860
3075120
3075121
3075122
3075123
3075124
3075126
307521
3075226
3075434
3075516
3075518
3075520
3075521
3075523
3075524
3075527
3075528
3075529
3075530
3075532
3075533
3075534
3075535
3075536
3075538
3075539
3075540
3075541
3075542
3075543
3075544
3075545
3075546
3075547
3075589
3075590
3075591
3075592
3075593
3075594
3075595
3075596
3075597
3075598
3075599
3075600
3075602
3075603
3075604
3075605
3075608
3075609
3075611
3075612
3075618
3075620
3075823
3075834
3075838
3075929
3075992
3075993
3075994
3076075
3076079
3076114
3076224
307627
3076335
3076378
307643
3076534
3076557
3076558
3077233
3077234
3077235
3077330
3077331
3077781
3077782
3078042
3078083
3078508
3078565
3078812
3079009
3079010
3079305
3079794
3079856
3079858
3079930
3079933
3079934
3079935
3080018
3080055
3080056
3080276
3080537
3080540
3080561
3080562
3080827
3080828
3080976
3081148
3081200
3081201
3081440
3081441
3081444
308163
3081749
3081751
3081755
3081768
3082379
3082388
3082862
3082863
3082950
3082953
3082954
3083254
308354
3084920
3085177
3085630
3088210
3088378
3088717
3090601
3090602
3090663
3090666
3090668
3090833
3092120
3092138
3092147
3092148
3092156
3092550
3092662
3092664
3092665
3093634
3093657
3093658
3093659
3093670
3093767
3093895
3095028
3095074
3095075
3095076
3095078
3095079
3095082
3095341
3095343
3095358
3095367
3095368
3095429
3095430
3095431
3096000
3096037
3096154
3096155
3096156
3096157
3096158
3096160
3096161
3096162
3096163
3096164
3096165
3096166
3096513
3096514
3096516
3096972
3096975
3096977
3096979
3097367
3097554
3097961
309798
309799
309800
309801
309803
309807
3098075
3098076
3098077
3098138
3098149
3098150
3098222
3098223
3098602
3098603
3098619
3098620
3098669
3098914
3098930
3100113
3101750
3101751
3102792
310300
3103127
3103134
3103137
3103142
3103145
310353
310354
310355
3103948
3103957
3103958
310400
3104292
3104293
3104323
3104324
3104325
3104612
3104728
3104729
3106030
3106031
3106033
3106034
3106036
310767
310769
310779
310780
310781
310782
3108168
3108223
3108390
3108392
3108399
3108486
3108497
3108498
3108499
3108500
3108533
3108534
3108754
3109030
3109031
3109360
3109564
3109565
3109584
3109744
3110173
3110225
3110228
3110229
3110230
3110231
3110235
3110268
3110288
3110330
3110430
3110539
3110540
3110766
3110772
3110773
3111414
3111448
3111451
3111453
3111456
3111522
3111523
3111640
3111773
3111775
3111776
3111777
311180
311182
3111861
3111907
311194
3112107
3112164
3112165
3112254
3112255
3112256
3112257
311230
311234
311235
3112415
3112552
3112582
3112768
3112843
311333
311334
3113620
3113724
3113737
3113904
3113905
3113906
3113984
311402
311410
3114280
3114281
3114282
3114367
3114371
3114390
3114394
311460
3114758
3114879
3115209
3115221
3115222
3115291
3115292
3115293
3115294
3115295
3115296
3115297
3115352
3115614
3115615
3115616
3115617
3115646
3115648
3115649
3115651
3115820
3115822
3115852
3115853
3115855
3116552
3116553
3116574
3116575
3116651
3116653
3116777
3116917
3117012
3117459
3117552
3117701
3117728
3117730
3117733
3117745
3117746
3117747
311789
3118054
3118105
3118145
3118173
3118332
3118333
3118588
3118750
3118910
3119006
3119007
3119018
3119057
3119164
3119429
3119530
3119538
3119819
3119826
3119828
3119911
3119912
3119913
3119917
3119920
3119921
3119922
3119923
3119924
3119926
3119929
3119932
3119935
3120013
3120150
312026
3120278
3120355
3120356
3120506
3120507
3120522
312089
3121275
312153
3121537
3121582
3121635
3121636
3121637
312168
3122049
3122050
3122051
3122398
3122400
3122417
3122420
312253
312285
312286
3122979
3123038
3123040
3123317
3123374
312540
3126216
3126357
3126499
3126500
3126503
3126504
3126508
3126690
3126691
3126709
3127115
312720
3127457
3127512
3127665
3127667
3127701
3127706
3128903
3128904
3128981
3129231
3129232
3129233
3129234
3129237
3129240
3129297
313007
3130163
3131913
3131927
3131933
3131934
3131935
3131936
3131937
3131938
3131939
3131940
3131993
3131995
3131996
3131999
3132207
3132208
3132209
3132211
3132212
3132259
3132260
3132262
3132264
3132265
3132283
3132284
3132285
3132286
3132287
3132289
3132291
3132292
3132293
3132294
3132296
3132300
3132301
3132747
3132797
3133035
3133036
3133091
3133117
3133144
3133146
3133147
3133148
3133152
3133153
3133154
3133155
3133156
3133157
3133158
3133159
3133161
3133162
3133163
3133164
3133165
3133166
3133167
3133170
3133171
3133172
3133173
3133174
3133175
3133177
3133178
3133180
3133267
3133271
3133272
3133273
3133399
3133422
3133423
3133424
3133425
3133430
3133431
3133433
3133434
3133435
3133436
3133439
3133440
3133441
3133495
3133499
313367
313368
3133966
3133970
3133971
3133972
3133978
3134023
3134029
3134031
3134107
3134109
3134111
3134126
3134136
313439
3134906
3135280
3135641
313594
313595
313596
3136018
313606
3136160
3136161
3136254
3136255
3136256
3136257
313628
3136559
3136600
3136601
3136602
3136688
3136731
3136736
3136737
3136738
3136739
3137122
3137368
3137369
3137370
3137451
3137470
3137712
3138075
3138077
3138240
3138810
3138811
3138812
3138934
3138935
3139139
3139140
3139141
3139142
3139143
3139144
3139350
3139408
3139421
3139423
3139917
3140241
3140248
3140787
3140788
314092
3141326
3141399
3141448
3141450
3141451
3141764
3141789
3141940
314230
314231
314235
314236
314237
3142375
3142377
3142378
3142379
3142381
3142382
3142383
3142384
3142385
3142387
3142388
3142533
3142537
314256
314260
314265
314271
314276
314278
314281
314283
314285
3142938
3142973
3143028
314319
3143436
3143438
314345
3143495
3143496
3143534
3143536
3143552
3144104
3144168
3144416
3144663
3144664
3144668
3144793
3144874
3144925
3144973
3145232
3145233
3145238
3145239
314722
314723
314724
3148824
3148887
3149041
3149042
3149043
3149053
3149179
3149227
3151122
3151123
3151487
3151851
3151852
3151853
3152295
3152360
315277
3153519
3153578
3153579
315358
3153639
3153640
3153642
3153654
3153752
3153754
3153927
3153928
315405
315421
315423
315456
315478
3155929
3155933
3155978
3156397
3156398
3156486
3156488
3156607
3156615
3157354
3157368
315749
3157693
3157694
3157917
3157996
3158172
3158173
3158265
3158557
3158558
3158560
3158561
3158562
3158572
3159516
316
316067
3160839
3160841
3160842
3160864
3160866
3160967
3160968
3160969
3160979
3161137
3161138
3161188
3161189
3161997
3162458
3162487
3162488
3162530
3162531
316274
316276
3162874
3163295
3163296
3163297
3163298
3163299
3163327
3163343
3163344
316335
316401
316581
316996
3170016
317010
317013
317015
317018
317019
317577
317619
317655
317658
317659
317664
317735
3177515
3177516
318161
318424
318434
318456
318683
319054
319225
31954
31959
31964
31965
319652
319653
319705
319706
319707
319709
319795
319939
319942
319947
319970
31998
32001
32002
32013
32016
32019
32021
32022
32024
320326
32040
320483
320497
32062
320662
320771
320778
320787
320909
321
321265
321266
321267
321268
321316
321317
321325
321339
321763
321846
321895
321982
321983
321984
321985
322009
322508
322509
322596
322601
322602
3228750
3228789
3228790
3228804
3228926
3228927
3228928
3228953
3229225
3229854
3229863
323
3230026
3230117
3230298
3230299
3230362
3230414
3230415
3230416
3230736
3230739
323097
323098
3231043
3231044
3231269
3231367
3231482
3231483
3231492
3231602
3231715
3231716
3231893
3231907
3231910
3231926
3232308
3232309
3232310
323259
323261
323273
323284
3233335
3233337
3233338
3233340
3233375
3234027
323412
3234132
3234185
3234186
323423
323426
323450
3234852
3234950
3235171
3235172
3235173
3235174
3235175
3235176
323621
3236793
3236804
3236844
3236919
3237104
3237105
3237238
3237239
3237286
3237377
3237418
323761
3237697
3238301
3238302
3238304
3238305
323848
3238481
323850
3238584
3238798
3238802
3238807
3238810
3238985
3238987
3238988
3239015
3239302
3239303
3239304
3239305
3239388
3239803
3240095
324058
3240759
324078
324079
3240790
3240792
3240853
3240931
3240932
3240933
3241166
3241599
3242192
3242193
3242194
3242195
3242415
3242416
3242473
3242474
3242475
3242476
3242485
3242486
3242487
3242688
3242689
3242694
3242702
3242729
3242977
3243721
3243767
3243768
324602
324606
324617
324679
324768
324831
324851
324852
324854
324855
3248839
324925
324952
3252901
3252902
3252903
325473
325776
325778
326297
326298
326329
326423
326424
326427
326474
326475
326476
326522
326523
326537
327095
327160
327277
327575
3278707
3278709
327939
328224
328225
328396
328412
328415
328515
328517
328692
328813
328839
3289775
329
3290090
329186
329406
329463
329523
329524
329726
3299023
3299024
3299025
3299026
3299027
3299028
3299029
3299030
3299031
3299032
329993
33
330083
330084
33011
33013
33014
33028
33030
33031
33033
33034
33035
33037
33038
33043
33044
33045
33050
33053
33059
33069
330734
33074
330779
330835
330836
330922
330943
331113
331618
331635
331636
331648
331679
331696
331697
332055
332101
332158
332175
332186
332249
332411
332522
332524
332589
332591
332657
332949
332950
332977
332999
333
333138
333140
333142
333146
3332597
333297
333368
333384
333702
333708
333725
333962
333963
333964
333965
3341795
3341828
3341829
3341850
3341851
3341852
3341854
3341859
3341861
3341868
3342077
3342246
3342247
3342379
3342383
334253
3342636
3342637
3342641
3342712
3342716
3342794
3342795
3342799
3342803
3342805
3342829
3342830
334424
3344520
3344550
3344655
3344656
3344657
3344659
3344662
3344663
3344665
3344666
3344667
3344826
3344827
3344876
3345148
3345340
334542
334543
334545
334715
334735
334736
3348343
334858
3349138
3349163
3349631
3349632
3349636
3349873
3349874
335020
3350244
3350256
3350403
3351344
3351347
3351531
3351532
3351566
335284
335286
335406
335431
335476
335541
335543
335630
335974
335975
335992
336203
3362603
336292
336306
336407
336566
3366261
336628
3366579
3366770
3366947
3366949
3366951
3367691
3367728
3367729
3367746
3367752
3367753
336829
336831
3369522
3369650
336988
337005
337097
337243
337250
3372858
3373076
3373079
3373084
3373255
337330
3373370
3373591
3373598
3373610
3373869
3374102
3374279
3374370
3374371
3374570
3374599
3374600
3374723
337480
3375356
3375367
3375448
3375475
3375637
3375726
3376060
3376063
3376283
3376284
3376285
3376288
3376631
3376632
3376993
337701
337702
3377108
3377111
3377112
3377529
3377675
3377720
337779
3377837
3377839
3378067
3378099
3378536
3378588
3378798
3378801
3378803
337894
337895
3379094
3379133
3379707
3379825
3379826
3379885
3380532
3380705
338077
3380806
3380807
3381350
3381660
3381661
3381662
3381663
3381756
3381758
3381777
338193
3382189
3382270
3382640
3382643
3383026
3383027
3383028
3383029
3383031
3383122
3383123
3383124
3383125
3383126
3383127
3383128
3383139
3383140
3383145
3383180
3383487
3383501
3383502
3383699
3383721
3384160
3384240
3384452
3384461
3384765
3384766
3384767
3384792
3384793
3384828
3385496
3385502
3385560
3385567
338584
3385971
3385973
3385975
3385990
3386272
3386273
3386274
3386275
3386276
338644
338645
33865
3386643
33876
3387694
33879
3388067
33881
3388266
3388267
33884
3388432
33885
3388656
3388663
3388667
3388668
33887
33888
3388845
33889
33894
33895
338963
338966
338969
33897
3389797
33898
3389880
33899
3389971
3389972
3389975
33900
3390035
3390090
3390193
33902
33903
33904
3390502
33907
3390723
3390805
3390813
3390849
3390850
3390996
33910
3391029
33914
3391450
3391575
3391576
3391614
33917
3391775
3391776
33918
3391832
33919
33920
3392118
3392119
33922
339268
33932
3393320
3393396
33935
3393740
3393748
33938
33941
3394203
33945
33946
33950
3395267
3395370
3395374
3395462
3395467
3396160
3396161
3396162
3396163
3396164
3396165
3396166
3396167
33962
33964
33965
339656
33966
3396616
3396618
3396619
3396620
3396621
3396622
33967
339670
339671
33968
33970
3397209
3397676
3397677
33977
33978
3397852
3397862
3398231
3398356
3398357
3398358
33984
3398587
339860
339861
3398612
339866
33987
3398733
3398734
3398735
3398736
3398737
3398738
3398773
3398774
3398775
3398776
3398834
3399565
33996
3399690
34
340
3400171
34002
340021
3400216
3400217
3400273
3400343
3400345
34004
340047
34006
3400627
34007
3400701
3400806
340099
3400999
340102
3401092
3401146
3401174
340145
340146
34015
3401577
3401630
3401631
3401632
3401633
34017
3401713
3401714
3401715
3401718
3401720
3401725
3401726
3401728
3401729
3401732
34018
34021
340214
3402172
3402176
340221
3402278
3402307
3402626
340268
34027
3402707
34032
340320
340321
340345
3403460
3403467
3404131
3404795
3404796
3404797
3404798
3404917
3405419
3405424
3405425
3405426
34059
34060
34061
34062
3406571
3406573
34070
34071
3407671
34085
3408580
34086
34087
34092
34095
34097
3409811
34101
3410266
3410268
3410269
34103
3410409
3410790
3410791
3410924
3411033
3411035
3411036
3411037
3411041
3411797
341220
3413379
3413380
3414265
3414493
3414511
3415010
3415123
3415142
3415223
3415683
3415955
3415978
3415987
3416050
3416059
3416276
3416277
3416391
3416443
3416445
3416607
3416608
3416666
3416881
3416906
3416947
3416952
3417040
3417202
3417568
3417570
3417571
3417572
3417630
3417633
3417647
3418177
3418572
3418665
3418717
3419008
342002
3420381
342108
342113
3421241
3421634
3421635
3421636
3422216
3422319
3422320
3422592
3423900
3423908
3423918
3424188
3424189
3424190
3424191
3424192
3424193
3424194
3424195
3424196
3424197
3424198
342451
3424761
3424768
3425125
3425128
3425182
3425183
3426620
3427274
3427275
3427276
3427277
3427278
3427279
3427280
342942
342944
342950
342954
342955
343
343013
343403
3434108
3434463
3434467
3434685
3435000
343510
3435187
3435293
3435395
3435775
3435883
3436928
3436931
3437884
3438425
3438426
3438471
3439055
3439056
3439061
3439062
3439063
3440152
3440548
3440549
3440737
3440841
344163
344164
344165
344166
3443728
3443729
3443730
3443731
3443732
3443733
3443734
3443737
3443738
3443740
3443742
3443743
3445355
3445357
3445636
3445637
3445672
3446114
3446115
3446116
3446118
3446121
344616
3447013
3447016
3447018
3447019
3447027
3447171
3447172
3447298
344747
3447509
3447510
3447585
3447986
3448123
3448124
3448125
3448126
3448377
3448632
344880
344882
344886
3449428
3449429
3450129
3450708
3450709
345309
3453329
3453331
345342
3453714
3453718
3453719
3453720
3453721
3453848
3454458
3454459
3454461
3454462
3454463
3454466
3454472
3455208
3455249
3455743
3455775
3455867
3455901
345592
3456123
345631
345632
3456550
345663
3456956
3457629
3457786
3457787
3458061
3458383
3458728
3458729
345907
3459088
3459121
3459122
3459125
3459527
3459528
3459540
3459541
3461151
3461260
3461408
346179
346182
346185
3462278
3463359
346377
3464572
3466590
3466738
3467295
3468804
3468805
3468806
3468807
3468809
3468810
346911
346912
3469817
3470008
3470062
3470136
3470150
3470775
3470879
3471161
3471837
347256
347257
3472838
3475240
3475245
347534
347535
3475676
3475934
3476336
3476641
3477385
3477506
3477653
3477654
3477668
3477669
347834
3478761
3480032
348151
348442
348610
348780
348824
348826
349064
349095
349096
349123
349124
349161
349307
349313
349315
349316
349521
349522
349741
349750
349751
349910
349934
349965
349966
349967
349968
350
350058
350688
350814
351160
351215
351224
351343
351345
351348
351605
351607
351614
351627
351656
351659
351671
351672
351673
351674
351675
351676
351679
352165
352475
352869
353
353224
353852
354
354243
354246
354351
354352
354355
354356
354426
354630
355243
355548
355591
355930
356145
356147
35616
35619
35620
35621
35622
35623
356302
356305
356322
356660
3568232
3568234
3568235
356829
356851
356852
3568880
3569033
3569034
35699
35700
35703
357233
357276
357278
35743
357441
35752
35754
35755
35756
35757
35760
35762
35763
35764
35765
357760
357761
357804
357809
357999
358
35804
35805
358099
35811
35813
35814
35817
35835
358396
358687
358743
359
359110
359131
359158
359159
359209
359365
359387
359917
360086
360095
360107
360184
360196
360241
360316
360411
360412
360422
360920
360922
361041
361101
361183
361277
361279
361280
361365
361500
361581
361854
361872
362
362257
362413
362418
362523
362649
362837
363260
363630
363631
363754
363835
363837
363841
363846
363848
363849
363852
363853
363854
363861
363863
363865
363867
363868
363869
363870
363885
363952
363953
364030
364032
364098
364106
364197
364198
364199
364200
364296
364297
364901
364929
365044
365046
365339
365340
365341
365346
365489
365528
365590
365591
365616
366289
366533
366534
366582
366584
366616
366649
366888
367190
367279
367299
36738
36746
367737
367743
367791
367825
367928
3679911
36805
36806
36807
36808
36809
36811
36813
36814
3681510
36816
36817
36818
36821
36822
36823
3683351
36835
36839
368405
368407
368408
36842
36844
36847
368477
36849
36855
36856
368603
36863
3686446
3686447
36874
3692173
3692808
369401
3695464
3695465
3695466
3696279
369723
369791
369798
369822
3699289
3699291
369936
369942
369958
370038
3702236
370324
370524
370526
370622
3706865
370736
370764
370766
370767
370769
370896
370959
370973
370979
371036
371142
371196
3713897
371602
371674
371720
3720364
372072
3720777
3720778
3720779
372463
372484
372655
373
373040
373043
373054
373074
37326
37329
37331
37332
37333
373386
373540
373543
373668
373671
373672
373675
373681
373687
37372
373891
373903
374177
374424
374425
374426
374432
37448
374513
374514
374515
374655
37482
37484
375
375175
375353
375451
375489
375541
375542
375549
375574
375674
375757
375760
375761
375926
375927
376150
376165
376174
376175
37625
37633
376427
37658
376620
376686
376727
376730
376733
376815
37734
377431
37752
377616
378543
378794
379066
379069
379071
379075
379097
37915
37916
37919
37921
37922
37923
37927
37928
37929
37930
37931
379347
379482
379684
379895
380
380021
38023
380244
380248
38026
380393
380628
380629
380674
380675
380685
380703
380911
381
381306
381308
381431
381630
381634
381665
381751
381764
381802
381829
381830
382
382504
382514
382640
382641
38282
38284
38286
38289
38290
38293
382954
38301
38302
38303
38304
38307
38308
38310
38312
38313
38314
38323
383372
383750
384
38402
384602
384616
384621
384636
384639
384676
384677
384678
384765
38502
385492
385682
385972
386043
386300
386301
386302
386305
386456
386874
386892
386911
386913
387094
387096
387340
387631
387638
387659
387889
387890
38815
388278
388280
388357
388399
388413
388459
388466
388746
38875
388950
389348
389480
390241
390242
390269
390270
390333
390637
390640
390641
390807
390874
390880
390883
390919
390989
391009
391036
391038
391165
39122
391287
391359
39152
391587
391591
391592
391595
391606
391612
391616
391623
391624
391625
391626
391735
391736
391904
391905
391920
391922
391936
391937
391948
392009
392010
392011
392015
392333
392408
392412
392414
392416
392421
392500
392561
392565
392593
392597
392610
392711
392714
392717
392721
392723
392823
392828
392844
393003
393006
393030
393059
393090
393250
393251
393267
393278
393480
393481
393595
393607
393657
393663
393762
393763
393907
393921
394092
394095
394096
394097
394193
394264
394340
394503
394506
394733
39478
39480
39481
39482
39486
39489
39491
39493
39495
39496
394964
394967
395087
395493
395494
395598
395599
395600
395930
395933
395935
395936
395937
395963
395964
395965
396
396013
396014
396015
396056
396268
396322
39645
396588
396598
39664
396812
39687
39688
39691
39692
39693
39694
39695
397258
397278
397457
39774
39777
39778
39791
397948
398053
398174
398199
398235
398257
39831
39841
39844
398512
398518
398525
398527
398579
398580
398694
398720
398736
398758
398759
398767
398773
398843
399497
399549
399550
39956
399579
39960
39962
399736
399969
400055
400065
400092
400153
400390
40041
400768
400770
400772
400774
400775
400777
401053
401106
401470
401471
401472
401526
401558
401614
401976
40214
402147
40215
402171
40218
40223
402297
402385
402596
402600
402648
402734
402881
402884
40318
40324
40335
403638
403833
403935
403962
40414
404366
404380
404385
404403
404405
404433
40477
40480
404875
404881
404937
404941
405005
40516
40518
40519
40543
405436
405444
405446
40545
405551
405555
405559
405564
405671
40571
40576
405770
40578
405782
405946
405948
406
406020
406100
406327
406431
406432
406547
406548
406817
407022
407035
407036
407152
407159
407164
407234
407964
407973
407974
407998
408
408015
408066
408067
408074
40837
408577
408657
409290
409291
409322
409436
409438
40983
41
410
410332
410358
410359
410764
410837
410839
410840
410841
411153
411154
411235
411459
411460
411461
411462
411463
411464
411465
411466
411467
411468
411469
411470
411471
411472
411473
411474
411475
411476
411477
411479
411483
411490
411567
411570
411577
411684
411901
411902
411903
411945
411959
41202
412034
412417
412418
412419
412422
412437
412689
412690
412896
413306
413401
413402
413403
413434
413502
413712
413713
413815
413816
413882
413964
414046
414048
414049
414052
414286
414288
41431
414703
414771
414778
414996
415010
415015
415209
415210
415214
415215
415216
415217
415218
415221
415222
415229
415242
415425
415426
415709
415721
415747
415851
415956
415996
416012
416016
416017
416170
416213
416230
416348
416568
416591
41673
41675
416872
416873
416874
416943
416944
416955
417102
417203
417292
417367
417368
417373
417745
418010
418184
418223
418495
418630
418643
418646
418647
418699
418701
418707
418708
418750
418759
418853
418854
41899
419007
419257
419474
419475
419476
419477
419479
419481
419590
419597
419650
419665
419825
41985
41986
41988
419934
419940
419942
41997
420247
420403
420404
42055
420662
420888
420889
420952
420953
420955
420998
420999
421
421052
421058
421072
42109
421115
421531
421621
421624
421629
421767
42197
42198
422296
422297
42233
42234
42237
42238
422442
42253
42256
42322
423350
42354
424188
424218
42444
424488
424704
424757
424758
424795
424796
424797
424798
424800
424902
425004
425005
425006
425104
425306
425309
425400
425498
425504
425511
425512
425513
425514
42566
425677
426114
426128
426355
426481
426701
426702
426703
426704
426706
426707
426756
426757
42684
427351
427369
427683
427920
428
428126
428127
42858
42881
42897
428988
428990
428991
428992
428993
429001
429009
42906
429133
429134
429342
429344
429726
429727
429728
430453
430457
430521
430522
430531
43057
43064
430679
430685
430797
430798
431058
431059
431060
431061
431269
431306
43131
431489
431675
431943
431944
431947
432303
432308
432331
43263
43304
433286
433293
433296
433323
433330
43348
43353
43354
43355
433641
433643
433644
433645
433646
433647
433648
433649
433651
433657
433663
433664
433924
434086
434131
434347
434464
435590
435591
435880
435897
435905
435906
435907
435908
435909
435914
436
436231
436308
436356
436397
436516
43655
43658
43659
43660
43661
43662
43663
43664
43665
43666
436663
43667
43670
43671
436717
43674
43677
43678
43687
437
43759
43765
43767
43768
43769
43770
43771
43772
43775
43776
437897
437900
438033
438744
438745
438751
438753
438851
438855
438856
439219
439220
439228
43928
439292
439375
439529
439611
439612
439699
439855
43989
43992
44007
440079
44008
440085
44009
44010
440168
44032
44033
440514
440515
44060
44061
441103
441112
441119
441151
441157
441162
441209
44139
441500
441620
441768
441769
441950
441952
442
442341
44251
44252
442528
442562
442694
442709
442714
442734
442866
442870
442899
443152
443156
443157
443218
443254
443610
443612
443615
443616
444060
444093
444157
444178
444461
44454
444597
445327
445629
445709
445710
44574
44576
44577
445930
445931
445932
445960
445961
445970
445971
445972
445973
445974
445975
445987
446
446075
446372
446374
446462
446465
446466
446468
446469
446470
446471
446682
446692
44671
446786
446787
446820
446860
447
447199
447421
447422
447424
447425
44750
44752
44753
447567
447595
447679
447689
448
448141
449
44930
44933
44935
449447
449461
449520
449659
449662
449663
449673
449973
449974
450
450362
450364
450365
450367
450378
450380
45056
45064
45065
45066
45067
45068
45070
45071
45072
45073
45074
45076
450798
450799
450851
451
451457
451513
451876
452
452084
452286
45242
45243
452565
452627
452629
452637
452652
452659
452662
452863
452979
453
453220
453224
453304
453573
453575
453582
453584
453591
453602
453603
45361
45363
453783
453817
453836
453837
453838
453840
453842
453846
453959
453962
453963
45398
454
454006
454144
454146
454148
454151
454153
454156
454188
454194
454586
454594
45462
45465
45495
454958
45496
45498
455
455078
455193
455253
455343
455344
455361
455432
455488
456
45610
45611
456163
456327
45634
456442
456481
45655
45656
45657
45668
45670
456876
457423
457427
457502
457570
457575
457921
457923
458
458033
458197
458208
45851
458817
458836
459471
459472
459519
459525
459526
459527
459528
459529
459658
45972
45979
459816
459858
460
460087
460265
460384
46124
46125
46126
46127
46158
46159
46160
46161
46162
46163
46165
46171
46172
46173
46174
46175
46176
46177
46178
46179
46180
46181
46182
46186
46187
46189
46190
46204
46223
46224
46240
46256
46257
462710
462949
462991
463
463014
463025
463192
463200
463301
46353
46356
464
464029
46429
464995
46503
46506
46507
46540
465515
465721
465797
465817
466
466044
466084
46609
466109
46677
46678
46679
46680
467091
467174
467180
467976
467997
468056
468058
468059
468528
468556
46867
468913
468914
468916
46914
469371
469378
469381
469382
469383
469547
469551
469615
469617
469799
470
470028
470074
470076
470145
470146
470453
470565
470735
470815
470826
470868
470931
470932
470933
470934
471
471189
471225
471514
471575
471799
471827
471852
471853
471854
471855
471856
471857
471870
471872
471875
472055
472056
472059
472166
472181
472183
472569
472582
472583
472693
472694
472695
472705
472759
472963
472978
47311
47312
473421
473425
473426
474394
47466
47479
47481
47492
474949
474950
474951
474952
474953
474957
474960
47500
475069
475075
475081
475082
475083
475253
475255
475299
475662
475937
475957
475979
476
476157
476272
476552
476652
47671
47678
477
47714
47715
47716
47735
47759
47760
47761
47762
47763
477641
477680
477690
47770
477974
478
478010
478105
478114
478174
47839
478448
47845
47846
47847
47848
47850
478503
47853
47854
47855
47856
47857
47858
47860
47864
47865
47866
47871
47872
47874
478744
478749
47875
47877
47878
478780
47879
478801
47882
47883
47884
47885
47886
479117
47917
47920
479410
479430
479431
479432
479433
479434
479435
479436
479437
47951
47958
47960
47988
47989
47990
47994
479978
48
480
480070
480071
480284
480391
480418
480520
480658
48074
480813
480996
481003
481146
481181
481183
481353
481366
481446
481448
481723
482461
482462
48256
482827
482957
48296
483
483013
483014
483179
483199
483206
483215
483216
483217
483324
483423
483545
483547
483896
483913
484
484018
484088
484184
484498
48464
48465
48466
48467
485
485447
485448
485577
485602
485870
485876
485880
485888
485895
485898
485907
485913
485914
485915
485916
485917
485918
486
486264
486267
486270
486407
486624
48664
486698
487
487049
487165
487172
487184
48727
48729
487316
487318
487319
487320
487514
487521
487685
487686
487698
487824
487827
487828
487829
487843
487845
487849
487864
487883
487887
487893
487899
487904
487906
487908
487909
488
488124
488438
488446
488447
488454
488485
488533
488535
488538
488545
488547
488549
488729
488730
488731
488732
489
489142
48935
48936
489619
489632
489703
489825
489910
489911
489912
489913
489973
490
490093
490098
490185
490186
490188
490189
490570
490571
490572
490573
490575
490629
490829
490899
490901
490979
491071
491205
491207
49186
491923
491947
491948
491949
491950
491951
491952
491954
492
492660
492670
492735
49280
49283
493
493375
493385
49339
493461
493475
493780
493781
494
494016
494026
49447
494916
495
49547
496014
496056
496057
496833
496857
497725
497735
497964
497965
498
498198
498199
498211
498292
498367
498371
498718
498741
498761
49896
49897
49899
49900
499207
499528
499548
499555
500153
500162
500465
500610
500633
500634
500635
500637
501010
501024
501482
501483
501487
501572
501592
502
502025
502051
502115
502180
502181
502259
502268
502331
502333
502365
502366
502567
502682
502829
502909
503834
503928
504
504092
504468
504469
504472
504474
504486
504487
504488
504728
504797
504798
504800
504805
504832
504901
504936
505
505249
505252
505317
505341
505353
505389
505682
505694
506480
506594
50712
50717
50718
50719
507751
507754
508461
508661
509190
509191
509192
509193
509199
509200
50960
51048
510515
510947
510955
511
51101
511051
511108
511487
511662
511680
51173
511811
511998
51201
512349
512350
512383
512399
512402
512564
512565
512643
512649
512762
512763
513160
51362
51363
51364
51365
51515
515326
515350
515361
515393
515414
515415
515440
515489
515499
515619
515620
515622
515635
515662
51589
515897
515947
515949
516051
516063
516123
516124
51663
51665
516698
516699
51670
516702
516935
516965
517011
517418
517423
517424
517425
517719
517720
517723
517724
517748
518
518634
518635
518636
518637
518738
518766
518825
518897
518898
519
519081
519421
519424
519441
519442
519450
519452
519453
519472
52
520
52001
52004
520092
52021
520456
520457
520762
520764
520767
520838
520999
521
521003
521010
521011
521013
521045
521095
521096
521097
521098
521158
52131
521392
521393
521460
521520
521674
521689
521719
522259
52226
522262
522298
522448
522484
522487
522488
522492
52258
52259
522772
522889
523696
523701
523791
523794
523841
523842
523843
523844
523845
523846
523847
523848
523849
523850
523851
52441
52442
524884
525245
525246
525247
525254
525255
525256
525257
525260
525262
525263
525268
525280
525309
525325
525328
525330
525337
525338
525363
525365
525367
525368
525369
525371
525373
525379
52560
52561
525640
525897
525898
525903
525904
525909
525918
525919
526
526218
526222
526224
526225
526226
526227
526588
526729
52689
52690
52691
52692
52693
52694
526944
52695
52696
52697
52699
526997
527000
527002
527004
527005
527012
527031
52704
527200
527326
52764
52767
52770
52771
52773
52774
528178
528191
528244
528314
529
529005
529086
529120
529505
529703
529704
529709
529810
529884
530564
530584
531306
531309
531312
531814
531815
531938
531940
532059
53254
53317
53336
53341
53344
53345
53346
53354
53356
53359
53361
53362
53364
53366
53367
53371
53372
53374
53376
53378
53388
53406
53407
53408
53409
53410
53413
53414
53417
53426
53428
53429
53432
53442
53446
53448
53451
53462
53463
53483
53501
535026
53522
535289
535290
53558
535712
53573
535744
535904
535907
536
536019
536044
536227
536229
536231
536441
536443
536633
536979
536980
537
537006
537007
537011
537012
537017
537601
537970
537971
538021
538189
538220
538378
538382
539
539206
539262
539329
53952
53972
539813
54
54005
54006
54007
54011
540251
540254
54062
54067
540747
54077
540906
54121
542300
54250
54256
54262
542833
543356
543360
543526
543527
543615
543629
543632
543877
543886
543887
543890
543892
544480
544580
544581
544645
544718
544910
545
545121
545123
545243
545261
545502
545534
545536
545537
545543
545619
545624
54565
545694
545695
545696
545697
545776
545864
546
546021
546022
546023
546024
546107
546108
546114
546115
546157
546160
546262
546263
546265
546269
546270
546271
546273
546274
546275
546364
546365
546414
546871
546874
546892
547018
547042
547043
547045
547055
547056
547122
547162
547163
547188
547334
54736
547461
547558
547559
547602
547986
547987
548
548476
548478
548479
548579
549
549000
549003
54910
54911
54913
54914
54915
549298
549386
549687
549691
549701
550
550447
550540
55085
550983
551275
551459
551547
551789
55197
551987
551988
551989
551990
551991
551994
551995
551996
552
552064
55207
55208
55209
55213
552357
552386
552518
552535
552546
552788
553088
553171
553174
553175
553178
553184
553201
553207
553239
553385
553427
553447
553466
553467
553468
553469
553481
553611
553636
553814
553973
55398
553982
554
55404
554083
554103
554117
554121
554122
554283
554312
554343
554344
554406
554880
555
555059
555079
555083
555088
555217
555315
555317
555371
555393
555500
555512
555573
555778
555779
555874
555875
555970
556
55601
55602
55603
556053
556054
556055
556267
556268
556288
556325
556327
556530
556531
556532
556534
556548
556890
557433
557436
557450
557451
557555
557557
55758
557599
55779
558151
558152
558169
558172
558173
558271
558529
558537
558541
558884
558964
559315
559625
559626
559627
559628
559629
55969
559956
560080
560405
56055
560555
560556
560557
560819
561007
561061
561067
56107
56110
56111
561173
561175
561176
561177
561180
561184
56119
561365
56146
561505
561720
56192
56193
562
562729
562743
562969
562970
563
563040
563162
563176
563188
56361
563735
563996
564
564064
564117
564137
564198
56425
56427
56428
564288
564369
56438
564413
564415
564423
56449
56453
56455
56456
56458
56459
56464
564710
564714
565
565033
565042
565045
565072
565443
566
566012
566021
566027
566293
566461
566550
566551
566552
56779
56780
568098
568099
56810
568102
568105
568106
56812
56813
568392
568706
568768
56877
56878
568783
568784
568815
568818
568844
568860
568869
568872
568898
568899
569
569127
56956
569599
569601
569857
569860
569862
569882
569883
57001
570012
570156
570161
570162
570268
570276
570277
570278
57028
570280
570281
57043
570505
570519
570520
570521
570855
570936
570945
570947
570952
570967
571
571166
571177
571190
571254
571255
571256
571298
571438
57171
571898
571899
571911
571912
571913
571915
571932
571933
572010
572023
572036
572262
572419
572477
572478
572479
572480
572544
572546
572547
573
573024
573058
573061
573063
573064
573065
573074
573179
57320
573321
573370
573413
573489
573497
573501
573569
573570
573737
573741
573983
574
574087
574096
574349
574375
574376
574556
574560
574561
574649
574650
574651
574699
574700
574710
574718
57489
574929
574930
574956
574963
574964
574966
57497
57498
574987
575
575112
575178
575192
575193
575256
575322
575378
575540
575584
575789
575978
576117
576118
576131
57664
576784
576944
577
57704
57706
57732
577386
577470
577492
577650
577679
577680
578215
578221
578222
578463
57863
578942
578943
57909
579105
579108
579109
579137
579138
579446
579562
579748
580026
580166
580327
580331
580332
580340
580937
581036
58107
58109
58110
58114
58115
58116
58117
58118
58119
58121
58123
58169
582
58231
582402
582419
582475
582515
582607
582665
582667
582672
582675
582680
582686
582692
582702
582850
582851
582857
582899
58314
583345
583346
583355
583356
583358
58340
58343
58344
58345
58346
58350
58351
584
584605
584607
584609
584657
584708
584787
585
585054
585198
585199
585224
585394
585398
585455
585502
585503
585506
585520
585524
585528
585529
585530
585531
58621
586220
586230
586239
586416
586733
587
587533
587534
587633
587635
587636
587735
587753
587851
587872
587909
588
588067
588083
588122
588319
588581
588587
588602
588897
588898
589035
589104
589161
589162
589240
589330
589382
589385
589403
589865
589873
589924
590168
590609
590652
590998
591001
591019
591198
591202
591204
591205
591372
591373
591962
59201
592010
592015
59202
592026
592028
592029
59203
59204
59205
592050
592051
59207
592307
592308
592361
592376
592377
592378
592678
59277
592978
59298
59299
59310
593117
593133
593134
593135
59374
593750
593907
59406
594679
59505
59511
595434
595468
595494
595502
595536
595589
595605
59561
595671
595692
595984
59602
596151
596154
596315
59733
59737
59750
59803
59813
59814
59839
59842
59843
59846
598549
598626
598644
598650
598652
598659
59919
600331
60036
600626
600628
600645
60133
60137
60216
60217
60246
604088
604089
604315
604330
604331
604353
604354
60442
60443
60450
60454
60478
60489
60520
60547
60549
60550
60552
60706
608506
608538
60894
60895
60922
61
610130
61015
61016
610243
610244
610245
610254
611300
611301
61150
613183
613184
613195
613197
614069
614070
614083
614648
614649
614671
615
61592
61595
61597
61635
61644
61645
61646
61647
61648
61651
61652
61654
616675
616990
616991
616997
617001
617002
617123
618
61858
619304
619593
619688
619730
619731
619741
619771
619805
620889
620903
620910
620914
621
621096
621109
621374
621382
622
622312
622664
622671
622674
622695
62322
623280
623281
624
624146
624147
624315
624376
624388
62609
626095
626223
626369
626522
626523
626774
626887
626937
626939
627089
627131
627624
62763
627669
627688
629679
629724
629741
630
630403
630514
630515
630520
630535
630626
630921
630973
630975
630995
631
631222
631362
631454
631455
63186
632
632292
632335
632348
632516
632518
632773
632935
632955
633
633147
633148
633149
633153
633194
633403
633404
633415
633417
633440
633807
633813
634155
634159
634177
634290
634393
634430
634436
634439
634462
634497
634498
634765
634770
634771
634996
635013
635203
63561
636
63737
637389
637390
637393
63740
637577
637616
637679
637886
637905
637911
638269
638300
638301
638302
638303
638574
638953
639004
639200
639282
639283
639310
640030
640031
640081
640084
640108
640132
640205
640633
640634
640635
640938
640943
640948
641025
641118
641143
641147
641238
641491
641510
641524
641526
641549
641660
641665
641691
641702
641783
641806
641841
64187
642227
642492
642589
642762
642776
642780
643052
643214
643473
643560
643561
643562
643568
643648
643671
643672
643673
643674
643747
643867
644
644107
644215
644220
644221
644282
644283
644284
644295
644383
644548
644556
644651
644790
644897
644966
645
645127
645275
645466
645517
645597
645616
645617
645887
645964
645990
645991
646
646529
646534
64702
647113
647171
647381
647384
647720
647910
648
648752
648753
648754
648755
648757
648780
648782
648794
648894
648895
648995
648996
649
649104
649198
649333
649349
649638
649639
64969
64971
649747
649753
649754
649755
649757
649758
649762
649764
650
650003
650004
650054
650093
650104
65058
650850
650891
651
651086
651182
651560
651561
651661
651662
651663
651666
651822
651823
651866
651869
652
652620
652787
652788
652876
653357
653733
653929
65393
653930
653931
653940
654
654363
654447
654686
654838
654847
65499
655015
65505
65511
65515
655353
655355
655438
655607
655811
655812
655813
655815
656
65605
656178
656179
656366
656744
656914
65700
657012
657014
657015
657276
657308
657309
65735
657387
657409
657419
657642
657651
657654
65786
658057
658167
658187
658218
658219
658225
658267
658445
658446
658456
658457
658629
659
659006
659012
659013
659014
659015
659016
659017
659018
659243
659251
659350
659351
659352
659425
659495
65958
65959
659595
659824
660067
660294
660470
660515
660517
660518
660520
660521
660522
661
661191
661398
661399
661410
661478
661481
661483
661485
661488
661491
661492
661498
66229
662367
662475
662476
662477
662478
662479
662480
66269
66270
66271
662755
662858
662880
662960
663
663278
663364
663365
663602
663603
663606
663607
663608
663609
663610
66369
66370
66373
66374
66375
66376
66377
66378
663959
66421
66422
66423
66424
66427
66428
66429
66431
664424
664639
664640
664643
664683
664691
664692
664693
664784
664880
664909
665004
665038
665099
665118
665126
665133
665467
665913
665914
666
666509
666510
666681
666685
666702
666964
667014
667015
66712
667120
667121
667127
667128
667129
667306
667676
668
66851
66854
66855
668570
66859
66860
66863
66867
66869
66870
66875
66876
66879
66881
66882
66883
66885
66887
66892
66895
66896
66897
669
66900
66904
669461
669464
66969
670
670052
670054
670078
670079
670154
670155
670289
670291
670292
670293
670482
670487
67081
671
671053
671077
671145
671218
671266
671267
671278
671622
672
672459
672460
67256
67257
67258
67260
67265
67267
67271
67274
67275
67277
67280
67282
67283
67285
67287
67293
67294
67296
67297
673
67301
67302
67303
67304
67305
67307
67313
67314
67315
67316
67318
67324
67326
67327
673271
67330
67331
673318
67332
67333
67337
673372
673379
67339
67342
67344
67345
67350
67351
67352
673521
67353
673535
673548
67355
67356
67358
67361
67362
67363
67364
67365
67366
67367
67368
67369
67370
67372
67373
67376
67377
67378
67380
67381
67384
67385
67386
673954
674
674036
674054
674079
674703
674972
675
675090
675281
675631
675635
67573
67574
67581
675811
675812
675813
675814
675816
675817
675864
675874
676
676199
676200
676201
676202
676205
676599
676965
67774
67780
67824
67825
67827
67855
67857
678932
679190
679192
679197
679200
679201
679257
679319
679663
679664
679901
679926
679935
679936
679937
680026
680118
680125
680127
680247
680248
680279
680283
680378
68040
68042
681158
681289
681398
68170
68171
68173
68174
68175
68179
68180
68182
68183
68186
68187
68188
68191
68193
68194
68195
68197
68200
68209
68211
68213
68214
68217
682179
68219
68221
68223
68225
68228
68229
68230
68231
68232
68233
68238
68239
682400
68244
68245
68247
68249
682526
68254
68255
68256
682562
68258
68259
68261
68264
68268
68270
68272
68274
68276
68277
68278
682795
682798
68280
68282
68285
68286
682956
682973
682979
682998
683041
683042
683047
683124
683125
683150
683228
683260
683292
68334
683354
683355
683837
684063
684065
684066
684552
684663
685
685454
68569
685782
685828
686223
686226
686234
686309
686340
686389
686429
686624
686660
686666
686796
686800
686831
687
687207
687388
687412
687436
687525
687842
687844
687845
687846
687861
688
688067
688079
688246
688269
688270
688867
68891
688913
68892
68895
68898
689
689768
69
69014
690164
690417
690567
690585
690598
690879
691
691689
691825
692036
69208
69218
69219
69220
69221
69222
69223
69224
692370
692418
692420
69279
69280
69284
692994
693
693023
693153
69322
69359
69360
69362
69363
69365
69366
693661
69367
69368
69369
69370
69373
69395
693977
693978
693979
693986
694025
694055
694059
694327
694427
694429
694430
694435
694437
694439
694440
69484
69539
69540
695563
695939
696072
696074
696281
696369
696535
696536
69656
69666
69670
696760
696762
696763
69713
697197
697281
697282
697303
697329
69824
698418
698645
698757
698758
698761
698762
698769
698827
698828
69895
699041
699248
699281
699431
699433
699434
699437
69960
69962
69963
69964
69966
69967
69968
69969
699879
700015
700274
700500
700597
700598
700599
701041
701042
701043
701108
701347
701521
701523
701526
702110
702114
702115
702383
702457
70255
702568
70258
702742
702744
702745
703
703340
703342
70346
70347
70348
703613
704125
705336
70584
70586
70601
70611
706182
706183
706185
706186
706187
706427
706562
706570
706583
706585
706587
707214
707248
707589
707591
70775
708087
708091
708113
708126
708131
708132
70856
70863
709015
709032
709323
709343
709509
709510
709803
709839
709860
709868
709876
709878
709879
709881
709883
709888
70996
709986
709991
710190
710191
710393
710696
712036
71237
71253
71254
713585
713586
713588
713595
713604
71388
714
714067
714075
714083
714109
714136
714159
714166
714307
714314
714315
71433
71451
71452
71453
714531
714537
714549
714899
714943
715
715028
715226
715451
715471
715472
715473
715475
715784
715785
716
716541
716544
71656
71657
716813
716816
716817
716928
717231
717605
717606
717772
717773
717774
717959
718
718191
718192
718193
718286
71997
71998
71999
72
720
72000
72022
720554
720633
722
722438
722472
722689
722709
722715
722731
72360
72361
723879
723921
72407
72556
72557
726
72612
727
72758
728
728004
728005
72803
728056
72806
728066
729
730
73010
73030
73044
731
732234
732237
732238
732241
733
734
735
735332
735517
735518
735519
736
73779
738
739
739143
74031
74033
740709
741063
741074
741659
741673
742054
742169
742725
742726
742727
742742
742743
742766
742767
742816
742817
742818
743009
74312
74314
74315
74316
74318
74326
74329
74348
74349
743698
743699
74386
743965
743966
743968
743971
743972
743973
743974
744227
74426
744406
744461
744512
744515
744872
745119
745277
745311
745365
745366
745368
745369
745377
745411
745714
745776
745819
745820
74661
746697
747
74700
74702
74703
74704
74706
74707
747076
747304
747349
747365
747481
747645
747656
747682
748008
748120
748197
748449
748727
748831
748857
748907
748908
748909
749222
74969
750
751
75105
751586
751969
752
752553
752605
752657
75289
75290
75291
75292
753
753702
75385
754
754035
754435
754436
754476
754477
754502
754515
754516
754517
754774
755
755169
755170
755172
755175
755178
755306
755307
755308
755309
755310
755311
755732
75588
75612
756272
756499
75659
756689
75684
756892
75697
757414
75796
758
758793
758802
758803
758820
758825
758847
758919
75906
75922
759412
759619
759620
759811
75985
760011
76007
76009
760117
760123
760142
760154
760192
76021
76022
760260
760261
760262
760568
760570
761
76114
76115
76116
761193
761804
762
762051
762210
762211
762213
762261
762486
762550
76258
762643
762833
762836
762845
762903
762947
762948
762966
762967
762968
762982
762983
762984
763034
76305
763782
763993
764290
764291
764298
764299
764842
76517
765177
765201
765420
765699
765873
765888
765909
765910
765911
765912
765913
765914
76594
76595
766136
766224
76629
76633
76635
76636
76637
766497
766498
766894
766895
766966
76726
76728
76729
76731
767434
767452
76747
767515
767517
767519
76758
76760
76761
76762
767694
767787
767817
767916
768034
768065
768066
768198
76832
768479
768480
768486
768528
768533
768534
768535
76857
76860
76861
76862
768670
768671
768672
768679
768700
768704
768706
768710
768730
768733
76935
76936
76947
77007
77008
77095
77097
77098
771875
77298
77523
77585
77608
77635
77675
777
77777
78229
78259
783
78327
78343
78344
78345
78346
78350
78356
78398
784
78448
78510
78544
79262
79263
792649
792652
79269
795312
795359
795642
795644
795645
795797
795812
79604
796334
796379
796620
796890
796937
796942
796943
796944
797020
797114
797209
797210
797277
797291
797292
797299
797302
797303
797304
797419
797535
79879
79880
79881
79882
79884
79885
79909
79912
79929
80842
80866
80868
80869
80872
80876
80878
80881
80883
81036
81408
81409
81417
81447
81459
81460
81479
81499
81569
817
818
81857
81858
81895
81947
81950
820
821
82135
823
82346
82347
82348
82367
82374
82380
824
82541
826
82633
82654
827
82788
82801
82803
82805
82806
82977
82979
82981
82983
82985
82987
82991
82993
82995
82996
831
83219
83224
83262
83263
83264
83265
83291
83302
83332
83338
83339
83378
83382
83401
83456
83460
83462
83526
83552
83555
83617
83619
83627
83655
83664
83682
83683
83684
837
83765
83767
83784
838561
839
84022
84023
84031
84032
84035
84109
84110
84112
84135
84136
84158
844
84480
84521
84531
84588
84594
84595
84597
84632
84633
84643
84698
847
84724
84725
84962
849756
85044
85075
85085
851
853
85325
85336
85404
855
85558
856
856730
856736
85682
85688
85693
85698
857252
857265
857293
857417
857427
858
858215
85831
858423
858455
858640
859
859059
859143
859144
859243
85925
859321
85968
85993
860221
860233
860235
860243
860353
86040
860790
861
86102
86103
861051
861109
861110
861111
861266
861298
861299
861360
861445
861532
861533
861534
86166
86172
86173
86175
86176
86177
86179
86180
86183
86185
86186
861865
86192
862114
862126
862134
862135
862415
862514
862515
862517
86264
86265
862908
863227
863239
86332
863368
863369
86342
863449
863522
863575
863921
864058
864064
864068
864069
864070
864073
864074
864564
864828
865
865861
865937
865938
866499
866536
86660
86663
86665
86666
86667
866789
866807
866895
867
867345
867683
867900
867902
867903
867904
867916
867917
86796
868129
868131
868281
86840
868595
868864
869209
869210
869211
869212
869213
869279
869394
869555
86956
869718
869719
869805
869814
869886
869888
869889
869890
869891
869892
869962
870
870187
870242
870476
870480
870481
870482
870484
870485
870486
870487
870501
870908
870967
870968
871203
871324
871325
871327
87162
871651
871664
871665
871694
871695
871696
871738
871741
871742
871959
871968
872115
872276
872327
872396
872965
872970
872983
873078
873191
873447
873449
873513
873516
873533
874156
874266
874422
874423
874454
87458
87461
875041
875043
875093
875171
875328
87541
875454
875932
87626
876269
876478
877208
877209
877384
877464
877466
877500
87883
879212
879243
879566
879568
879969
879970
880057
880070
880071
880072
880073
880074
880156
880157
880447
880478
880526
880724
880732
88074
881009
881260
881268
881621
882
882081
882082
882083
882084
882085
882086
882211
882378
882440
882441
882444
882446
882448
882449
882452
882626
882824
883078
883079
883080
883081
883096
883103
883111
883112
883113
883114
883126
883163
883169
88364
88373
88374
88376
883812
88382
884107
884155
88431
885040
885042
885272
885475
885957
886293
886343
886377
886379
886464
886872
88688
887062
887144
88719
887308
887324
887325
887327
887452
887453
887456
887462
887700
887702
887896
887898
887899
887901
887929
888027
888057
888060
888061
888062
888063
888064
88874
888741
888742
888743
888745
888746
888807
888828
888832
888833
88916
889201
889204
889205
889206
889247
889268
889272
889274
889282
889306
889378
889453
889488
890055
89014
890420
89051
89053
89059
89061
89065
89093
891402
89152
89187
891968
89367
89401
89402
89524
89584
897
89772
89784
89968
90060
90079
90239
90240
90241
90242
90244
90245
90323
903413
90370
90371
903818
903983
903984
904130
904291
904295
904715
904933
906888
906968
907
90730
90731
90732
907348
907463
907723
907931
908250
908252
908355
908359
908615
908627
908809
908842
908846
908937
908941
908946
908966
90909
909287
909613
909625
909626
909663
90970
90975
909926
909936
910347
910412
910540
910939
910964
910996
911008
911022
911023
911092
911104
911197
911205
911238
912552
912594
912802
913024
913099
913107
913108
913109
913252
913325
91352
91353
91360
913761
913829
913848
913853
913944
913969
914150
914151
914152
914153
914327
915
915059
915099
915173
915328
915330
915352
915353
915437
915438
915471
91560
916
917
91822
91823
91890
91891
91892
920
92002
92172
923
92400
92401
92402
92403
92404
92407
92442
92487
92488
925775
925777
926
926357
926360
92642
92647
926549
926550
926551
926554
926556
926559
926560
926561
926562
926564
926565
926566
926567
926569
926570
926571
926690
926692
926830
927
927083
92743
92757
92758
927655
927658
927661
927664
927665
927691
927703
927786
927787
928210
92828
928724
928729
928856
929098
92933
929556
929558
929562
929563
929703
929704
929705
929712
929713
929794
929795
929813
930114
930117
930118
930120
930124
930128
930129
930130
930131
930132
930138
930152
930166
930169
930171
930197
93063
93064
930804
930805
930806
930854
930942
930944
930946
930972
931074
931089
931097
931276
931277
931504
931529
931531
931535
931536
931585
931626
931629
931866
93218
93219
93220
93221
932217
93222
932660
932741
933059
933063
933073
933080
93369
93378
933926
933949
934143
935223
935224
935293
935294
935295
935557
935616
935700
935942
935948
936138
936140
936155
936337
936338
936756
93684
937218
937251
937334
937775
937777
937927
937928
938288
938289
938293
938405
93973
94
940133
940136
940139
940149
940190
940265
940283
940294
940295
940613
94136
94137
94138
941463
941638
941640
941824
941907
941986
942150
942865
942866
942938
943815
943816
943830
943936
943939
943940
943941
944322
944425
944479
944480
944492
945052
945543
945713
945739
945844
946077
946078
946228
946235
94624
94625
94626
94627
946333
946573
946677
946678
947009
947010
947013
947033
947309
947378
947516
947835
947919
947969
948102
948106
948458
948519
94868
94869
948699
948756
95161
95172
95300
953739
95485
95486
957042
960
96229
96232
96241
96344
96345
964
96472
96561
96565
966
96773
96941
97193
97194
97398
97473
97478
97481
977794
977880
979226
979627
979746
979970
980251
980252
980254
980271
980294
980347
980427
980445
980518
980584
980631
981
981222
981324
981327
981331
981333
981334
981336
981369
981381
981383
981384
981385
981386
983
983328
983594
983873
983920
984260
984307
98439
985002
985008
985012
985016
985043
985053
985054
985055
985079
98513
985250
985759
985762
986
98671
986710
986711
98672
986746
987040
987045
987056
987059
987063
987066
988
988801
988821
988827
989403
990
990078
990268
990271
990285
990316
990371
990373
990712
990998
991
99117
991789
991905
992267
992286
992287
992288
992289
99287
993070
993073
993084
993086
993087
993414
993416
993502
993689
993692
994319
994320
994479
994573
99480
995034
995037
995038
995039
995050
995060
995062
995066
995084
99594
996
996115
996166
996342
99653
99655
996558
99656
996641
99675
996801
997296
997347
997348
997349
997350
997352
997353
997355
99807
99822
998674
998845
99907
999183
99938
999386
999415
999544
999545
999547
999548
999549
999550
999552
999611
999699
999702
999892
999894
999931
