scenario	accession	genus	domain	neighbour	dist	class	same_genus
as_reported	GCA_000007305.1	Pyrococcus	Archaea	GCA_008245085.1	0.000330	same_strain	1
no_self_strain	GCA_000007305.1	Pyrococcus	Archaea	GCA_050496105.1	0.003419	congeneric	1
novel_species	GCA_000007305.1	Pyrococcus	Archaea	GCA_050496105.1	0.003419	congeneric	1
as_reported	GCA_000007185.1	Methanopyrus	Archaea	GCA_017873335.1	0.328965	inter_genus	0
no_self_strain	GCA_000007185.1	Methanopyrus	Archaea	GCA_017873335.1	0.328965	inter_genus	0
novel_species	GCA_000007185.1	Methanopyrus	Archaea	GCA_017873335.1	0.328965	inter_genus	0
as_reported	GCA_000008645.1	Methanothermobacter	Archaea	GCA_027554905.1	0.000291	same_species	1
no_self_strain	GCA_000008645.1	Methanothermobacter	Archaea	GCA_027554905.1	0.000291	same_species	1
novel_species	GCA_000008645.1	Methanothermobacter	Archaea	GCA_003385755.1	0.019474	congeneric	1
as_reported	GCA_000008665.1	Archaeoglobus	Archaea	GCA_016757965.1	0.242205	congeneric	1
no_self_strain	GCA_000008665.1	Archaeoglobus	Archaea	GCA_016757965.1	0.242205	congeneric	1
novel_species	GCA_000008665.1	Archaeoglobus	Archaea	GCA_016757965.1	0.242205	congeneric	1
as_reported	GCA_000009965.1	Thermococcus	Archaea	GCA_001592435.1	0.095656	congeneric	1
no_self_strain	GCA_000009965.1	Thermococcus	Archaea	GCA_001592435.1	0.095656	congeneric	1
novel_species	GCA_000009965.1	Thermococcus	Archaea	GCA_001592435.1	0.095656	congeneric	1
as_reported	GCA_000011005.1	Methanocella	Archaea	GCA_000251105.1	0.220489	congeneric	1
no_self_strain	GCA_000011005.1	Methanocella	Archaea	GCA_000251105.1	0.220489	congeneric	1
novel_species	GCA_000011005.1	Methanocella	Archaea	GCA_000251105.1	0.220489	congeneric	1
as_reported	GCA_000011105.1	Pyrococcus	Archaea	GCA_008245085.1	0.223483	congeneric	1
no_self_strain	GCA_000011105.1	Pyrococcus	Archaea	GCA_008245085.1	0.223483	congeneric	1
novel_species	GCA_000011105.1	Pyrococcus	Archaea	GCA_008245085.1	0.223483	congeneric	1
as_reported	GCA_000011125.1	Aeropyrum	Archaea	GCA_000591035.1	0.145150	congeneric	1
no_self_strain	GCA_000011125.1	Aeropyrum	Archaea	GCA_000591035.1	0.145150	congeneric	1
novel_species	GCA_000011125.1	Aeropyrum	Archaea	GCA_000591035.1	0.145150	congeneric	1
as_reported	GCA_000011185.1	Thermoplasma	Archaea	GCA_001399695.1	0.236445	inter_genus	0
no_self_strain	GCA_000011185.1	Thermoplasma	Archaea	GCA_001399695.1	0.236445	inter_genus	0
novel_species	GCA_000011185.1	Thermoplasma	Archaea	GCA_001399695.1	0.236445	inter_genus	0
as_reported	GCA_000008265.1	Picrophilus	Archaea	GCA_900176435.1	0.010263	same_strain	1
no_self_strain	GCA_000008265.1	Picrophilus	Archaea	GCA_001402945.1	0.276697	inter_genus	0
novel_species	GCA_000008265.1	Picrophilus	Archaea	GCA_001402945.1	0.276697	inter_genus	0
as_reported	GCA_000011205.1	Sulfurisphaera	Archaea	GCA_039545175.1	0.000033	same_species	1
no_self_strain	GCA_000011205.1	Sulfurisphaera	Archaea	GCA_039545175.1	0.000033	same_species	1
novel_species	GCA_000011205.1	Sulfurisphaera	Archaea	GCA_014202105.1	0.039472	congeneric	1
as_reported	GCA_000012285.1	Sulfolobus	Archaea	GCA_028472365.1	0.000041	same_strain	1
no_self_strain	GCA_000012285.1	Sulfolobus	Archaea	GCA_009729545.1	0.300994	inter_genus	0
novel_species	GCA_000012285.1	Sulfolobus	Archaea	GCA_009729545.1	0.300994	inter_genus	0
as_reported	GCA_000007345.1	Methanosarcina	Archaea	GCA_000970085.1	0.074469	congeneric	1
no_self_strain	GCA_000007345.1	Methanosarcina	Archaea	GCA_000970085.1	0.074469	congeneric	1
novel_species	GCA_000007345.1	Methanosarcina	Archaea	GCA_000970085.1	0.074469	congeneric	1
as_reported	GCA_000015145.1	Hyperthermus	Archaea	GCA_000591035.1	0.300994	inter_genus	0
no_self_strain	GCA_000015145.1	Hyperthermus	Archaea	GCA_000591035.1	0.300994	inter_genus	0
novel_species	GCA_000015145.1	Hyperthermus	Archaea	GCA_000591035.1	0.300994	inter_genus	0
as_reported	GCA_000007225.1	Pyrobaculum	Archaea	GCA_000234805.1	0.260703	congeneric	1
no_self_strain	GCA_000007225.1	Pyrobaculum	Archaea	GCA_000234805.1	0.260703	congeneric	1
novel_species	GCA_000007225.1	Pyrobaculum	Archaea	GCA_000234805.1	0.260703	congeneric	1
as_reported	GCA_000015765.1	Methanocorpusculum	Archaea	GCA_013377755.1	0.306598	inter_genus	0
no_self_strain	GCA_000015765.1	Methanocorpusculum	Archaea	GCA_013377755.1	0.306598	inter_genus	0
novel_species	GCA_000015765.1	Methanocorpusculum	Archaea	GCA_013377755.1	0.306598	inter_genus	0
as_reported	GCA_000015945.1	Staphylothermus	Archaea	GCA_000092465.1	0.111073	congeneric	1
no_self_strain	GCA_000015945.1	Staphylothermus	Archaea	GCA_000092465.1	0.111073	congeneric	1
novel_species	GCA_000015945.1	Staphylothermus	Archaea	GCA_000092465.1	0.111073	congeneric	1
as_reported	GCA_000016525.1	Methanobrevibacter	Archaea	GCA_028743435.1	0.000000	same_strain	1
no_self_strain	GCA_000016525.1	Methanobrevibacter	Archaea	GCA_002252585.1	0.053609	congeneric	1
novel_species	GCA_000016525.1	Methanobrevibacter	Archaea	GCA_002252585.1	0.053609	congeneric	1
as_reported	GCA_000017625.1	Methanoregula	Archaea	GCA_000327485.1	0.256381	congeneric	1
no_self_strain	GCA_000017625.1	Methanoregula	Archaea	GCA_000327485.1	0.256381	congeneric	1
novel_species	GCA_000017625.1	Methanoregula	Archaea	GCA_000327485.1	0.256381	congeneric	1
as_reported	GCA_000018365.1	Thermococcus	Archaea	GCA_001647085.1	0.091653	congeneric	1
no_self_strain	GCA_000018365.1	Thermococcus	Archaea	GCA_001647085.1	0.091653	congeneric	1
novel_species	GCA_000018365.1	Thermococcus	Archaea	GCA_001647085.1	0.091653	congeneric	1
as_reported	GCA_000018465.1	Nitrosopumilus	Archaea	GCA_000220175.2	0.213325	inter_genus	0
no_self_strain	GCA_000018465.1	Nitrosopumilus	Archaea	GCA_000220175.2	0.213325	inter_genus	0
novel_species	GCA_000018465.1	Nitrosopumilus	Archaea	GCA_000220175.2	0.213325	inter_genus	0
as_reported	GCA_000019805.1	Pyrobaculum	Archaea	GCA_055384425.1	0.130840	congeneric	1
no_self_strain	GCA_000019805.1	Pyrobaculum	Archaea	GCA_055384425.1	0.130840	congeneric	1
novel_species	GCA_000019805.1	Pyrobaculum	Archaea	GCA_055384425.1	0.130840	congeneric	1
as_reported	GCA_000015225.1	Thermofilum	Archaea	GCA_000446015.1	0.287309	congeneric	1
no_self_strain	GCA_000015225.1	Thermofilum	Archaea	GCA_000446015.1	0.287309	congeneric	1
novel_species	GCA_000015225.1	Thermofilum	Archaea	GCA_000446015.1	0.287309	congeneric	1
as_reported	GCA_000020905.1	Desulfurococcus	Archaea	GCA_000513855.1	0.009601	same_species	1
no_self_strain	GCA_000020905.1	Desulfurococcus	Archaea	GCA_000513855.1	0.009601	same_species	1
novel_species	GCA_000020905.1	Desulfurococcus	Archaea	GCA_000186365.1	0.247037	congeneric	1
as_reported	GCA_000021965.1	Methanosphaerula	Archaea	GCA_052055875.1	0.113446	congeneric	1
no_self_strain	GCA_000021965.1	Methanosphaerula	Archaea	GCA_052055875.1	0.113446	congeneric	1
novel_species	GCA_000021965.1	Methanosphaerula	Archaea	GCA_052055875.1	0.113446	congeneric	1
as_reported	GCA_000022205.1	Halorubrum	Archaea	GCA_000337375.1	0.101056	congeneric	1
no_self_strain	GCA_000022205.1	Halorubrum	Archaea	GCA_000337375.1	0.101056	congeneric	1
novel_species	GCA_000022205.1	Halorubrum	Archaea	GCA_000337375.1	0.101056	congeneric	1
as_reported	GCA_000022365.1	Thermococcus	Archaea	GCA_000816105.1	0.126340	congeneric	1
no_self_strain	GCA_000022365.1	Thermococcus	Archaea	GCA_000816105.1	0.126340	congeneric	1
novel_species	GCA_000022365.1	Thermococcus	Archaea	GCA_000816105.1	0.126340	congeneric	1
as_reported	GCA_000022485.1	Saccharolobus	Archaea	GCA_019175345.1	0.046903	congeneric	1
no_self_strain	GCA_000022485.1	Saccharolobus	Archaea	GCA_019175345.1	0.046903	congeneric	1
novel_species	GCA_000022485.1	Saccharolobus	Archaea	GCA_019175345.1	0.046903	congeneric	1
as_reported	GCA_000022545.1	Thermococcus	Archaea	GCA_023746595.1	0.168318	congeneric	1
no_self_strain	GCA_000022545.1	Thermococcus	Archaea	GCA_023746595.1	0.168318	congeneric	1
novel_species	GCA_000022545.1	Thermococcus	Archaea	GCA_023746595.1	0.168318	congeneric	1
as_reported	GCA_000023945.1	Halorhabdus	Archaea	GCA_000470655.1	0.122140	congeneric	1
no_self_strain	GCA_000023945.1	Halorhabdus	Archaea	GCA_000470655.1	0.122140	congeneric	1
novel_species	GCA_000023945.1	Halorhabdus	Archaea	GCA_000470655.1	0.122140	congeneric	1
as_reported	GCA_000023965.1	Halomicrobium	Archaea	GCA_000379085.1	0.028279	congeneric	1
no_self_strain	GCA_000023965.1	Halomicrobium	Archaea	GCA_000379085.1	0.028279	congeneric	1
novel_species	GCA_000023965.1	Halomicrobium	Archaea	GCA_000379085.1	0.028279	congeneric	1
as_reported	GCA_000023985.1	Methanocaldococcus	Archaea	GCA_000739065.1	0.140776	congeneric	1
no_self_strain	GCA_000023985.1	Methanocaldococcus	Archaea	GCA_000739065.1	0.140776	congeneric	1
novel_species	GCA_000023985.1	Methanocaldococcus	Archaea	GCA_000739065.1	0.140776	congeneric	1
as_reported	GCA_000024185.1	Methanobrevibacter	Archaea	GCA_900114585.1	0.196126	congeneric	1
no_self_strain	GCA_000024185.1	Methanobrevibacter	Archaea	GCA_900114585.1	0.196126	congeneric	1
novel_species	GCA_000024185.1	Methanobrevibacter	Archaea	GCA_900114585.1	0.196126	congeneric	1
as_reported	GCA_000024625.1	Methanocaldococcus	Archaea	GCA_000091665.1	0.162937	congeneric	1
no_self_strain	GCA_000024625.1	Methanocaldococcus	Archaea	GCA_000091665.1	0.162937	congeneric	1
novel_species	GCA_000024625.1	Methanocaldococcus	Archaea	GCA_000091665.1	0.162937	congeneric	1
as_reported	GCA_000025285.1	Archaeoglobus	Archaea	GCA_001006045.1	0.291447	inter_genus	0
no_self_strain	GCA_000025285.1	Archaeoglobus	Archaea	GCA_001006045.1	0.291447	inter_genus	0
novel_species	GCA_000025285.1	Archaeoglobus	Archaea	GCA_001006045.1	0.291447	inter_genus	0
as_reported	GCA_000025325.1	Haloterrigena	Archaea	GCA_003977755.1	0.070719	congeneric	1
no_self_strain	GCA_000025325.1	Haloterrigena	Archaea	GCA_003977755.1	0.070719	congeneric	1
novel_species	GCA_000025325.1	Haloterrigena	Archaea	GCA_003977755.1	0.070719	congeneric	1
as_reported	GCA_000025505.1	Ferroglobus	Archaea	GCA_000008665.1	0.273629	inter_genus	0
no_self_strain	GCA_000025505.1	Ferroglobus	Archaea	GCA_000008665.1	0.273629	inter_genus	0
novel_species	GCA_000025505.1	Ferroglobus	Archaea	GCA_000008665.1	0.273629	inter_genus	0
as_reported	GCA_000025685.1	Haloferax	Archaea	GCA_000337315.1	0.000525	same_strain	1
no_self_strain	GCA_000025685.1	Haloferax	Archaea	GCA_030535215.1	0.018830	same_species	1
novel_species	GCA_000025685.1	Haloferax	Archaea	GCA_000337795.1	0.056870	congeneric	1
as_reported	GCA_000026045.1	Natronomonas	Archaea	GCA_013391085.1	0.195553	congeneric	1
no_self_strain	GCA_000026045.1	Natronomonas	Archaea	GCA_013391085.1	0.195553	congeneric	1
novel_species	GCA_000026045.1	Natronomonas	Archaea	GCA_013391085.1	0.195553	congeneric	1
as_reported	GCA_000063445.1	Methanocella	Archaea	GCA_000011005.1	0.268030	congeneric	1
no_self_strain	GCA_000063445.1	Methanocella	Archaea	GCA_000011005.1	0.268030	congeneric	1
novel_species	GCA_000063445.1	Methanocella	Archaea	GCA_000011005.1	0.268030	congeneric	1
as_reported	GCA_000091665.1	Methanocaldococcus	Archaea	GCA_000739065.1	0.114108	congeneric	1
no_self_strain	GCA_000091665.1	Methanocaldococcus	Archaea	GCA_000739065.1	0.114108	congeneric	1
novel_species	GCA_000091665.1	Methanocaldococcus	Archaea	GCA_000739065.1	0.114108	congeneric	1
as_reported	GCA_000092465.1	Staphylothermus	Archaea	GCA_000015945.1	0.111073	congeneric	1
no_self_strain	GCA_000092465.1	Staphylothermus	Archaea	GCA_000015945.1	0.111073	congeneric	1
novel_species	GCA_000092465.1	Staphylothermus	Archaea	GCA_000015945.1	0.111073	congeneric	1
as_reported	GCA_000145295.1	Methanothermobacter	Archaea	GCA_027555065.1	0.000048	same_species	1
no_self_strain	GCA_000145295.1	Methanothermobacter	Archaea	GCA_027555065.1	0.000048	same_species	1
novel_species	GCA_000145295.1	Methanothermobacter	Archaea	GCA_027555045.1	0.134314	congeneric	1
as_reported	GCA_000147875.1	Methanolacinia	Archaea	GCA_000784355.1	0.062606	congeneric	1
no_self_strain	GCA_000147875.1	Methanolacinia	Archaea	GCA_000784355.1	0.062606	congeneric	1
novel_species	GCA_000147875.1	Methanolacinia	Archaea	GCA_000784355.1	0.062606	congeneric	1
as_reported	GCA_000148385.1	Vulcanisaeta	Archaea	GCA_026000775.1	0.123300	congeneric	1
no_self_strain	GCA_000148385.1	Vulcanisaeta	Archaea	GCA_026000775.1	0.123300	congeneric	1
novel_species	GCA_000148385.1	Vulcanisaeta	Archaea	GCA_026000775.1	0.123300	congeneric	1
as_reported	GCA_000151105.2	Thermococcus	Archaea	GCA_000517445.1	0.133125	congeneric	1
no_self_strain	GCA_000151105.2	Thermococcus	Archaea	GCA_000517445.1	0.133125	congeneric	1
novel_species	GCA_000151105.2	Thermococcus	Archaea	GCA_000517445.1	0.133125	congeneric	1
as_reported	GCA_000152265.2	Ferroplasma	Archaea	GCA_002078355.1	0.023316	congeneric	1
no_self_strain	GCA_000152265.2	Ferroplasma	Archaea	GCA_002078355.1	0.023316	congeneric	1
novel_species	GCA_000152265.2	Ferroplasma	Archaea	GCA_002078355.1	0.023316	congeneric	1
as_reported	GCA_000172995.2	Halogeometricum	Archaea	GCA_000337855.1	0.000057	same_strain	1
no_self_strain	GCA_000172995.2	Halogeometricum	Archaea	GCA_900112175.1	0.155887	congeneric	1
novel_species	GCA_000172995.2	Halogeometricum	Archaea	GCA_900112175.1	0.155887	congeneric	1
as_reported	GCA_000179575.2	Methanothermococcus	Archaea	GCA_049075655.1	0.139239	congeneric	1
no_self_strain	GCA_000179575.2	Methanothermococcus	Archaea	GCA_049075655.1	0.139239	congeneric	1
novel_species	GCA_000179575.2	Methanothermococcus	Archaea	GCA_049075655.1	0.139239	congeneric	1
as_reported	GCA_000186365.1	Desulfurococcus	Archaea	GCA_001006085.1	0.004940	same_species	1
no_self_strain	GCA_000186365.1	Desulfurococcus	Archaea	GCA_001006085.1	0.004940	same_species	1
novel_species	GCA_000186365.1	Desulfurococcus	Archaea	GCA_000231015.3	0.245371	congeneric	1
as_reported	GCA_000187225.2	Haladaptatus	Archaea	GCA_900142335.1	0.000033	same_strain	1
no_self_strain	GCA_000187225.2	Haladaptatus	Archaea	GCA_900156425.1	0.174771	congeneric	1
novel_species	GCA_000187225.2	Haladaptatus	Archaea	GCA_900156425.1	0.174771	congeneric	1
as_reported	GCA_000190315.1	Vulcanisaeta	Archaea	GCA_000148385.1	0.181843	congeneric	1
no_self_strain	GCA_000190315.1	Vulcanisaeta	Archaea	GCA_000148385.1	0.181843	congeneric	1
novel_species	GCA_000190315.1	Vulcanisaeta	Archaea	GCA_000148385.1	0.181843	congeneric	1
as_reported	GCA_000194625.1	Archaeoglobus	Archaea	GCA_016757965.1	0.283502	congeneric	1
no_self_strain	GCA_000194625.1	Archaeoglobus	Archaea	GCA_016757965.1	0.283502	congeneric	1
novel_species	GCA_000194625.1	Archaeoglobus	Archaea	GCA_016757965.1	0.283502	congeneric	1
as_reported	GCA_000195915.1	Thermoplasma	Archaea	GCA_000011185.1	0.265460	congeneric	1
no_self_strain	GCA_000195915.1	Thermoplasma	Archaea	GCA_000011185.1	0.265460	congeneric	1
novel_species	GCA_000195915.1	Thermoplasma	Archaea	GCA_000011185.1	0.265460	congeneric	1
as_reported	GCA_000195935.2	Pyrococcus	Archaea	GCA_000011105.1	0.228939	congeneric	1
no_self_strain	GCA_000195935.2	Pyrococcus	Archaea	GCA_000011105.1	0.228939	congeneric	1
novel_species	GCA_000195935.2	Pyrococcus	Archaea	GCA_000011105.1	0.228939	congeneric	1
as_reported	GCA_000196655.1	Methanohalobium	Archaea	GCA_000765475.1	0.328965	inter_genus	0
no_self_strain	GCA_000196655.1	Methanohalobium	Archaea	GCA_000765475.1	0.328965	inter_genus	0
novel_species	GCA_000196655.1	Methanohalobium	Archaea	GCA_000765475.1	0.328965	inter_genus	0
as_reported	GCA_000196895.1	Halalkalicoccus	Archaea	GCA_000485535.1	0.000002	same_strain	1
as_reported	GCA_000204415.1	Methanothrix	Archaea	GCA_029167045.1	0.287309	inter_genus	0
no_self_strain	GCA_000204415.1	Methanothrix	Archaea	GCA_029167045.1	0.287309	inter_genus	0
novel_species	GCA_000204415.1	Methanothrix	Archaea	GCA_029167045.1	0.287309	inter_genus	0
as_reported	GCA_000014945.1	Methanothrix	Archaea	GCA_029167045.1	0.328965	inter_genus	0
no_self_strain	GCA_000014945.1	Methanothrix	Archaea	GCA_029167045.1	0.328965	inter_genus	0
novel_species	GCA_000014945.1	Methanothrix	Archaea	GCA_029167045.1	0.328965	inter_genus	0
as_reported	GCA_000204925.1	Metallosphaera	Archaea	GCA_005222525.1	0.243761	congeneric	1
no_self_strain	GCA_000204925.1	Metallosphaera	Archaea	GCA_005222525.1	0.243761	congeneric	1
novel_species	GCA_000204925.1	Metallosphaera	Archaea	GCA_005222525.1	0.243761	congeneric	1
as_reported	GCA_000214415.1	Methanotorris	Archaea	GCA_000243455.2	0.123536	congeneric	1
no_self_strain	GCA_000214415.1	Methanotorris	Archaea	GCA_000243455.2	0.123536	congeneric	1
novel_species	GCA_000214415.1	Methanotorris	Archaea	GCA_000243455.2	0.123536	congeneric	1
as_reported	GCA_000214725.1	Methanobacterium	Archaea	GCA_017874455.1	0.218593	congeneric	1
no_self_strain	GCA_000214725.1	Methanobacterium	Archaea	GCA_017874455.1	0.218593	congeneric	1
novel_species	GCA_000214725.1	Methanobacterium	Archaea	GCA_017874455.1	0.218593	congeneric	1
as_reported	GCA_000215915.3	Halorhabdus	Archaea	GCA_000470655.1	0.002307	same_strain	1
no_self_strain	GCA_000215915.3	Halorhabdus	Archaea	GCA_000023945.1	0.123536	congeneric	1
novel_species	GCA_000215915.3	Halorhabdus	Archaea	GCA_000023945.1	0.123536	congeneric	1
as_reported	GCA_000215995.1	Pyrococcus	Archaea	GCA_900109425.1	0.197292	inter_genus	0
no_self_strain	GCA_000215995.1	Pyrococcus	Archaea	GCA_900109425.1	0.197292	inter_genus	0
novel_species	GCA_000215995.1	Pyrococcus	Archaea	GCA_900109425.1	0.197292	inter_genus	0
as_reported	GCA_000217715.1	Halopiger	Archaea	GCA_003610195.1	0.079608	congeneric	1
no_self_strain	GCA_000217715.1	Halopiger	Archaea	GCA_003610195.1	0.079608	congeneric	1
novel_species	GCA_000217715.1	Halopiger	Archaea	GCA_003610195.1	0.079608	congeneric	1
as_reported	GCA_000220175.2	Nitrosarchaeum	Archaea	GCA_000018465.1	0.213325	inter_genus	0
no_self_strain	GCA_000220175.2	Nitrosarchaeum	Archaea	GCA_000018465.1	0.213325	inter_genus	0
novel_species	GCA_000220175.2	Nitrosarchaeum	Archaea	GCA_000018465.1	0.213325	inter_genus	0
as_reported	GCA_000223905.1	Haloarcula	Archaea	GCA_039545215.1	0.000108	same_species	1
no_self_strain	GCA_000223905.1	Haloarcula	Archaea	GCA_039545215.1	0.000108	same_species	1
novel_species	GCA_000223905.1	Haloarcula	Archaea	GCA_000336615.1	0.041115	congeneric	1
as_reported	GCA_000230715.3	Natronobacterium	Archaea	GCA_900114025.1	0.000084	same_species	1
no_self_strain	GCA_000230715.3	Natronobacterium	Archaea	GCA_900114025.1	0.000084	same_species	1
novel_species	GCA_000230715.3	Natronobacterium	Archaea	GCA_000336655.1	0.164662	congeneric	1
as_reported	GCA_000230735.3	Natrinema	Archaea	GCA_000337635.1	0.000124	same_strain	1
no_self_strain	GCA_000230735.3	Natrinema	Archaea	GCA_000710605.1	0.042925	congeneric	1
novel_species	GCA_000230735.3	Natrinema	Archaea	GCA_000710605.1	0.042925	congeneric	1
as_reported	GCA_000231015.3	Desulfurococcus	Archaea	GCA_000020905.1	0.036035	same_species	1
no_self_strain	GCA_000231015.3	Desulfurococcus	Archaea	GCA_000020905.1	0.036035	same_species	1
novel_species	GCA_000231015.3	Desulfurococcus	Archaea	GCA_001006085.1	0.243761	congeneric	1
as_reported	GCA_000234805.1	Pyrobaculum	Archaea	GCA_000019805.1	0.250557	congeneric	1
no_self_strain	GCA_000234805.1	Pyrobaculum	Archaea	GCA_000019805.1	0.250557	congeneric	1
novel_species	GCA_000234805.1	Pyrobaculum	Archaea	GCA_000019805.1	0.250557	congeneric	1
as_reported	GCA_000243255.1	Methanoplanus	Archaea	GCA_029633915.1	0.239237	inter_genus	0
no_self_strain	GCA_000243255.1	Methanoplanus	Archaea	GCA_029633915.1	0.239237	inter_genus	0
novel_species	GCA_000243255.1	Methanoplanus	Archaea	GCA_029633915.1	0.239237	inter_genus	0
as_reported	GCA_000243455.2	Methanotorris	Archaea	GCA_047915675.1	0.000108	same_strain	1
no_self_strain	GCA_000243455.2	Methanotorris	Archaea	GCA_000214415.1	0.123536	congeneric	1
novel_species	GCA_000243455.2	Methanotorris	Archaea	GCA_000214415.1	0.123536	congeneric	1
as_reported	GCA_000246985.3	Thermococcus	Archaea	GCA_024054535.1	0.041769	congeneric	1
no_self_strain	GCA_000246985.3	Thermococcus	Archaea	GCA_024054535.1	0.041769	congeneric	1
novel_species	GCA_000246985.3	Thermococcus	Archaea	GCA_024054535.1	0.041769	congeneric	1
as_reported	GCA_000251105.1	Methanocella	Archaea	GCA_000011005.1	0.220489	congeneric	1
no_self_strain	GCA_000251105.1	Methanocella	Archaea	GCA_000011005.1	0.220489	congeneric	1
novel_species	GCA_000251105.1	Methanocella	Archaea	GCA_000011005.1	0.220489	congeneric	1
as_reported	GCA_000258515.1	Thermococcus	Archaea	GCA_055384795.1	0.038618	congeneric	1
no_self_strain	GCA_000258515.1	Thermococcus	Archaea	GCA_055384795.1	0.038618	congeneric	1
novel_species	GCA_000258515.1	Thermococcus	Archaea	GCA_055384795.1	0.038618	congeneric	1
as_reported	GCA_000259215.1	Halococcus	Archaea	GCA_000336675.1	0.000873	same_strain	1
no_self_strain	GCA_000259215.1	Halococcus	Archaea	GCA_024508235.1	0.187713	congeneric	1
novel_species	GCA_000259215.1	Halococcus	Archaea	GCA_024508235.1	0.187713	congeneric	1
as_reported	GCA_000264495.1	Thermogladius	Archaea	GCA_000513855.1	0.240698	inter_genus	0
no_self_strain	GCA_000264495.1	Thermogladius	Archaea	GCA_000513855.1	0.240698	inter_genus	0
novel_species	GCA_000264495.1	Thermogladius	Archaea	GCA_000513855.1	0.240698	inter_genus	0
as_reported	GCA_000265525.1	Thermococcus	Archaea	GCA_002214465.1	0.094438	congeneric	1
no_self_strain	GCA_000265525.1	Thermococcus	Archaea	GCA_002214465.1	0.094438	congeneric	1
novel_species	GCA_000265525.1	Thermococcus	Archaea	GCA_002214465.1	0.094438	congeneric	1
as_reported	GCA_000275865.1	Methanofollis	Archaea	GCA_013377755.1	0.052058	congeneric	1
no_self_strain	GCA_000275865.1	Methanofollis	Archaea	GCA_013377755.1	0.052058	congeneric	1
novel_species	GCA_000275865.1	Methanofollis	Archaea	GCA_013377755.1	0.052058	congeneric	1
as_reported	GCA_000304355.2	Methanoculleus	Archaea	GCA_023702065.1	0.142367	congeneric	1
no_self_strain	GCA_000304355.2	Methanoculleus	Archaea	GCA_023702065.1	0.142367	congeneric	1
novel_species	GCA_000304355.2	Methanoculleus	Archaea	GCA_023702065.1	0.142367	congeneric	1
as_reported	GCA_000317795.1	Caldisphaera	Archaea	GCA_030815255.1	0.328965	inter_genus	0
no_self_strain	GCA_000317795.1	Caldisphaera	Archaea	GCA_030815255.1	0.328965	inter_genus	0
novel_species	GCA_000317795.1	Caldisphaera	Archaea	GCA_030815255.1	0.328965	inter_genus	0
as_reported	GCA_000320505.2	Methanobrevibacter	Archaea	GCA_000621965.1	0.172288	congeneric	1
no_self_strain	GCA_000320505.2	Methanobrevibacter	Archaea	GCA_000621965.1	0.172288	congeneric	1
novel_species	GCA_000320505.2	Methanobrevibacter	Archaea	GCA_000621965.1	0.172288	congeneric	1
as_reported	GCA_000327485.1	Methanoregula	Archaea	GCA_000017625.1	0.256381	congeneric	1
no_self_strain	GCA_000327485.1	Methanoregula	Archaea	GCA_000017625.1	0.256381	congeneric	1
novel_species	GCA_000327485.1	Methanoregula	Archaea	GCA_000017625.1	0.256381	congeneric	1
as_reported	GCA_000328685.1	Natronococcus	Archaea	GCA_000337675.1	0.113634	congeneric	1
no_self_strain	GCA_000328685.1	Natronococcus	Archaea	GCA_000337675.1	0.113634	congeneric	1
novel_species	GCA_000328685.1	Natronococcus	Archaea	GCA_000337675.1	0.113634	congeneric	1
as_reported	GCA_000336615.1	Haloarcula	Archaea	GCA_000223905.1	0.041115	congeneric	1
no_self_strain	GCA_000336615.1	Haloarcula	Archaea	GCA_000223905.1	0.041115	congeneric	1
novel_species	GCA_000336615.1	Haloarcula	Archaea	GCA_000223905.1	0.041115	congeneric	1
as_reported	GCA_000336655.1	Natronobacterium	Archaea	GCA_003610195.1	0.158887	inter_genus	0
no_self_strain	GCA_000336655.1	Natronobacterium	Archaea	GCA_003610195.1	0.158887	inter_genus	0
novel_species	GCA_000336655.1	Natronobacterium	Archaea	GCA_003610195.1	0.158887	inter_genus	0
as_reported	GCA_000336675.1	Halococcus	Archaea	GCA_000259215.1	0.000873	same_strain	1
no_self_strain	GCA_000336675.1	Halococcus	Archaea	GCA_024508235.1	0.187235	congeneric	1
novel_species	GCA_000336675.1	Halococcus	Archaea	GCA_024508235.1	0.187235	congeneric	1
as_reported	GCA_000336695.1	Halococcus	Archaea	GCA_052043925.1	0.002214	same_strain	1
no_self_strain	GCA_000336695.1	Halococcus	Archaea	GCA_024508235.1	0.063385	congeneric	1
novel_species	GCA_000336695.1	Halococcus	Archaea	GCA_024508235.1	0.063385	congeneric	1
as_reported	GCA_000336735.1	Haloferax	Archaea	GCA_030535215.1	0.000110	same_species	1
no_self_strain	GCA_000336735.1	Haloferax	Archaea	GCA_030535215.1	0.000110	same_species	1
novel_species	GCA_000336735.1	Haloferax	Archaea	GCA_000337795.1	0.053322	congeneric	1
as_reported	GCA_000336755.1	Haloferax	Archaea	GCA_000336795.1	0.150849	congeneric	1
no_self_strain	GCA_000336755.1	Haloferax	Archaea	GCA_000336795.1	0.150849	congeneric	1
novel_species	GCA_000336755.1	Haloferax	Archaea	GCA_000336795.1	0.150849	congeneric	1
as_reported	GCA_000336775.1	Haloferax	Archaea	GCA_000336815.1	0.029170	congeneric	1
no_self_strain	GCA_000336775.1	Haloferax	Archaea	GCA_000336815.1	0.029170	congeneric	1
novel_species	GCA_000336775.1	Haloferax	Archaea	GCA_000336815.1	0.029170	congeneric	1
as_reported	GCA_000336795.1	Haloferax	Archaea	GCA_030535215.1	0.006818	same_species	1
no_self_strain	GCA_000336795.1	Haloferax	Archaea	GCA_030535215.1	0.006818	same_species	1
novel_species	GCA_000336795.1	Haloferax	Archaea	GCA_000337795.1	0.053568	congeneric	1
as_reported	GCA_000336815.1	Haloferax	Archaea	GCA_000336775.1	0.029170	congeneric	1
no_self_strain	GCA_000336815.1	Haloferax	Archaea	GCA_000336775.1	0.029170	congeneric	1
novel_species	GCA_000336815.1	Haloferax	Archaea	GCA_000336775.1	0.029170	congeneric	1
as_reported	GCA_000336875.1	Halorubrum	Archaea	GCA_000337395.1	0.084707	congeneric	1
no_self_strain	GCA_000336875.1	Halorubrum	Archaea	GCA_000337395.1	0.084707	congeneric	1
novel_species	GCA_000336875.1	Halorubrum	Archaea	GCA_000337395.1	0.084707	congeneric	1
as_reported	GCA_000336895.1	Haloarcula	Archaea	GCA_055384635.1	0.001196	same_species	1
no_self_strain	GCA_000336895.1	Haloarcula	Archaea	GCA_055384635.1	0.001196	same_species	1
novel_species	GCA_000336895.1	Haloarcula	Archaea	GCA_014647415.1	0.043375	congeneric	1
as_reported	GCA_000336995.1	Halorubrum	Archaea	GCA_000337375.1	0.122255	congeneric	1
no_self_strain	GCA_000336995.1	Halorubrum	Archaea	GCA_000337375.1	0.122255	congeneric	1
novel_species	GCA_000336995.1	Halorubrum	Archaea	GCA_000337375.1	0.122255	congeneric	1
as_reported	GCA_000337015.1	Halorubrum	Archaea	GCA_000337435.1	0.020187	same_species	1
no_self_strain	GCA_000337015.1	Halorubrum	Archaea	GCA_000337435.1	0.020187	same_species	1
novel_species	GCA_000337015.1	Halorubrum	Archaea	GCA_018228765.1	0.061455	congeneric	1
as_reported	GCA_000337035.1	Halorubrum	Archaea	GCA_041379815.1	0.072618	congeneric	1
no_self_strain	GCA_000337035.1	Halorubrum	Archaea	GCA_041379815.1	0.072618	congeneric	1
novel_species	GCA_000337035.1	Halorubrum	Archaea	GCA_041379815.1	0.072618	congeneric	1
as_reported	GCA_000337055.1	Halorubrum	Archaea	GCA_000337335.1	0.000105	same_species	1
no_self_strain	GCA_000337055.1	Halorubrum	Archaea	GCA_000337335.1	0.000105	same_species	1
novel_species	GCA_000337055.1	Halorubrum	Archaea	GCA_018228765.1	0.059113	congeneric	1
as_reported	GCA_000337095.1	Halogeometricum	Archaea	GCA_031624495.1	0.081135	congeneric	1
no_self_strain	GCA_000337095.1	Halogeometricum	Archaea	GCA_031624495.1	0.081135	congeneric	1
novel_species	GCA_000337095.1	Halogeometricum	Archaea	GCA_031624495.1	0.081135	congeneric	1
as_reported	GCA_000337135.1	Natrialba	Archaea	GCA_000337555.1	0.174771	congeneric	1
no_self_strain	GCA_000337135.1	Natrialba	Archaea	GCA_000337555.1	0.174771	congeneric	1
novel_species	GCA_000337135.1	Natrialba	Archaea	GCA_000337555.1	0.174771	congeneric	1
as_reported	GCA_000337155.1	Natrinema	Archaea	GCA_000731985.1	0.000148	same_species	1
no_self_strain	GCA_000337155.1	Natrinema	Archaea	GCA_000731985.1	0.000148	same_species	1
novel_species	GCA_000337155.1	Natrinema	Archaea	GCA_000337615.1	0.059258	congeneric	1
as_reported	GCA_000337175.1	Natrinema	Archaea	GCA_000337155.1	0.063061	congeneric	1
no_self_strain	GCA_000337175.1	Natrinema	Archaea	GCA_000337155.1	0.063061	congeneric	1
novel_species	GCA_000337175.1	Natrinema	Archaea	GCA_000337155.1	0.063061	congeneric	1
as_reported	GCA_000337215.1	Natronolimnohabitans	Archaea	GCA_013342145.1	0.148319	inter_genus	0
no_self_strain	GCA_000337215.1	Natronolimnohabitans	Archaea	GCA_013342145.1	0.148319	inter_genus	0
novel_species	GCA_000337215.1	Natronolimnohabitans	Archaea	GCA_013342145.1	0.148319	inter_genus	0
as_reported	GCA_000337235.1	Natronorubrum	Archaea	GCA_000383975.1	0.000057	same_strain	1
no_self_strain	GCA_000337235.1	Natronorubrum	Archaea	GCA_000337215.1	0.166150	inter_genus	0
novel_species	GCA_000337235.1	Natronorubrum	Archaea	GCA_000337215.1	0.166150	inter_genus	0
as_reported	GCA_000337255.1	Halalkalicoccus	Archaea	GCA_000485535.1	0.000134	same_strain	1
as_reported	GCA_000337315.1	Haloferax	Archaea	GCA_000025685.1	0.000525	same_strain	1
no_self_strain	GCA_000337315.1	Haloferax	Archaea	GCA_030535215.1	0.018392	same_species	1
novel_species	GCA_000337315.1	Haloferax	Archaea	GCA_000337795.1	0.056757	congeneric	1
as_reported	GCA_000337335.1	Halorubrum	Archaea	GCA_000337055.1	0.000105	same_species	1
no_self_strain	GCA_000337335.1	Halorubrum	Archaea	GCA_000337055.1	0.000105	same_species	1
novel_species	GCA_000337335.1	Halorubrum	Archaea	GCA_018228765.1	0.059161	congeneric	1
as_reported	GCA_000337355.1	Halorubrum	Archaea	GCA_000337375.1	0.081833	congeneric	1
no_self_strain	GCA_000337355.1	Halorubrum	Archaea	GCA_000337375.1	0.081833	congeneric	1
novel_species	GCA_000337355.1	Halorubrum	Archaea	GCA_000337375.1	0.081833	congeneric	1
as_reported	GCA_000337375.1	Halorubrum	Archaea	GCA_000337355.1	0.081833	congeneric	1
no_self_strain	GCA_000337375.1	Halorubrum	Archaea	GCA_000337355.1	0.081833	congeneric	1
novel_species	GCA_000337375.1	Halorubrum	Archaea	GCA_000337355.1	0.081833	congeneric	1
as_reported	GCA_000337395.1	Halorubrum	Archaea	GCA_000337335.1	0.016822	same_species	1
no_self_strain	GCA_000337395.1	Halorubrum	Archaea	GCA_000337335.1	0.016822	same_species	1
novel_species	GCA_000337395.1	Halorubrum	Archaea	GCA_018228765.1	0.058067	congeneric	1
as_reported	GCA_000337415.1	Halorubrum	Archaea	GCA_023702125.1	0.043618	congeneric	1
no_self_strain	GCA_000337415.1	Halorubrum	Archaea	GCA_023702125.1	0.043618	congeneric	1
novel_species	GCA_000337415.1	Halorubrum	Archaea	GCA_023702125.1	0.043618	congeneric	1
as_reported	GCA_000337435.1	Halorubrum	Archaea	GCA_000337335.1	0.016737	same_species	1
no_self_strain	GCA_000337435.1	Halorubrum	Archaea	GCA_000337335.1	0.016737	same_species	1
novel_species	GCA_000337435.1	Halorubrum	Archaea	GCA_018228765.1	0.060565	congeneric	1
as_reported	GCA_000337455.1	Halosimplex	Archaea	GCA_013415905.1	0.093138	congeneric	1
no_self_strain	GCA_000337455.1	Halosimplex	Archaea	GCA_013415905.1	0.093138	congeneric	1
novel_species	GCA_000337455.1	Halosimplex	Archaea	GCA_013415905.1	0.093138	congeneric	1
as_reported	GCA_000337515.1	Halovivax	Archaea	GCA_023093535.1	0.175878	congeneric	1
no_self_strain	GCA_000337515.1	Halovivax	Archaea	GCA_023093535.1	0.175878	congeneric	1
novel_species	GCA_000337515.1	Halovivax	Archaea	GCA_023093535.1	0.175878	congeneric	1
as_reported	GCA_000337535.1	Natrialba	Archaea	GCA_052510705.1	0.000088	same_species	1
no_self_strain	GCA_000337535.1	Natrialba	Archaea	GCA_052510705.1	0.000088	same_species	1
novel_species	GCA_000337535.1	Natrialba	Archaea	GCA_000337595.1	0.042466	congeneric	1
as_reported	GCA_000337555.1	Natrialba	Archaea	GCA_052510705.1	0.054997	congeneric	1
no_self_strain	GCA_000337555.1	Natrialba	Archaea	GCA_052510705.1	0.054997	congeneric	1
novel_species	GCA_000337555.1	Natrialba	Archaea	GCA_052510705.1	0.054997	congeneric	1
as_reported	GCA_000337595.1	Natrialba	Archaea	GCA_000337535.1	0.042466	congeneric	1
no_self_strain	GCA_000337595.1	Natrialba	Archaea	GCA_000337535.1	0.042466	congeneric	1
novel_species	GCA_000337595.1	Natrialba	Archaea	GCA_000337535.1	0.042466	congeneric	1
as_reported	GCA_000337615.1	Natrinema	Archaea	GCA_000731985.1	0.059233	congeneric	1
no_self_strain	GCA_000337615.1	Natrinema	Archaea	GCA_000731985.1	0.059233	congeneric	1
novel_species	GCA_000337615.1	Natrinema	Archaea	GCA_000731985.1	0.059233	congeneric	1
as_reported	GCA_000337635.1	Natrinema	Archaea	GCA_000230735.3	0.000124	same_strain	1
no_self_strain	GCA_000337635.1	Natrinema	Archaea	GCA_000710605.1	0.042984	congeneric	1
novel_species	GCA_000337635.1	Natrinema	Archaea	GCA_000710605.1	0.042984	congeneric	1
as_reported	GCA_000337655.1	Natronobacterium	Archaea	GCA_000230715.3	0.000274	same_strain	1
no_self_strain	GCA_000337655.1	Natronobacterium	Archaea	GCA_900114025.1	0.000291	same_species	1
novel_species	GCA_000337655.1	Natronobacterium	Archaea	GCA_000336655.1	0.165848	congeneric	1
as_reported	GCA_000337675.1	Natronococcus	Archaea	GCA_000328685.1	0.113634	congeneric	1
no_self_strain	GCA_000337675.1	Natronococcus	Archaea	GCA_000328685.1	0.113634	congeneric	1
novel_species	GCA_000337675.1	Natronococcus	Archaea	GCA_000328685.1	0.113634	congeneric	1
as_reported	GCA_000337695.1	Natronococcus	Archaea	GCA_000328685.1	0.114974	congeneric	1
no_self_strain	GCA_000337695.1	Natronococcus	Archaea	GCA_000328685.1	0.114974	congeneric	1
novel_species	GCA_000337695.1	Natronococcus	Archaea	GCA_000328685.1	0.114974	congeneric	1
as_reported	GCA_000337755.1	Haloarcula	Archaea	GCA_000223905.1	0.081309	congeneric	1
no_self_strain	GCA_000337755.1	Haloarcula	Archaea	GCA_000223905.1	0.081309	congeneric	1
novel_species	GCA_000337755.1	Haloarcula	Archaea	GCA_000223905.1	0.081309	congeneric	1
as_reported	GCA_000337775.1	Haloarcula	Archaea	GCA_900106715.1	0.000264	same_species	1
no_self_strain	GCA_000337775.1	Haloarcula	Archaea	GCA_900106715.1	0.000264	same_species	1
novel_species	GCA_000337775.1	Haloarcula	Archaea	GCA_001280425.1	0.091822	congeneric	1
as_reported	GCA_000337795.1	Haloferax	Archaea	GCA_000337835.1	0.029170	congeneric	1
no_self_strain	GCA_000337795.1	Haloferax	Archaea	GCA_000337835.1	0.029170	congeneric	1
novel_species	GCA_000337795.1	Haloferax	Archaea	GCA_000337835.1	0.029170	congeneric	1
as_reported	GCA_000337815.1	Haloferax	Archaea	GCA_000336795.1	0.144203	congeneric	1
no_self_strain	GCA_000337815.1	Haloferax	Archaea	GCA_000336795.1	0.144203	congeneric	1
novel_species	GCA_000337815.1	Haloferax	Archaea	GCA_000336795.1	0.144203	congeneric	1
as_reported	GCA_000337835.1	Haloferax	Archaea	GCA_000337795.1	0.029170	congeneric	1
no_self_strain	GCA_000337835.1	Haloferax	Archaea	GCA_000337795.1	0.029170	congeneric	1
novel_species	GCA_000337835.1	Haloferax	Archaea	GCA_000337795.1	0.029170	congeneric	1
as_reported	GCA_000337855.1	Halogeometricum	Archaea	GCA_000172995.2	0.000057	same_strain	1
no_self_strain	GCA_000337855.1	Halogeometricum	Archaea	GCA_900112175.1	0.155645	congeneric	1
novel_species	GCA_000337855.1	Halogeometricum	Archaea	GCA_900112175.1	0.155645	congeneric	1
as_reported	GCA_000337915.1	Halorubrum	Archaea	GCA_004114995.1	0.087446	congeneric	1
no_self_strain	GCA_000337915.1	Halorubrum	Archaea	GCA_004114995.1	0.087446	congeneric	1
novel_species	GCA_000337915.1	Halorubrum	Archaea	GCA_004114995.1	0.087446	congeneric	1
as_reported	GCA_000371805.1	Methanocaldococcus	Archaea	GCA_000214415.1	0.194429	inter_genus	0
no_self_strain	GCA_000371805.1	Methanocaldococcus	Archaea	GCA_000214415.1	0.194429	inter_genus	0
novel_species	GCA_000371805.1	Methanocaldococcus	Archaea	GCA_000214415.1	0.194429	inter_genus	0
as_reported	GCA_000376445.1	Haladaptatus	Archaea	GCA_900142335.1	0.000036	same_strain	1
no_self_strain	GCA_000376445.1	Haladaptatus	Archaea	GCA_900156425.1	0.174771	congeneric	1
novel_species	GCA_000376445.1	Haladaptatus	Archaea	GCA_900156425.1	0.174771	congeneric	1
as_reported	GCA_000376965.1	Methanothermococcus	Archaea	GCA_049075655.1	0.192791	congeneric	1
no_self_strain	GCA_000376965.1	Methanothermococcus	Archaea	GCA_049075655.1	0.192791	congeneric	1
novel_species	GCA_000376965.1	Methanothermococcus	Archaea	GCA_049075655.1	0.192791	congeneric	1
as_reported	GCA_000379085.1	Halomicrobium	Archaea	GCA_000023965.1	0.028279	congeneric	1
no_self_strain	GCA_000379085.1	Halomicrobium	Archaea	GCA_000023965.1	0.028279	congeneric	1
novel_species	GCA_000379085.1	Halomicrobium	Archaea	GCA_000023965.1	0.028279	congeneric	1
as_reported	GCA_000383975.1	Natronorubrum	Archaea	GCA_000337235.1	0.000057	same_strain	1
no_self_strain	GCA_000383975.1	Natronorubrum	Archaea	GCA_000337215.1	0.166453	inter_genus	0
novel_species	GCA_000383975.1	Natronorubrum	Archaea	GCA_000337215.1	0.166453	inter_genus	0
as_reported	GCA_000385565.1	Archaeoglobus	Archaea	GCA_016757965.1	0.291447	congeneric	1
no_self_strain	GCA_000385565.1	Archaeoglobus	Archaea	GCA_016757965.1	0.291447	congeneric	1
novel_species	GCA_000385565.1	Archaeoglobus	Archaea	GCA_016757965.1	0.291447	congeneric	1
as_reported	GCA_000421805.1	Halorubrum	Archaea	GCA_002114285.1	0.000493	same_strain	1
no_self_strain	GCA_000421805.1	Halorubrum	Archaea	GCA_900188075.1	0.013709	same_species	1
novel_species	GCA_000421805.1	Halorubrum	Archaea	GCA_000337335.1	0.088627	congeneric	1
as_reported	GCA_000427685.1	Haloplanus	Archaea	GCA_003342675.1	0.109246	congeneric	1
no_self_strain	GCA_000427685.1	Haloplanus	Archaea	GCA_003342675.1	0.109246	congeneric	1
novel_species	GCA_000427685.1	Haloplanus	Archaea	GCA_003342675.1	0.109246	congeneric	1
as_reported	GCA_000446015.1	Thermofilum	Archaea	GCA_000015225.1	0.287309	congeneric	1
no_self_strain	GCA_000446015.1	Thermofilum	Archaea	GCA_000015225.1	0.287309	congeneric	1
novel_species	GCA_000446015.1	Thermofilum	Archaea	GCA_000015225.1	0.287309	congeneric	1
as_reported	GCA_000455345.1	Halopiger	Archaea	GCA_013342145.1	0.156619	inter_genus	0
no_self_strain	GCA_000455345.1	Halopiger	Archaea	GCA_013342145.1	0.156619	inter_genus	0
novel_species	GCA_000455345.1	Halopiger	Archaea	GCA_013342145.1	0.156619	inter_genus	0
as_reported	GCA_000470655.1	Halorhabdus	Archaea	GCA_000215915.3	0.002307	same_strain	1
no_self_strain	GCA_000470655.1	Halorhabdus	Archaea	GCA_000023945.1	0.122140	congeneric	1
novel_species	GCA_000470655.1	Halorhabdus	Archaea	GCA_000023945.1	0.122140	congeneric	1
as_reported	GCA_000485535.1	Halalkalicoccus	Archaea	GCA_000196895.1	0.000002	same_strain	1
as_reported	GCA_000495475.1	Candidatus Halobonum	Archaea	GCA_030127125.1	0.168318	inter_genus	0
no_self_strain	GCA_000495475.1	Candidatus Halobonum	Archaea	GCA_030127125.1	0.168318	inter_genus	0
novel_species	GCA_000495475.1	Candidatus Halobonum	Archaea	GCA_030127125.1	0.168318	inter_genus	0
as_reported	GCA_000504205.1	Methanolobus	Archaea	GCA_000765475.1	0.279978	inter_genus	0
no_self_strain	GCA_000504205.1	Methanolobus	Archaea	GCA_000765475.1	0.279978	inter_genus	0
novel_species	GCA_000504205.1	Methanolobus	Archaea	GCA_000765475.1	0.279978	inter_genus	0
as_reported	GCA_000513855.1	Desulfurococcus	Archaea	GCA_000020905.1	0.009601	same_species	1
no_self_strain	GCA_000513855.1	Desulfurococcus	Archaea	GCA_000020905.1	0.009601	same_species	1
novel_species	GCA_000513855.1	Desulfurococcus	Archaea	GCA_000264495.1	0.240698	inter_genus	0
as_reported	GCA_000517445.1	Thermococcus	Archaea	GCA_000151105.2	0.133125	congeneric	1
no_self_strain	GCA_000517445.1	Thermococcus	Archaea	GCA_000151105.2	0.133125	congeneric	1
novel_species	GCA_000517445.1	Thermococcus	Archaea	GCA_000151105.2	0.133125	congeneric	1
as_reported	GCA_000585495.1	Thermococcus	Archaea	GCA_900198835.1	0.063061	congeneric	1
no_self_strain	GCA_000585495.1	Thermococcus	Archaea	GCA_900198835.1	0.063061	congeneric	1
novel_species	GCA_000585495.1	Thermococcus	Archaea	GCA_900198835.1	0.063061	congeneric	1
as_reported	GCA_000591035.1	Aeropyrum	Archaea	GCA_000011125.1	0.145150	congeneric	1
no_self_strain	GCA_000591035.1	Aeropyrum	Archaea	GCA_000011125.1	0.145150	congeneric	1
novel_species	GCA_000591035.1	Aeropyrum	Archaea	GCA_000011125.1	0.145150	congeneric	1
as_reported	GCA_000591055.1	Natronomonas	Archaea	GCA_013839515.1	0.146509	congeneric	1
no_self_strain	GCA_000591055.1	Natronomonas	Archaea	GCA_013839515.1	0.146509	congeneric	1
novel_species	GCA_000591055.1	Natronomonas	Archaea	GCA_013839515.1	0.146509	congeneric	1
as_reported	GCA_000621965.1	Methanobrevibacter	Archaea	GCA_000320505.2	0.172288	congeneric	1
no_self_strain	GCA_000621965.1	Methanobrevibacter	Archaea	GCA_000320505.2	0.172288	congeneric	1
novel_species	GCA_000621965.1	Methanobrevibacter	Archaea	GCA_000320505.2	0.172288	congeneric	1
as_reported	GCA_000710605.1	Natrinema	Archaea	GCA_000230735.3	0.042925	congeneric	1
no_self_strain	GCA_000710605.1	Natrinema	Archaea	GCA_000230735.3	0.042925	congeneric	1
novel_species	GCA_000710605.1	Natrinema	Archaea	GCA_000230735.3	0.042925	congeneric	1
as_reported	GCA_000710615.1	Haladaptatus	Archaea	GCA_900156425.1	0.079901	congeneric	1
no_self_strain	GCA_000710615.1	Haladaptatus	Archaea	GCA_900156425.1	0.079901	congeneric	1
novel_species	GCA_000710615.1	Haladaptatus	Archaea	GCA_900156425.1	0.079901	congeneric	1
as_reported	GCA_000725425.1	Palaeococcus	Archaea	GCA_023746595.1	0.210114	inter_genus	0
no_self_strain	GCA_000725425.1	Palaeococcus	Archaea	GCA_023746595.1	0.210114	inter_genus	0
novel_species	GCA_000725425.1	Palaeococcus	Archaea	GCA_023746595.1	0.210114	inter_genus	0
as_reported	GCA_000731985.1	Natrinema	Archaea	GCA_000337155.1	0.000148	same_species	1
no_self_strain	GCA_000731985.1	Natrinema	Archaea	GCA_000337155.1	0.000148	same_species	1
novel_species	GCA_000731985.1	Natrinema	Archaea	GCA_000337615.1	0.059233	congeneric	1
as_reported	GCA_000739065.1	Methanocaldococcus	Archaea	GCA_000091665.1	0.114108	congeneric	1
no_self_strain	GCA_000739065.1	Methanocaldococcus	Archaea	GCA_000091665.1	0.114108	congeneric	1
novel_species	GCA_000739065.1	Methanocaldococcus	Archaea	GCA_000091665.1	0.114108	congeneric	1
as_reported	GCA_000739575.1	Halobellus	Archaea	GCA_037031285.1	0.106845	congeneric	1
no_self_strain	GCA_000739575.1	Halobellus	Archaea	GCA_037031285.1	0.106845	congeneric	1
novel_species	GCA_000739575.1	Halobellus	Archaea	GCA_037031285.1	0.106845	congeneric	1
as_reported	GCA_000765475.1	Methanococcoides	Archaea	GCA_900773915.1	0.000072	same_species	1
no_self_strain	GCA_000765475.1	Methanococcoides	Archaea	GCA_900773915.1	0.000072	same_species	1
novel_species	GCA_000765475.1	Methanococcoides	Archaea	GCA_021184045.1	0.044233	congeneric	1
as_reported	GCA_000784355.1	Methanolacinia	Archaea	GCA_000147875.1	0.062606	congeneric	1
no_self_strain	GCA_000784355.1	Methanolacinia	Archaea	GCA_000147875.1	0.062606	congeneric	1
novel_species	GCA_000784355.1	Methanolacinia	Archaea	GCA_000147875.1	0.062606	congeneric	1
as_reported	GCA_000789255.1	Geoglobus	Archaea	GCA_001006045.1	0.226680	congeneric	1
no_self_strain	GCA_000789255.1	Geoglobus	Archaea	GCA_001006045.1	0.226680	congeneric	1
novel_species	GCA_000789255.1	Geoglobus	Archaea	GCA_001006045.1	0.226680	congeneric	1
as_reported	GCA_000816105.1	Thermococcus	Archaea	GCA_000022365.1	0.126340	congeneric	1
no_self_strain	GCA_000816105.1	Thermococcus	Archaea	GCA_000022365.1	0.126340	congeneric	1
novel_species	GCA_000816105.1	Thermococcus	Archaea	GCA_000022365.1	0.126340	congeneric	1
as_reported	GCA_000966265.1	Palaeococcus	Archaea	GCA_002214505.1	0.182699	inter_genus	0
no_self_strain	GCA_000966265.1	Palaeococcus	Archaea	GCA_002214505.1	0.182699	inter_genus	0
novel_species	GCA_000966265.1	Palaeococcus	Archaea	GCA_002214505.1	0.182699	inter_genus	0
as_reported	GCA_000970025.1	Methanosarcina	Archaea	GCA_001304615.2	0.179768	congeneric	1
no_self_strain	GCA_000970025.1	Methanosarcina	Archaea	GCA_001304615.2	0.179768	congeneric	1
novel_species	GCA_000970025.1	Methanosarcina	Archaea	GCA_001304615.2	0.179768	congeneric	1
as_reported	GCA_000970085.1	Methanosarcina	Archaea	GCA_000007345.1	0.074469	congeneric	1
no_self_strain	GCA_000970085.1	Methanosarcina	Archaea	GCA_000007345.1	0.074469	congeneric	1
novel_species	GCA_000970085.1	Methanosarcina	Archaea	GCA_000007345.1	0.074469	congeneric	1
as_reported	GCA_000970205.1	Methanosarcina	Archaea	GCA_000970245.1	0.010875	same_species	1
no_self_strain	GCA_000970205.1	Methanosarcina	Archaea	GCA_000970245.1	0.010875	same_species	1
novel_species	GCA_000970205.1	Methanosarcina	Archaea	GCA_000970085.1	0.176252	congeneric	1
as_reported	GCA_000970245.1	Methanosarcina	Archaea	GCA_000970205.1	0.010875	same_species	1
no_self_strain	GCA_000970245.1	Methanosarcina	Archaea	GCA_000970205.1	0.010875	same_species	1
novel_species	GCA_000970245.1	Methanosarcina	Archaea	GCA_000970085.1	0.176630	congeneric	1
as_reported	GCA_000993805.1	Infirmifilum	Archaea	GCA_014876775.1	0.287309	congeneric	1
no_self_strain	GCA_000993805.1	Infirmifilum	Archaea	GCA_014876775.1	0.287309	congeneric	1
novel_species	GCA_000993805.1	Infirmifilum	Archaea	GCA_014876775.1	0.287309	congeneric	1
as_reported	GCA_001006045.1	Geoglobus	Archaea	GCA_000789255.1	0.226680	congeneric	1
no_self_strain	GCA_001006045.1	Geoglobus	Archaea	GCA_000789255.1	0.226680	congeneric	1
novel_species	GCA_001006045.1	Geoglobus	Archaea	GCA_000789255.1	0.226680	congeneric	1
as_reported	GCA_001006085.1	Desulfurococcus	Archaea	GCA_000186365.1	0.004940	same_species	1
no_self_strain	GCA_001006085.1	Desulfurococcus	Archaea	GCA_000186365.1	0.004940	same_species	1
novel_species	GCA_001006085.1	Desulfurococcus	Archaea	GCA_000231015.3	0.243761	congeneric	1
as_reported	GCA_001011115.1	Halanaeroarchaeum	Archaea	GCA_001886955.1	0.237820	inter_genus	0
no_self_strain	GCA_001011115.1	Halanaeroarchaeum	Archaea	GCA_001886955.1	0.237820	inter_genus	0
novel_species	GCA_001011115.1	Halanaeroarchaeum	Archaea	GCA_001886955.1	0.237820	inter_genus	0
as_reported	GCA_001017125.1	Methanoculleus	Archaea	GCA_001602375.1	0.071657	congeneric	1
no_self_strain	GCA_001017125.1	Methanoculleus	Archaea	GCA_001602375.1	0.071657	congeneric	1
novel_species	GCA_001017125.1	Methanoculleus	Archaea	GCA_001602375.1	0.071657	congeneric	1
as_reported	GCA_001280425.1	Haloarcula	Archaea	GCA_900106715.1	0.091541	congeneric	1
no_self_strain	GCA_001280425.1	Haloarcula	Archaea	GCA_900106715.1	0.091541	congeneric	1
novel_species	GCA_001280425.1	Haloarcula	Archaea	GCA_900106715.1	0.091541	congeneric	1
as_reported	GCA_001282785.1	Halolamina	Archaea	GCA_054653455.1	0.071353	congeneric	1
no_self_strain	GCA_001282785.1	Halolamina	Archaea	GCA_054653455.1	0.071353	congeneric	1
novel_species	GCA_001282785.1	Halolamina	Archaea	GCA_054653455.1	0.071353	congeneric	1
as_reported	GCA_001304615.2	Methanosarcina	Archaea	GCA_000970025.1	0.179768	congeneric	1
no_self_strain	GCA_001304615.2	Methanosarcina	Archaea	GCA_000970025.1	0.179768	congeneric	1
novel_species	GCA_001304615.2	Methanosarcina	Archaea	GCA_000970025.1	0.179768	congeneric	1
as_reported	GCA_001368915.1	Haloferax	Archaea	GCA_000337835.1	0.044686	congeneric	1
no_self_strain	GCA_001368915.1	Haloferax	Archaea	GCA_000337835.1	0.044686	congeneric	1
novel_species	GCA_001368915.1	Haloferax	Archaea	GCA_000337835.1	0.044686	congeneric	1
as_reported	GCA_001399695.1	Acidiplasma	Archaea	GCA_001402945.1	0.003637	same_species	1
no_self_strain	GCA_001399695.1	Acidiplasma	Archaea	GCA_001402945.1	0.003637	same_species	1
novel_species	GCA_001399695.1	Acidiplasma	Archaea	GCA_001402935.1	0.007807	congeneric	1
as_reported	GCA_001402935.1	Acidiplasma	Archaea	GCA_001402945.1	0.007250	congeneric	1
no_self_strain	GCA_001402935.1	Acidiplasma	Archaea	GCA_001402945.1	0.007250	congeneric	1
novel_species	GCA_001402935.1	Acidiplasma	Archaea	GCA_001402945.1	0.007250	congeneric	1
as_reported	GCA_001402945.1	Acidiplasma	Archaea	GCA_001399695.1	0.003637	same_species	1
no_self_strain	GCA_001402945.1	Acidiplasma	Archaea	GCA_001399695.1	0.003637	same_species	1
novel_species	GCA_001402945.1	Acidiplasma	Archaea	GCA_001402935.1	0.007250	congeneric	1
as_reported	GCA_001418715.1	Thermococcus	Archaea	GCA_900109425.1	0.000228	same_species	1
no_self_strain	GCA_001418715.1	Thermococcus	Archaea	GCA_900109425.1	0.000228	same_species	1
novel_species	GCA_001418715.1	Thermococcus	Archaea	GCA_024707485.1	0.065682	congeneric	1
as_reported	GCA_001462205.1	Haloparvum	Archaea	GCA_007671725.1	0.144769	inter_genus	0
no_self_strain	GCA_001462205.1	Haloparvum	Archaea	GCA_007671725.1	0.144769	inter_genus	0
novel_species	GCA_001462205.1	Haloparvum	Archaea	GCA_007671725.1	0.144769	inter_genus	0
as_reported	GCA_001469875.2	Haloferax	Archaea	GCA_000336775.1	0.050218	congeneric	1
no_self_strain	GCA_001469875.2	Haloferax	Archaea	GCA_000336775.1	0.050218	congeneric	1
novel_species	GCA_001469875.2	Haloferax	Archaea	GCA_000336775.1	0.050218	congeneric	1
as_reported	GCA_001481685.1	Ignicoccus	Archaea	GCA_025340205.1	0.258493	congeneric	1
no_self_strain	GCA_001481685.1	Ignicoccus	Archaea	GCA_025340205.1	0.258493	congeneric	1
novel_species	GCA_001481685.1	Ignicoccus	Archaea	GCA_025340205.1	0.258493	congeneric	1
as_reported	GCA_001484195.1	Thermococcus	Archaea	GCA_008152015.1	0.031815	congeneric	1
no_self_strain	GCA_001484195.1	Thermococcus	Archaea	GCA_008152015.1	0.031815	congeneric	1
novel_species	GCA_001484195.1	Thermococcus	Archaea	GCA_008152015.1	0.031815	congeneric	1
as_reported	GCA_001542905.1	Halorubrum	Archaea	GCA_002252985.1	0.060691	congeneric	1
no_self_strain	GCA_001542905.1	Halorubrum	Archaea	GCA_002252985.1	0.060691	congeneric	1
novel_species	GCA_001542905.1	Halorubrum	Archaea	GCA_002252985.1	0.060691	congeneric	1
as_reported	GCA_001571385.1	Methanofollis	Archaea	GCA_019633745.1	0.173336	congeneric	1
no_self_strain	GCA_001571385.1	Methanofollis	Archaea	GCA_019633745.1	0.173336	congeneric	1
novel_species	GCA_001571385.1	Methanofollis	Archaea	GCA_019633745.1	0.173336	congeneric	1
as_reported	GCA_001571405.1	Methanoculleus	Archaea	GCA_900101055.1	0.000156	same_species	1
no_self_strain	GCA_001571405.1	Methanoculleus	Archaea	GCA_900101055.1	0.000156	same_species	1
novel_species	GCA_001571405.1	Methanoculleus	Archaea	GCA_032944295.1	0.151066	congeneric	1
as_reported	GCA_001577775.1	Pyrococcus	Archaea	GCA_002214605.1	0.111429	inter_genus	0
no_self_strain	GCA_001577775.1	Pyrococcus	Archaea	GCA_002214605.1	0.111429	inter_genus	0
novel_species	GCA_001577775.1	Pyrococcus	Archaea	GCA_002214605.1	0.111429	inter_genus	0
as_reported	GCA_001592435.1	Thermococcus	Archaea	GCA_000009965.1	0.095656	congeneric	1
no_self_strain	GCA_001592435.1	Thermococcus	Archaea	GCA_000009965.1	0.095656	congeneric	1
novel_species	GCA_001592435.1	Thermococcus	Archaea	GCA_000009965.1	0.095656	congeneric	1
as_reported	GCA_001602375.1	Methanoculleus	Archaea	GCA_001017125.1	0.071657	congeneric	1
no_self_strain	GCA_001602375.1	Methanoculleus	Archaea	GCA_001017125.1	0.071657	congeneric	1
novel_species	GCA_001602375.1	Methanoculleus	Archaea	GCA_001017125.1	0.071657	congeneric	1
as_reported	GCA_001639275.1	Methanobrevibacter	Archaea	GCA_002252585.1	0.201619	congeneric	1
no_self_strain	GCA_001639275.1	Methanobrevibacter	Archaea	GCA_002252585.1	0.201619	congeneric	1
novel_species	GCA_001639275.1	Methanobrevibacter	Archaea	GCA_002252585.1	0.201619	congeneric	1
as_reported	GCA_001647085.1	Thermococcus	Archaea	GCA_000018365.1	0.091653	congeneric	1
no_self_strain	GCA_001647085.1	Thermococcus	Archaea	GCA_000018365.1	0.091653	congeneric	1
novel_species	GCA_001647085.1	Thermococcus	Archaea	GCA_000018365.1	0.091653	congeneric	1
as_reported	GCA_001886955.1	Halodesulfurarchaeum	Archaea	GCA_001011115.1	0.237820	inter_genus	0
no_self_strain	GCA_001886955.1	Halodesulfurarchaeum	Archaea	GCA_001011115.1	0.237820	inter_genus	0
novel_species	GCA_001886955.1	Halodesulfurarchaeum	Archaea	GCA_001011115.1	0.237820	inter_genus	0
as_reported	GCA_001888095.1	Methanohalophilus	Archaea	GCA_900177455.1	0.001096	same_strain	1
no_self_strain	GCA_001888095.1	Methanohalophilus	Archaea	GCA_002761295.1	0.001111	same_species	1
novel_species	GCA_001888095.1	Methanohalophilus	Archaea	GCA_017874375.1	0.287309	congeneric	1
as_reported	GCA_002078355.1	Ferroplasma	Archaea	GCA_000152265.2	0.023316	congeneric	1
no_self_strain	GCA_002078355.1	Ferroplasma	Archaea	GCA_000152265.2	0.023316	congeneric	1
novel_species	GCA_002078355.1	Ferroplasma	Archaea	GCA_000152265.2	0.023316	congeneric	1
as_reported	GCA_002114285.1	Halorubrum	Archaea	GCA_000421805.1	0.000493	same_strain	1
no_self_strain	GCA_002114285.1	Halorubrum	Archaea	GCA_900188075.1	0.013928	same_species	1
novel_species	GCA_002114285.1	Halorubrum	Archaea	GCA_000337335.1	0.088627	congeneric	1
as_reported	GCA_002153915.1	Methanonatronarchaeum	Archaea	GCA_900129705.1	0.353280	inter_genus	0
no_self_strain	GCA_002153915.1	Methanonatronarchaeum	Archaea	GCA_900129705.1	0.353280	inter_genus	0
novel_species	GCA_002153915.1	Methanonatronarchaeum	Archaea	GCA_900129705.1	0.353280	inter_genus	0
as_reported	GCA_002156705.1	Natrarchaeobaculum	Archaea	GCA_000337215.1	0.175506	inter_genus	0
no_self_strain	GCA_002156705.1	Natrarchaeobaculum	Archaea	GCA_000337215.1	0.175506	inter_genus	0
novel_species	GCA_002156705.1	Natrarchaeobaculum	Archaea	GCA_000337215.1	0.175506	inter_genus	0
as_reported	GCA_002214365.1	Thermococcus	Archaea	GCA_002214565.1	0.161822	congeneric	1
no_self_strain	GCA_002214365.1	Thermococcus	Archaea	GCA_002214565.1	0.161822	congeneric	1
novel_species	GCA_002214365.1	Thermococcus	Archaea	GCA_002214565.1	0.161822	congeneric	1
as_reported	GCA_002214385.1	Thermococcus	Archaea	GCA_002214485.1	0.116659	congeneric	1
no_self_strain	GCA_002214385.1	Thermococcus	Archaea	GCA_002214485.1	0.116659	congeneric	1
novel_species	GCA_002214385.1	Thermococcus	Archaea	GCA_002214485.1	0.116659	congeneric	1
as_reported	GCA_002214465.1	Thermococcus	Archaea	GCA_000265525.1	0.094438	congeneric	1
no_self_strain	GCA_002214465.1	Thermococcus	Archaea	GCA_000265525.1	0.094438	congeneric	1
novel_species	GCA_002214465.1	Thermococcus	Archaea	GCA_000265525.1	0.094438	congeneric	1
as_reported	GCA_002214485.1	Thermococcus	Archaea	GCA_002214385.1	0.116659	congeneric	1
no_self_strain	GCA_002214485.1	Thermococcus	Archaea	GCA_002214385.1	0.116659	congeneric	1
novel_species	GCA_002214485.1	Thermococcus	Archaea	GCA_002214385.1	0.116659	congeneric	1
as_reported	GCA_002214505.1	Thermococcus	Archaea	GCA_001484195.1	0.145727	congeneric	1
no_self_strain	GCA_002214505.1	Thermococcus	Archaea	GCA_001484195.1	0.145727	congeneric	1
novel_species	GCA_002214505.1	Thermococcus	Archaea	GCA_001484195.1	0.145727	congeneric	1
as_reported	GCA_002214545.1	Thermococcus	Archaea	GCA_900109425.1	0.000052	same_species	1
no_self_strain	GCA_002214545.1	Thermococcus	Archaea	GCA_900109425.1	0.000052	same_species	1
novel_species	GCA_002214545.1	Thermococcus	Archaea	GCA_024707485.1	0.065624	congeneric	1
as_reported	GCA_002214565.1	Thermococcus	Archaea	GCA_008152015.1	0.113634	congeneric	1
no_self_strain	GCA_002214565.1	Thermococcus	Archaea	GCA_008152015.1	0.113634	congeneric	1
novel_species	GCA_002214565.1	Thermococcus	Archaea	GCA_008152015.1	0.113634	congeneric	1
as_reported	GCA_002214585.1	Thermococcus	Archaea	GCA_002214505.1	0.153528	congeneric	1
no_self_strain	GCA_002214585.1	Thermococcus	Archaea	GCA_002214505.1	0.153528	congeneric	1
novel_species	GCA_002214585.1	Thermococcus	Archaea	GCA_002214505.1	0.153528	congeneric	1
as_reported	GCA_002214605.1	Thermococcus	Archaea	GCA_001577775.1	0.111429	inter_genus	0
no_self_strain	GCA_002214605.1	Thermococcus	Archaea	GCA_001577775.1	0.111429	inter_genus	0
novel_species	GCA_002214605.1	Thermococcus	Archaea	GCA_001577775.1	0.111429	inter_genus	0
as_reported	GCA_002252585.1	Methanobrevibacter	Archaea	GCA_000016525.1	0.053609	congeneric	1
no_self_strain	GCA_002252585.1	Methanobrevibacter	Archaea	GCA_000016525.1	0.053609	congeneric	1
novel_species	GCA_002252585.1	Methanobrevibacter	Archaea	GCA_000016525.1	0.053609	congeneric	1
as_reported	GCA_002252985.1	Halorubrum	Archaea	GCA_001542905.1	0.060691	congeneric	1
no_self_strain	GCA_002252985.1	Halorubrum	Archaea	GCA_001542905.1	0.060691	congeneric	1
novel_species	GCA_002252985.1	Halorubrum	Archaea	GCA_001542905.1	0.060691	congeneric	1
as_reported	GCA_002286985.1	Halorubrum	Archaea	GCA_004114995.1	0.084330	congeneric	1
no_self_strain	GCA_002286985.1	Halorubrum	Archaea	GCA_004114995.1	0.084330	congeneric	1
novel_species	GCA_002286985.1	Halorubrum	Archaea	GCA_004114995.1	0.084330	congeneric	1
as_reported	GCA_002287195.1	Methanosphaera	Archaea	GCA_003149675.1	0.000944	same_species	1
no_self_strain	GCA_002287195.1	Methanosphaera	Archaea	GCA_003149675.1	0.000944	same_species	1
novel_species	GCA_002287195.1	Methanosphaera	Archaea	GCA_028890305.1	0.212502	congeneric	1
as_reported	GCA_002379115.1	Halorubrum	Archaea	GCA_900188075.1	0.000388	same_species	1
no_self_strain	GCA_002379115.1	Halorubrum	Archaea	GCA_900188075.1	0.000388	same_species	1
novel_species	GCA_002379115.1	Halorubrum	Archaea	GCA_000337335.1	0.089416	congeneric	1
as_reported	GCA_002727125.1	Halorubrum	Archaea	GCA_002286985.1	0.094438	congeneric	1
no_self_strain	GCA_002727125.1	Halorubrum	Archaea	GCA_002286985.1	0.094438	congeneric	1
novel_species	GCA_002727125.1	Halorubrum	Archaea	GCA_002286985.1	0.094438	congeneric	1
as_reported	GCA_002761295.1	Methanohalophilus	Archaea	GCA_900177455.1	0.000029	same_species	1
no_self_strain	GCA_002761295.1	Methanohalophilus	Archaea	GCA_900177455.1	0.000029	same_species	1
novel_species	GCA_002761295.1	Methanohalophilus	Archaea	GCA_017874375.1	0.287309	congeneric	1
as_reported	GCA_002788215.1	Halohasta	Archaea	GCA_900109065.1	0.000136	same_species	1
no_self_strain	GCA_002788215.1	Halohasta	Archaea	GCA_900109065.1	0.000136	same_species	1
novel_species	GCA_002788215.1	Halohasta	Archaea	GCA_042677985.1	0.150633	congeneric	1
as_reported	GCA_002813695.1	Methanobacterium	Archaea	GCA_029848115.1	0.172635	congeneric	1
no_self_strain	GCA_002813695.1	Methanobacterium	Archaea	GCA_029848115.1	0.172635	congeneric	1
novel_species	GCA_002813695.1	Methanobacterium	Archaea	GCA_029848115.1	0.172635	congeneric	1
as_reported	GCA_002844195.1	Halegenticoccus	Archaea	GCA_004116405.1	0.136788	congeneric	1
no_self_strain	GCA_002844195.1	Halegenticoccus	Archaea	GCA_004116405.1	0.136788	congeneric	1
novel_species	GCA_002844195.1	Halegenticoccus	Archaea	GCA_004116405.1	0.136788	congeneric	1
as_reported	GCA_002855455.1	Natronobacterium	Archaea	GCA_900114025.1	0.000131	same_species	1
no_self_strain	GCA_002855455.1	Natronobacterium	Archaea	GCA_900114025.1	0.000131	same_species	1
novel_species	GCA_002855455.1	Natronobacterium	Archaea	GCA_000336655.1	0.165251	congeneric	1
as_reported	GCA_002906575.1	Salinigranum	Archaea	GCA_007004735.1	0.131119	congeneric	1
no_self_strain	GCA_002906575.1	Salinigranum	Archaea	GCA_007004735.1	0.131119	congeneric	1
novel_species	GCA_002906575.1	Salinigranum	Archaea	GCA_007004735.1	0.131119	congeneric	1
as_reported	GCA_002952775.1	Halalkaliarchaeum	Archaea	GCA_000337395.1	0.220489	inter_genus	0
no_self_strain	GCA_002952775.1	Halalkaliarchaeum	Archaea	GCA_000337395.1	0.220489	inter_genus	0
novel_species	GCA_002952775.1	Halalkaliarchaeum	Archaea	GCA_000337395.1	0.220489	inter_genus	0
as_reported	GCA_003058365.1	Halococcoides	Archaea	GCA_000215915.3	0.233808	inter_genus	0
no_self_strain	GCA_003058365.1	Halococcoides	Archaea	GCA_000215915.3	0.233808	inter_genus	0
novel_species	GCA_003058365.1	Halococcoides	Archaea	GCA_000215915.3	0.233808	inter_genus	0
as_reported	GCA_003111605.1	Methanobrevibacter	Archaea	GCA_000016525.1	0.189679	congeneric	1
no_self_strain	GCA_003111605.1	Methanobrevibacter	Archaea	GCA_000016525.1	0.189679	congeneric	1
novel_species	GCA_003111605.1	Methanobrevibacter	Archaea	GCA_000016525.1	0.189679	congeneric	1
as_reported	GCA_003149675.1	Methanosphaera	Archaea	GCA_002287195.1	0.000944	same_species	1
no_self_strain	GCA_003149675.1	Methanosphaera	Archaea	GCA_002287195.1	0.000944	same_species	1
novel_species	GCA_003149675.1	Methanosphaera	Archaea	GCA_028890305.1	0.209345	congeneric	1
as_reported	GCA_003173335.1	Methanospirillum	Archaea	GCA_046244385.1	0.000074	same_species	1
no_self_strain	GCA_003173335.1	Methanospirillum	Archaea	GCA_046244385.1	0.000074	same_species	1
novel_species	GCA_003173335.1	Methanospirillum	Archaea	GCA_018502485.1	0.218593	congeneric	1
as_reported	GCA_003173355.1	Methanospirillum	Archaea	GCA_046195335.1	0.000010	same_species	1
no_self_strain	GCA_003173355.1	Methanospirillum	Archaea	GCA_046195335.1	0.000010	same_species	1
novel_species	GCA_003173355.1	Methanospirillum	Archaea	GCA_046244385.1	0.291447	congeneric	1
as_reported	GCA_003201675.2	Metallosphaera	Archaea	GCA_022064045.1	0.231311	congeneric	1
no_self_strain	GCA_003201675.2	Metallosphaera	Archaea	GCA_022064045.1	0.231311	congeneric	1
novel_species	GCA_003201675.2	Metallosphaera	Archaea	GCA_022064045.1	0.231311	congeneric	1
as_reported	GCA_003201765.2	Acidianus	Archaea	GCA_009729015.1	0.263022	congeneric	1
no_self_strain	GCA_003201765.2	Acidianus	Archaea	GCA_009729015.1	0.263022	congeneric	1
novel_species	GCA_003201765.2	Acidianus	Archaea	GCA_009729015.1	0.263022	congeneric	1
as_reported	GCA_003201835.2	Acidianus	Archaea	GCA_000022485.1	0.209345	inter_genus	0
no_self_strain	GCA_003201835.2	Acidianus	Archaea	GCA_000022485.1	0.209345	inter_genus	0
novel_species	GCA_003201835.2	Acidianus	Archaea	GCA_000022485.1	0.209345	inter_genus	0
as_reported	GCA_003336245.1	Haloplanus	Archaea	GCA_003342675.1	0.090058	congeneric	1
no_self_strain	GCA_003336245.1	Haloplanus	Archaea	GCA_003342675.1	0.090058	congeneric	1
novel_species	GCA_003336245.1	Haloplanus	Archaea	GCA_003342675.1	0.090058	congeneric	1
as_reported	GCA_003342675.1	Haloplanus	Archaea	GCA_003336245.1	0.090058	congeneric	1
no_self_strain	GCA_003342675.1	Haloplanus	Archaea	GCA_003336245.1	0.090058	congeneric	1
novel_species	GCA_003342675.1	Haloplanus	Archaea	GCA_003336245.1	0.090058	congeneric	1
as_reported	GCA_003369835.1	Halorussus	Archaea	GCA_024218795.1	0.145921	congeneric	1
no_self_strain	GCA_003369835.1	Halorussus	Archaea	GCA_024218795.1	0.145921	congeneric	1
novel_species	GCA_003369835.1	Halorussus	Archaea	GCA_024218795.1	0.145921	congeneric	1
as_reported	GCA_003382685.1	Halorussus	Archaea	GCA_004765805.1	0.126593	congeneric	1
no_self_strain	GCA_003382685.1	Halorussus	Archaea	GCA_004765805.1	0.126593	congeneric	1
novel_species	GCA_003382685.1	Halorussus	Archaea	GCA_004765805.1	0.126593	congeneric	1
as_reported	GCA_003385755.1	Methanothermobacter	Archaea	GCA_027555045.1	0.014704	congeneric	1
no_self_strain	GCA_003385755.1	Methanothermobacter	Archaea	GCA_027555045.1	0.014704	congeneric	1
novel_species	GCA_003385755.1	Methanothermobacter	Archaea	GCA_027555045.1	0.014704	congeneric	1
as_reported	GCA_003605575.1	Halonotius	Archaea	GCA_003605635.1	0.100776	congeneric	1
no_self_strain	GCA_003605575.1	Halonotius	Archaea	GCA_003605635.1	0.100776	congeneric	1
novel_species	GCA_003605575.1	Halonotius	Archaea	GCA_003605635.1	0.100776	congeneric	1
as_reported	GCA_003605635.1	Halonotius	Archaea	GCA_003605575.1	0.100776	congeneric	1
no_self_strain	GCA_003605635.1	Halonotius	Archaea	GCA_003605575.1	0.100776	congeneric	1
novel_species	GCA_003605635.1	Halonotius	Archaea	GCA_003605575.1	0.100776	congeneric	1
as_reported	GCA_003610195.1	Halopiger	Archaea	GCA_000217715.1	0.079608	congeneric	1
no_self_strain	GCA_003610195.1	Halopiger	Archaea	GCA_000217715.1	0.079608	congeneric	1
novel_species	GCA_003610195.1	Halopiger	Archaea	GCA_000217715.1	0.079608	congeneric	1
as_reported	GCA_003675855.1	Halostella	Archaea	GCA_004785955.1	0.105889	congeneric	1
no_self_strain	GCA_003675855.1	Halostella	Archaea	GCA_004785955.1	0.105889	congeneric	1
novel_species	GCA_003675855.1	Halostella	Archaea	GCA_004785955.1	0.105889	congeneric	1
as_reported	GCA_003675875.1	Halostella	Archaea	GCA_004785955.1	0.146509	congeneric	1
no_self_strain	GCA_003675875.1	Halostella	Archaea	GCA_004785955.1	0.146509	congeneric	1
novel_species	GCA_003675875.1	Halostella	Archaea	GCA_004785955.1	0.146509	congeneric	1
as_reported	GCA_003688715.1	Haloplanus	Archaea	GCA_003856835.1	0.000014	same_species	1
no_self_strain	GCA_003688715.1	Haloplanus	Archaea	GCA_003856835.1	0.000014	same_species	1
novel_species	GCA_003688715.1	Haloplanus	Archaea	GCA_003342675.1	0.120456	congeneric	1
as_reported	GCA_003722115.1	Methanohalophilus	Archaea	GCA_900177455.1	0.000036	same_strain	1
no_self_strain	GCA_003722115.1	Methanohalophilus	Archaea	GCA_002761295.1	0.000050	same_species	1
novel_species	GCA_003722115.1	Methanohalophilus	Archaea	GCA_017874375.1	0.287309	congeneric	1
as_reported	GCA_003730195.1	Halosimplex	Archaea	GCA_051414035.1	0.120677	congeneric	1
no_self_strain	GCA_003730195.1	Halosimplex	Archaea	GCA_051414035.1	0.120677	congeneric	1
novel_species	GCA_003730195.1	Halosimplex	Archaea	GCA_051414035.1	0.120677	congeneric	1
as_reported	GCA_003814835.1	Methanobrevibacter	Archaea	GCA_001639275.1	0.204284	congeneric	1
no_self_strain	GCA_003814835.1	Methanobrevibacter	Archaea	GCA_001639275.1	0.204284	congeneric	1
novel_species	GCA_003814835.1	Methanobrevibacter	Archaea	GCA_001639275.1	0.204284	congeneric	1
as_reported	GCA_003841465.1	Natrarchaeobius	Archaea	GCA_003841505.1	0.148731	congeneric	1
no_self_strain	GCA_003841465.1	Natrarchaeobius	Archaea	GCA_003841505.1	0.148731	congeneric	1
novel_species	GCA_003841465.1	Natrarchaeobius	Archaea	GCA_003841505.1	0.148731	congeneric	1
as_reported	GCA_003841485.1	Natrarchaeobius	Archaea	GCA_003841465.1	0.166759	congeneric	1
no_self_strain	GCA_003841485.1	Natrarchaeobius	Archaea	GCA_003841465.1	0.166759	congeneric	1
novel_species	GCA_003841485.1	Natrarchaeobius	Archaea	GCA_003841465.1	0.166759	congeneric	1
as_reported	GCA_003841505.1	Natrarchaeobius	Archaea	GCA_003841465.1	0.148731	congeneric	1
no_self_strain	GCA_003841505.1	Natrarchaeobius	Archaea	GCA_003841465.1	0.148731	congeneric	1
novel_species	GCA_003841505.1	Natrarchaeobius	Archaea	GCA_003841465.1	0.148731	congeneric	1
as_reported	GCA_003856835.1	Haloplanus	Archaea	GCA_003688715.1	0.000014	same_species	1
no_self_strain	GCA_003856835.1	Haloplanus	Archaea	GCA_003688715.1	0.000014	same_species	1
novel_species	GCA_003856835.1	Haloplanus	Archaea	GCA_003342675.1	0.120456	congeneric	1
as_reported	GCA_003862495.1	Halocatena	Archaea	GCA_023115355.1	0.120788	congeneric	1
no_self_strain	GCA_003862495.1	Halocatena	Archaea	GCA_023115355.1	0.120788	congeneric	1
novel_species	GCA_003862495.1	Halocatena	Archaea	GCA_023115355.1	0.120788	congeneric	1
as_reported	GCA_003977755.1	Haloterrigena	Archaea	GCA_013342145.1	0.053363	congeneric	1
no_self_strain	GCA_003977755.1	Haloterrigena	Archaea	GCA_013342145.1	0.053363	congeneric	1
novel_species	GCA_003977755.1	Haloterrigena	Archaea	GCA_013342145.1	0.053363	congeneric	1
as_reported	GCA_004015825.1	Halovenus	Archaea	GCA_051414095.1	0.000057	same_species	1
no_self_strain	GCA_004015825.1	Halovenus	Archaea	GCA_051414095.1	0.000057	same_species	1
novel_species	GCA_004015825.1	Halovenus	Archaea	GCA_031852275.1	0.172288	inter_genus	0
as_reported	GCA_004087835.1	Halorussus	Archaea	GCA_023238445.1	0.117992	congeneric	1
no_self_strain	GCA_004087835.1	Halorussus	Archaea	GCA_023238445.1	0.117992	congeneric	1
novel_species	GCA_004087835.1	Halorussus	Archaea	GCA_023238445.1	0.117992	congeneric	1
as_reported	GCA_004102725.1	Methanoculleus	Archaea	GCA_023702065.1	0.211692	congeneric	1
no_self_strain	GCA_004102725.1	Methanoculleus	Archaea	GCA_023702065.1	0.211692	congeneric	1
novel_species	GCA_004102725.1	Methanoculleus	Archaea	GCA_023702065.1	0.211692	congeneric	1
as_reported	GCA_004114995.1	Halorubrum	Archaea	GCA_002286985.1	0.084330	congeneric	1
no_self_strain	GCA_004114995.1	Halorubrum	Archaea	GCA_002286985.1	0.084330	congeneric	1
novel_species	GCA_004114995.1	Halorubrum	Archaea	GCA_002286985.1	0.084330	congeneric	1
as_reported	GCA_004116405.1	Halegenticoccus	Archaea	GCA_002844195.1	0.136788	congeneric	1
no_self_strain	GCA_004116405.1	Halegenticoccus	Archaea	GCA_002844195.1	0.136788	congeneric	1
novel_species	GCA_004116405.1	Halegenticoccus	Archaea	GCA_002844195.1	0.136788	congeneric	1
as_reported	GCA_004118325.1	Halorientalis	Archaea	GCA_023698535.1	0.093313	congeneric	1
no_self_strain	GCA_004118325.1	Halorientalis	Archaea	GCA_023698535.1	0.093313	congeneric	1
novel_species	GCA_004118325.1	Halorientalis	Archaea	GCA_023698535.1	0.093313	congeneric	1
as_reported	GCA_004143485.2	Halorussus	Archaea	GCA_024138125.1	0.136157	congeneric	1
no_self_strain	GCA_004143485.2	Halorussus	Archaea	GCA_024138125.1	0.136157	congeneric	1
novel_species	GCA_004143485.2	Halorussus	Archaea	GCA_024138125.1	0.136157	congeneric	1
as_reported	GCA_004297185.1	Methanofollis	Archaea	GCA_000275865.1	0.168002	congeneric	1
no_self_strain	GCA_004297185.1	Methanofollis	Archaea	GCA_000275865.1	0.168002	congeneric	1
novel_species	GCA_004297185.1	Methanofollis	Archaea	GCA_000275865.1	0.168002	congeneric	1
as_reported	GCA_004698125.1	Halosimplex	Archaea	GCA_051414055.1	0.059258	congeneric	1
no_self_strain	GCA_004698125.1	Halosimplex	Archaea	GCA_051414055.1	0.059258	congeneric	1
novel_species	GCA_004698125.1	Halosimplex	Archaea	GCA_051414055.1	0.059258	congeneric	1
as_reported	GCA_004765785.1	Halorussus	Archaea	GCA_029338375.1	0.097746	congeneric	1
no_self_strain	GCA_004765785.1	Halorussus	Archaea	GCA_029338375.1	0.097746	congeneric	1
novel_species	GCA_004765785.1	Halorussus	Archaea	GCA_029338375.1	0.097746	congeneric	1
as_reported	GCA_004765795.1	Halorussus	Archaea	GCA_004765805.1	0.127230	congeneric	1
no_self_strain	GCA_004765795.1	Halorussus	Archaea	GCA_004765805.1	0.127230	congeneric	1
novel_species	GCA_004765795.1	Halorussus	Archaea	GCA_004765805.1	0.127230	congeneric	1
as_reported	GCA_004765805.1	Halorussus	Archaea	GCA_003382685.1	0.126593	congeneric	1
no_self_strain	GCA_004765805.1	Halorussus	Archaea	GCA_003382685.1	0.126593	congeneric	1
novel_species	GCA_004765805.1	Halorussus	Archaea	GCA_003382685.1	0.126593	congeneric	1
as_reported	GCA_004765815.2	Halorussus	Archaea	GCA_023238445.1	0.096466	congeneric	1
no_self_strain	GCA_004765815.2	Halorussus	Archaea	GCA_023238445.1	0.096466	congeneric	1
novel_species	GCA_004765815.2	Halorussus	Archaea	GCA_023238445.1	0.096466	congeneric	1
as_reported	GCA_004785955.1	Halostella	Archaea	GCA_003675855.1	0.105889	congeneric	1
no_self_strain	GCA_004785955.1	Halostella	Archaea	GCA_003675855.1	0.105889	congeneric	1
novel_species	GCA_004785955.1	Halostella	Archaea	GCA_003675855.1	0.105889	congeneric	1
as_reported	GCA_004799605.1	Halobacterium	Archaea	GCA_008124605.1	0.000105	same_species	1
no_self_strain	GCA_004799605.1	Halobacterium	Archaea	GCA_008124605.1	0.000105	same_species	1
as_reported	GCA_004799665.1	Halapricum	Archaea	GCA_025517535.1	0.181843	congeneric	1
no_self_strain	GCA_004799665.1	Halapricum	Archaea	GCA_025517535.1	0.181843	congeneric	1
novel_species	GCA_004799665.1	Halapricum	Archaea	GCA_025517535.1	0.181843	congeneric	1
as_reported	GCA_004799685.1	Halobellus	Archaea	GCA_900108165.1	0.000060	same_species	1
no_self_strain	GCA_004799685.1	Halobellus	Archaea	GCA_900108165.1	0.000060	same_species	1
novel_species	GCA_004799685.1	Halobellus	Archaea	GCA_024494595.1	0.088836	congeneric	1
as_reported	GCA_004944975.1	Halorhabdus	Archaea	GCA_900880625.1	0.143830	congeneric	1
no_self_strain	GCA_004944975.1	Halorhabdus	Archaea	GCA_900880625.1	0.143830	congeneric	1
novel_species	GCA_004944975.1	Halorhabdus	Archaea	GCA_900880625.1	0.143830	congeneric	1
as_reported	GCA_005049285.1	Halorientalis	Archaea	GCA_023566035.1	0.000000	same_species	1
no_self_strain	GCA_005049285.1	Halorientalis	Archaea	GCA_023566035.1	0.000000	same_species	1
novel_species	GCA_005049285.1	Halorientalis	Archaea	GCA_042678165.1	0.147505	congeneric	1
as_reported	GCA_005222525.1	Metallosphaera	Archaea	GCA_022064045.1	0.177011	congeneric	1
no_self_strain	GCA_005222525.1	Metallosphaera	Archaea	GCA_022064045.1	0.177011	congeneric	1
novel_species	GCA_005222525.1	Metallosphaera	Archaea	GCA_022064045.1	0.177011	congeneric	1
as_reported	GCA_005239135.1	Natronomonas	Archaea	GCA_013839515.1	0.176252	congeneric	1
no_self_strain	GCA_005239135.1	Natronomonas	Archaea	GCA_013839515.1	0.176252	congeneric	1
novel_species	GCA_005239135.1	Natronomonas	Archaea	GCA_013839515.1	0.176252	congeneric	1
as_reported	GCA_005239435.1	Halorussus	Archaea	GCA_029338395.1	0.125840	congeneric	1
no_self_strain	GCA_005239435.1	Halorussus	Archaea	GCA_029338395.1	0.125840	congeneric	1
novel_species	GCA_005239435.1	Halorussus	Archaea	GCA_029338395.1	0.125840	congeneric	1
as_reported	GCA_006274605.1	Thermococcus	Archaea	GCA_008152015.1	0.063007	congeneric	1
no_self_strain	GCA_006274605.1	Thermococcus	Archaea	GCA_008152015.1	0.063007	congeneric	1
novel_species	GCA_006274605.1	Thermococcus	Archaea	GCA_008152015.1	0.063007	congeneric	1
as_reported	GCA_007004735.1	Salinigranum	Archaea	GCA_002906575.1	0.131119	congeneric	1
no_self_strain	GCA_007004735.1	Salinigranum	Archaea	GCA_002906575.1	0.131119	congeneric	1
novel_species	GCA_007004735.1	Salinigranum	Archaea	GCA_002906575.1	0.131119	congeneric	1
as_reported	GCA_007421925.1	Haloglomus	Archaea	GCA_029338515.1	0.150203	congeneric	1
no_self_strain	GCA_007421925.1	Haloglomus	Archaea	GCA_029338515.1	0.150203	congeneric	1
novel_species	GCA_007421925.1	Haloglomus	Archaea	GCA_029338515.1	0.150203	congeneric	1
as_reported	GCA_007655485.1	Halobellus	Archaea	GCA_000739575.1	0.125222	congeneric	1
no_self_strain	GCA_007655485.1	Halobellus	Archaea	GCA_000739575.1	0.125222	congeneric	1
novel_species	GCA_007655485.1	Halobellus	Archaea	GCA_000739575.1	0.125222	congeneric	1
as_reported	GCA_007671725.1	Halorubrum	Archaea	GCA_042665015.1	0.083085	congeneric	1
no_self_strain	GCA_007671725.1	Halorubrum	Archaea	GCA_042665015.1	0.083085	congeneric	1
novel_species	GCA_007671725.1	Halorubrum	Archaea	GCA_042665015.1	0.083085	congeneric	1
as_reported	GCA_008122205.1	Natronococcus	Archaea	GCA_023913515.1	0.099066	congeneric	1
no_self_strain	GCA_008122205.1	Natronococcus	Archaea	GCA_023913515.1	0.099066	congeneric	1
novel_species	GCA_008122205.1	Natronococcus	Archaea	GCA_023913515.1	0.099066	congeneric	1
as_reported	GCA_008124605.1	Halobacterium	Archaea	GCA_004799605.1	0.000105	same_species	1
no_self_strain	GCA_008124605.1	Halobacterium	Archaea	GCA_004799605.1	0.000105	same_species	1
as_reported	GCA_008152015.1	Thermococcus	Archaea	GCA_001484195.1	0.031815	congeneric	1
no_self_strain	GCA_008152015.1	Thermococcus	Archaea	GCA_001484195.1	0.031815	congeneric	1
novel_species	GCA_008152015.1	Thermococcus	Archaea	GCA_001484195.1	0.031815	congeneric	1
as_reported	GCA_008245085.1	Pyrococcus	Archaea	GCA_000007305.1	0.000330	same_strain	1
no_self_strain	GCA_008245085.1	Pyrococcus	Archaea	GCA_055382135.1	0.003095	congeneric	1
novel_species	GCA_008245085.1	Pyrococcus	Archaea	GCA_055382135.1	0.003095	congeneric	1
as_reported	GCA_008326425.1	Sulfuracidifex	Archaea	GCA_009729515.1	0.203604	congeneric	1
no_self_strain	GCA_008326425.1	Sulfuracidifex	Archaea	GCA_009729515.1	0.203604	congeneric	1
novel_species	GCA_008326425.1	Sulfuracidifex	Archaea	GCA_009729515.1	0.203604	congeneric	1
as_reported	GCA_008831545.1	Halorussus	Archaea	GCA_004087835.1	0.177395	congeneric	1
no_self_strain	GCA_008831545.1	Halorussus	Archaea	GCA_004087835.1	0.177395	congeneric	1
novel_species	GCA_008831545.1	Halorussus	Archaea	GCA_004087835.1	0.177395	congeneric	1
as_reported	GCA_009176545.1	Salinigranum	Archaea	GCA_024228675.1	0.148731	congeneric	1
no_self_strain	GCA_009176545.1	Salinigranum	Archaea	GCA_024228675.1	0.148731	congeneric	1
novel_species	GCA_009176545.1	Salinigranum	Archaea	GCA_024228675.1	0.148731	congeneric	1
as_reported	GCA_009184545.1	Halosegnis	Archaea	GCA_009663395.1	0.079442	congeneric	1
no_self_strain	GCA_009184545.1	Halosegnis	Archaea	GCA_009663395.1	0.079442	congeneric	1
novel_species	GCA_009184545.1	Halosegnis	Archaea	GCA_009663395.1	0.079442	congeneric	1
as_reported	GCA_009428885.1	Acidianus	Archaea	GCA_009729015.1	0.000833	same_species	1
no_self_strain	GCA_009428885.1	Acidianus	Archaea	GCA_009729015.1	0.000833	same_species	1
novel_species	GCA_009428885.1	Acidianus	Archaea	GCA_009729545.1	0.065827	congeneric	1
as_reported	GCA_009663395.1	Halosegnis	Archaea	GCA_009184545.1	0.079442	congeneric	1
no_self_strain	GCA_009663395.1	Halosegnis	Archaea	GCA_009184545.1	0.079442	congeneric	1
novel_species	GCA_009663395.1	Halosegnis	Archaea	GCA_009184545.1	0.079442	congeneric	1
as_reported	GCA_009674585.1	Haloferax	Archaea	GCA_009674605.1	0.114299	congeneric	1
no_self_strain	GCA_009674585.1	Haloferax	Archaea	GCA_009674605.1	0.114299	congeneric	1
novel_species	GCA_009674585.1	Haloferax	Archaea	GCA_009674605.1	0.114299	congeneric	1
as_reported	GCA_009674605.1	Haloferax	Archaea	GCA_009674585.1	0.114299	congeneric	1
no_self_strain	GCA_009674605.1	Haloferax	Archaea	GCA_009674585.1	0.114299	congeneric	1
novel_species	GCA_009674605.1	Haloferax	Archaea	GCA_009674585.1	0.114299	congeneric	1
as_reported	GCA_009674625.1	Haloferax	Archaea	GCA_009674585.1	0.117888	congeneric	1
no_self_strain	GCA_009674625.1	Haloferax	Archaea	GCA_009674585.1	0.117888	congeneric	1
novel_species	GCA_009674625.1	Haloferax	Archaea	GCA_009674585.1	0.117888	congeneric	1
as_reported	GCA_009729015.1	Acidianus	Archaea	GCA_009428885.1	0.000833	same_species	1
no_self_strain	GCA_009729015.1	Acidianus	Archaea	GCA_009428885.1	0.000833	same_species	1
novel_species	GCA_009729015.1	Acidianus	Archaea	GCA_009729545.1	0.064853	congeneric	1
as_reported	GCA_009729035.1	Stygiolobus	Archaea	GCA_003201835.2	0.230110	inter_genus	0
no_self_strain	GCA_009729035.1	Stygiolobus	Archaea	GCA_003201835.2	0.230110	inter_genus	0
novel_species	GCA_009729035.1	Stygiolobus	Archaea	GCA_003201835.2	0.230110	inter_genus	0
as_reported	GCA_009729055.1	Sulfurisphaera	Archaea	GCA_014202105.1	0.000096	same_species	1
no_self_strain	GCA_009729055.1	Sulfurisphaera	Archaea	GCA_014202105.1	0.000096	same_species	1
novel_species	GCA_009729055.1	Sulfurisphaera	Archaea	GCA_000011205.1	0.039525	congeneric	1
as_reported	GCA_009729515.1	Sulfuracidifex	Archaea	GCA_032834875.1	0.000708	same_strain	1
no_self_strain	GCA_009729515.1	Sulfuracidifex	Archaea	GCA_008326425.1	0.203604	congeneric	1
novel_species	GCA_009729515.1	Sulfuracidifex	Archaea	GCA_008326425.1	0.203604	congeneric	1
as_reported	GCA_009729545.1	Acidianus	Archaea	GCA_009729015.1	0.064853	congeneric	1
no_self_strain	GCA_009729545.1	Acidianus	Archaea	GCA_009729015.1	0.064853	congeneric	1
novel_species	GCA_009729545.1	Acidianus	Archaea	GCA_009729015.1	0.064853	congeneric	1
as_reported	GCA_009791395.1	Halomarina	Archaea	GCA_023699475.1	0.120346	congeneric	1
no_self_strain	GCA_009791395.1	Halomarina	Archaea	GCA_023699475.1	0.120346	congeneric	1
novel_species	GCA_009791395.1	Halomarina	Archaea	GCA_023699475.1	0.120346	congeneric	1
as_reported	GCA_009831575.1	Halovenus	Archaea	GCA_037080055.1	0.163220	congeneric	1
no_self_strain	GCA_009831575.1	Halovenus	Archaea	GCA_037080055.1	0.163220	congeneric	1
novel_species	GCA_009831575.1	Halovenus	Archaea	GCA_037080055.1	0.163220	congeneric	1
as_reported	GCA_009831625.1	Halobaculum	Archaea	GCA_019880225.1	0.084424	congeneric	1
no_self_strain	GCA_009831625.1	Halobaculum	Archaea	GCA_019880225.1	0.084424	congeneric	1
novel_species	GCA_009831625.1	Halobaculum	Archaea	GCA_019880225.1	0.084424	congeneric	1
as_reported	GCA_010119195.1	Haloarcula	Archaea	GCA_019061225.1	0.000091	same_species	1
no_self_strain	GCA_010119195.1	Haloarcula	Archaea	GCA_019061225.1	0.000091	same_species	1
novel_species	GCA_010119195.1	Haloarcula	Archaea	GCA_037078405.1	0.124733	congeneric	1
as_reported	GCA_013267195.1	Halorubrum	Archaea	GCA_000337395.1	0.080407	congeneric	1
no_self_strain	GCA_013267195.1	Halorubrum	Archaea	GCA_000337395.1	0.080407	congeneric	1
novel_species	GCA_013267195.1	Halorubrum	Archaea	GCA_000337395.1	0.080407	congeneric	1
as_reported	GCA_013342145.1	Haloterrigena	Archaea	GCA_003977755.1	0.053363	congeneric	1
no_self_strain	GCA_013342145.1	Haloterrigena	Archaea	GCA_003977755.1	0.053363	congeneric	1
novel_species	GCA_013342145.1	Haloterrigena	Archaea	GCA_003977755.1	0.053363	congeneric	1
as_reported	GCA_013343295.1	Metallosphaera	Archaea	GCA_005222525.1	0.242205	congeneric	1
no_self_strain	GCA_013343295.1	Metallosphaera	Archaea	GCA_005222525.1	0.242205	congeneric	1
novel_species	GCA_013343295.1	Metallosphaera	Archaea	GCA_005222525.1	0.242205	congeneric	1
as_reported	GCA_013377755.1	Methanofollis	Archaea	GCA_000275865.1	0.052058	congeneric	1
no_self_strain	GCA_013377755.1	Methanofollis	Archaea	GCA_000275865.1	0.052058	congeneric	1
novel_species	GCA_013377755.1	Methanofollis	Archaea	GCA_000275865.1	0.052058	congeneric	1
as_reported	GCA_013391085.1	Natronomonas	Archaea	GCA_037031205.1	0.102997	congeneric	1
no_self_strain	GCA_013391085.1	Natronomonas	Archaea	GCA_037031205.1	0.102997	congeneric	1
novel_species	GCA_013391085.1	Natronomonas	Archaea	GCA_037031205.1	0.102997	congeneric	1
as_reported	GCA_013391105.1	Natronomonas	Archaea	GCA_024298905.1	0.165549	congeneric	1
no_self_strain	GCA_013391105.1	Natronomonas	Archaea	GCA_024298905.1	0.165549	congeneric	1
novel_species	GCA_013391105.1	Natronomonas	Archaea	GCA_024298905.1	0.165549	congeneric	1
as_reported	GCA_013401515.1	Halorarum	Archaea	GCA_013402875.1	0.130701	congeneric	1
no_self_strain	GCA_013401515.1	Halorarum	Archaea	GCA_013402875.1	0.130701	congeneric	1
novel_species	GCA_013401515.1	Halorarum	Archaea	GCA_013402875.1	0.130701	congeneric	1
as_reported	GCA_013402875.1	Halorarum	Archaea	GCA_013401515.1	0.130701	congeneric	1
no_self_strain	GCA_013402875.1	Halorarum	Archaea	GCA_013401515.1	0.130701	congeneric	1
novel_species	GCA_013402875.1	Halorarum	Archaea	GCA_013401515.1	0.130701	congeneric	1
as_reported	GCA_013415885.1	Halosimplex	Archaea	GCA_013415905.1	0.072548	congeneric	1
no_self_strain	GCA_013415885.1	Halosimplex	Archaea	GCA_013415905.1	0.072548	congeneric	1
novel_species	GCA_013415885.1	Halosimplex	Archaea	GCA_013415905.1	0.072548	congeneric	1
as_reported	GCA_013415905.1	Halosimplex	Archaea	GCA_013415885.1	0.072548	congeneric	1
no_self_strain	GCA_013415905.1	Halosimplex	Archaea	GCA_013415885.1	0.072548	congeneric	1
novel_species	GCA_013415905.1	Halosimplex	Archaea	GCA_013415885.1	0.072548	congeneric	1
as_reported	GCA_013839425.1	Halorhabdus	Archaea	GCA_004944975.1	0.174408	congeneric	1
no_self_strain	GCA_013839425.1	Halorhabdus	Archaea	GCA_004944975.1	0.174408	congeneric	1
novel_species	GCA_013839425.1	Halorhabdus	Archaea	GCA_004944975.1	0.174408	congeneric	1
as_reported	GCA_013839515.1	Natronomonas	Archaea	GCA_000591055.1	0.146509	congeneric	1
no_self_strain	GCA_013839515.1	Natronomonas	Archaea	GCA_000591055.1	0.146509	congeneric	1
novel_species	GCA_013839515.1	Natronomonas	Archaea	GCA_000591055.1	0.146509	congeneric	1
as_reported	GCA_014202105.1	Sulfurisphaera	Archaea	GCA_009729055.1	0.000096	same_species	1
no_self_strain	GCA_014202105.1	Sulfurisphaera	Archaea	GCA_009729055.1	0.000096	same_species	1
novel_species	GCA_014202105.1	Sulfurisphaera	Archaea	GCA_039545175.1	0.039459	congeneric	1
as_reported	GCA_014202515.1	Halobacterium	Archaea	GCA_020736485.1	0.000944	same_species	1
no_self_strain	GCA_014202515.1	Halobacterium	Archaea	GCA_020736485.1	0.000944	same_species	1
as_reported	GCA_014646535.1	Thermocladium	Archaea	GCA_055398215.1	0.000483	same_species	1
no_self_strain	GCA_014646535.1	Thermocladium	Archaea	GCA_055398215.1	0.000483	same_species	1
novel_species	GCA_014646535.1	Thermocladium	Archaea	GCA_965139125.1	0.254359	inter_genus	0
as_reported	GCA_014646555.1	Vulcanisaeta	Archaea	GCA_026000775.1	0.000031	same_strain	1
no_self_strain	GCA_014646555.1	Vulcanisaeta	Archaea	GCA_000148385.1	0.123418	congeneric	1
novel_species	GCA_014646555.1	Vulcanisaeta	Archaea	GCA_000148385.1	0.123418	congeneric	1
as_reported	GCA_014646795.1	Thermogymnomonas	Archaea	GCA_055393465.1	0.000036	same_species	1
no_self_strain	GCA_014646795.1	Thermogymnomonas	Archaea	GCA_055393465.1	0.000036	same_species	1
novel_species	GCA_014646795.1	Thermogymnomonas	Archaea	GCA_000195915.1	0.291447	inter_genus	0
as_reported	GCA_014646875.1	Halobellus	Archaea	GCA_900182765.1	0.000069	same_species	1
no_self_strain	GCA_014646875.1	Halobellus	Archaea	GCA_900182765.1	0.000069	same_species	1
novel_species	GCA_014646875.1	Halobellus	Archaea	GCA_024464595.1	0.184014	congeneric	1
as_reported	GCA_014647095.1	Haloarcula	Archaea	GCA_039539865.1	0.011123	same_species	1
no_self_strain	GCA_014647095.1	Haloarcula	Archaea	GCA_039539865.1	0.011123	same_species	1
novel_species	GCA_014647095.1	Haloarcula	Archaea	GCA_042429525.1	0.045873	congeneric	1
as_reported	GCA_014647115.1	Halarchaeum	Archaea	GCA_017873775.1	0.000029	same_species	1
no_self_strain	GCA_014647115.1	Halarchaeum	Archaea	GCA_017873775.1	0.000029	same_species	1
novel_species	GCA_014647115.1	Halarchaeum	Archaea	GCA_017874695.1	0.086694	congeneric	1
as_reported	GCA_014647155.1	Halarchaeum	Archaea	GCA_017874695.1	0.013040	same_species	1
no_self_strain	GCA_014647155.1	Halarchaeum	Archaea	GCA_017874695.1	0.013040	same_species	1
novel_species	GCA_014647155.1	Halarchaeum	Archaea	GCA_014647115.1	0.088419	congeneric	1
as_reported	GCA_014647415.1	Haloarcula	Archaea	GCA_042429525.1	0.000026	same_species	1
no_self_strain	GCA_014647415.1	Haloarcula	Archaea	GCA_042429525.1	0.000026	same_species	1
novel_species	GCA_014647415.1	Haloarcula	Archaea	GCA_055384635.1	0.042702	congeneric	1
as_reported	GCA_014647455.2	Halarchaeum	Archaea	GCA_014647155.1	0.123773	congeneric	1
no_self_strain	GCA_014647455.2	Halarchaeum	Archaea	GCA_014647155.1	0.123773	congeneric	1
novel_species	GCA_014647455.2	Halarchaeum	Archaea	GCA_014647155.1	0.123773	congeneric	1
as_reported	GCA_014647475.1	Halocalculus	Archaea	GCA_014647455.2	0.165848	inter_genus	0
no_self_strain	GCA_014647475.1	Halocalculus	Archaea	GCA_014647455.2	0.165848	inter_genus	0
novel_species	GCA_014647475.1	Halocalculus	Archaea	GCA_014647455.2	0.165848	inter_genus	0
as_reported	GCA_014648235.1	Sulfodiicoccus	Archaea	GCA_008326425.1	0.291447	inter_genus	0
no_self_strain	GCA_014648235.1	Sulfodiicoccus	Archaea	GCA_008326425.1	0.291447	inter_genus	0
novel_species	GCA_014648235.1	Sulfodiicoccus	Archaea	GCA_008326425.1	0.291447	inter_genus	0
as_reported	GCA_014876775.1	Infirmifilum	Archaea	GCA_000993805.1	0.287309	congeneric	1
no_self_strain	GCA_014876775.1	Infirmifilum	Archaea	GCA_000993805.1	0.287309	congeneric	1
novel_species	GCA_014876775.1	Infirmifilum	Archaea	GCA_000993805.1	0.287309	congeneric	1
as_reported	GCA_016065055.1	Halosimplex	Archaea	GCA_000337455.1	0.094139	congeneric	1
no_self_strain	GCA_016065055.1	Halosimplex	Archaea	GCA_000337455.1	0.094139	congeneric	1
novel_species	GCA_016065055.1	Halosimplex	Archaea	GCA_000337455.1	0.094139	congeneric	1
as_reported	GCA_016757965.1	Archaeoglobus	Archaea	GCA_000008665.1	0.242205	congeneric	1
no_self_strain	GCA_016757965.1	Archaeoglobus	Archaea	GCA_000008665.1	0.242205	congeneric	1
novel_species	GCA_016757965.1	Archaeoglobus	Archaea	GCA_000008665.1	0.242205	congeneric	1
as_reported	GCA_016907005.1	Methanococcus	Archaea	GCA_017875815.1	0.000252	same_species	1
no_self_strain	GCA_016907005.1	Methanococcus	Archaea	GCA_017875815.1	0.000252	same_species	1
novel_species	GCA_016907005.1	Methanococcus	Archaea	GCA_054506835.1	0.101056	congeneric	1
as_reported	GCA_017094485.1	Natranaeroarchaeum	Archaea	GCA_023638055.1	0.087955	congeneric	1
no_self_strain	GCA_017094485.1	Natranaeroarchaeum	Archaea	GCA_023638055.1	0.087955	congeneric	1
novel_species	GCA_017094485.1	Natranaeroarchaeum	Archaea	GCA_023638055.1	0.087955	congeneric	1
as_reported	GCA_017094525.1	Halapricum	Archaea	GCA_025517535.1	0.118834	congeneric	1
no_self_strain	GCA_017094525.1	Halapricum	Archaea	GCA_025517535.1	0.118834	congeneric	1
novel_species	GCA_017094525.1	Halapricum	Archaea	GCA_025517535.1	0.118834	congeneric	1
as_reported	GCA_017357105.2	Natronosalvus	Archaea	GCA_024204665.1	0.074652	congeneric	1
no_self_strain	GCA_017357105.2	Natronosalvus	Archaea	GCA_024204665.1	0.074652	congeneric	1
novel_species	GCA_017357105.2	Natronosalvus	Archaea	GCA_024204665.1	0.074652	congeneric	1
as_reported	GCA_017357525.1	Methanofollis	Archaea	GCA_019633745.1	0.089522	congeneric	1
no_self_strain	GCA_017357525.1	Methanofollis	Archaea	GCA_019633745.1	0.089522	congeneric	1
novel_species	GCA_017357525.1	Methanofollis	Archaea	GCA_019633745.1	0.089522	congeneric	1
as_reported	GCA_017873335.1	Thermococcus	Archaea	GCA_000009965.1	0.121798	congeneric	1
no_self_strain	GCA_017873335.1	Thermococcus	Archaea	GCA_000009965.1	0.121798	congeneric	1
novel_species	GCA_017873335.1	Thermococcus	Archaea	GCA_000009965.1	0.121798	congeneric	1
as_reported	GCA_017873555.1	Halorubrum	Archaea	GCA_039522705.1	0.000043	same_species	1
no_self_strain	GCA_017873555.1	Halorubrum	Archaea	GCA_039522705.1	0.000043	same_species	1
novel_species	GCA_017873555.1	Halorubrum	Archaea	GCA_000337395.1	0.083130	congeneric	1
as_reported	GCA_017873625.1	Methanobacterium	Archaea	GCA_002813695.1	0.200976	congeneric	1
no_self_strain	GCA_017873625.1	Methanobacterium	Archaea	GCA_002813695.1	0.200976	congeneric	1
novel_species	GCA_017873625.1	Methanobacterium	Archaea	GCA_002813695.1	0.200976	congeneric	1
as_reported	GCA_017873775.1	Halarchaeum	Archaea	GCA_014647115.1	0.000029	same_species	1
no_self_strain	GCA_017873775.1	Halarchaeum	Archaea	GCA_014647115.1	0.000029	same_species	1
novel_species	GCA_017873775.1	Halarchaeum	Archaea	GCA_017874695.1	0.086694	congeneric	1
as_reported	GCA_017873815.1	Halorubrum	Archaea	GCA_055396225.1	0.110543	congeneric	1
no_self_strain	GCA_017873815.1	Halorubrum	Archaea	GCA_055396225.1	0.110543	congeneric	1
novel_species	GCA_017873815.1	Halorubrum	Archaea	GCA_055396225.1	0.110543	congeneric	1
as_reported	GCA_017873855.1	Methanolinea	Archaea	GCA_023702065.1	0.279978	inter_genus	0
no_self_strain	GCA_017873855.1	Methanolinea	Archaea	GCA_023702065.1	0.279978	inter_genus	0
novel_species	GCA_017873855.1	Methanolinea	Archaea	GCA_023702065.1	0.279978	inter_genus	0
as_reported	GCA_017874235.1	Halolamina	Archaea	GCA_054652895.1	0.130701	congeneric	1
no_self_strain	GCA_017874235.1	Halolamina	Archaea	GCA_054652895.1	0.130701	congeneric	1
novel_species	GCA_017874235.1	Halolamina	Archaea	GCA_054652895.1	0.130701	congeneric	1
as_reported	GCA_017874375.1	Methanohalophilus	Archaea	GCA_052057775.1	0.270747	inter_genus	0
no_self_strain	GCA_017874375.1	Methanohalophilus	Archaea	GCA_052057775.1	0.270747	inter_genus	0
novel_species	GCA_017874375.1	Methanohalophilus	Archaea	GCA_052057775.1	0.270747	inter_genus	0
as_reported	GCA_017874455.1	Methanobacterium	Archaea	GCA_000214725.1	0.218593	congeneric	1
no_self_strain	GCA_017874455.1	Methanobacterium	Archaea	GCA_000214725.1	0.218593	congeneric	1
novel_species	GCA_017874455.1	Methanobacterium	Archaea	GCA_000214725.1	0.218593	congeneric	1
as_reported	GCA_017874695.1	Halarchaeum	Archaea	GCA_014647155.1	0.013040	same_species	1
no_self_strain	GCA_017874695.1	Halarchaeum	Archaea	GCA_014647155.1	0.013040	same_species	1
novel_species	GCA_017874695.1	Halarchaeum	Archaea	GCA_017873775.1	0.086694	congeneric	1
as_reported	GCA_017875815.1	Methanococcus	Archaea	GCA_016907005.1	0.000252	same_species	1
no_self_strain	GCA_017875815.1	Methanococcus	Archaea	GCA_016907005.1	0.000252	same_species	1
novel_species	GCA_017875815.1	Methanococcus	Archaea	GCA_054506835.1	0.100636	congeneric	1
as_reported	GCA_018132105.1	Methanocalculus	Archaea	GCA_024170505.1	0.092849	congeneric	1
no_self_strain	GCA_018132105.1	Methanocalculus	Archaea	GCA_024170505.1	0.092849	congeneric	1
novel_species	GCA_018132105.1	Methanocalculus	Archaea	GCA_024170505.1	0.092849	congeneric	1
as_reported	GCA_018228765.1	Halorubrum	Archaea	GCA_000337395.1	0.058067	congeneric	1
no_self_strain	GCA_018228765.1	Halorubrum	Archaea	GCA_000337395.1	0.058067	congeneric	1
novel_species	GCA_018228765.1	Halorubrum	Archaea	GCA_000337395.1	0.058067	congeneric	1
as_reported	GCA_018502485.1	Methanospirillum	Archaea	GCA_046244385.1	0.215885	congeneric	1
no_self_strain	GCA_018502485.1	Methanospirillum	Archaea	GCA_046244385.1	0.215885	congeneric	1
novel_species	GCA_018502485.1	Methanospirillum	Archaea	GCA_046244385.1	0.215885	congeneric	1
as_reported	GCA_018687785.1	Methanovulcanius	Archaea	GCA_026684035.1	0.252420	inter_genus	0
no_self_strain	GCA_018687785.1	Methanovulcanius	Archaea	GCA_026684035.1	0.252420	inter_genus	0
novel_species	GCA_018687785.1	Methanovulcanius	Archaea	GCA_026684035.1	0.252420	inter_genus	0
as_reported	GCA_019061225.1	Haloarcula	Archaea	GCA_010119195.1	0.000091	same_species	1
no_self_strain	GCA_019061225.1	Haloarcula	Archaea	GCA_010119195.1	0.000091	same_species	1
novel_species	GCA_019061225.1	Haloarcula	Archaea	GCA_037078405.1	0.125099	congeneric	1
as_reported	GCA_019175345.1	Saccharolobus	Archaea	GCA_000022485.1	0.046903	congeneric	1
no_self_strain	GCA_019175345.1	Saccharolobus	Archaea	GCA_000022485.1	0.046903	congeneric	1
novel_species	GCA_019175345.1	Saccharolobus	Archaea	GCA_000022485.1	0.046903	congeneric	1
as_reported	GCA_019633745.1	Methanofollis	Archaea	GCA_017357525.1	0.089522	congeneric	1
no_self_strain	GCA_019633745.1	Methanofollis	Archaea	GCA_017357525.1	0.089522	congeneric	1
novel_species	GCA_019633745.1	Methanofollis	Archaea	GCA_017357525.1	0.089522	congeneric	1
as_reported	GCA_019669965.1	Methanoculleus	Archaea	GCA_025384765.1	0.076760	congeneric	1
no_self_strain	GCA_019669965.1	Methanoculleus	Archaea	GCA_025384765.1	0.076760	congeneric	1
novel_species	GCA_019669965.1	Methanoculleus	Archaea	GCA_025384765.1	0.076760	congeneric	1
as_reported	GCA_019704315.1	Stygiolobus	Archaea	GCA_009729035.1	0.247037	congeneric	1
no_self_strain	GCA_019704315.1	Stygiolobus	Archaea	GCA_009729035.1	0.247037	congeneric	1
novel_species	GCA_019704315.1	Stygiolobus	Archaea	GCA_009729035.1	0.247037	congeneric	1
as_reported	GCA_019823105.1	Halobaculum	Archaea	GCA_019880245.1	0.041299	congeneric	1
no_self_strain	GCA_019823105.1	Halobaculum	Archaea	GCA_019880245.1	0.041299	congeneric	1
novel_species	GCA_019823105.1	Halobaculum	Archaea	GCA_019880245.1	0.041299	congeneric	1
as_reported	GCA_019880225.1	Halobaculum	Archaea	GCA_040025155.1	0.071691	congeneric	1
no_self_strain	GCA_019880225.1	Halobaculum	Archaea	GCA_040025155.1	0.071691	congeneric	1
novel_species	GCA_019880225.1	Halobaculum	Archaea	GCA_040025155.1	0.071691	congeneric	1
as_reported	GCA_019880245.1	Halobaculum	Archaea	GCA_042429545.1	0.000005	same_species	1
no_self_strain	GCA_019880245.1	Halobaculum	Archaea	GCA_042429545.1	0.000005	same_species	1
novel_species	GCA_019880245.1	Halobaculum	Archaea	GCA_019823105.1	0.041299	congeneric	1
as_reported	GCA_019931065.1	Methanobacterium	Archaea	GCA_017874455.1	0.258493	congeneric	1
no_self_strain	GCA_019931065.1	Methanobacterium	Archaea	GCA_017874455.1	0.258493	congeneric	1
novel_species	GCA_019931065.1	Methanobacterium	Archaea	GCA_017874455.1	0.258493	congeneric	1
as_reported	GCA_020097815.1	Haloprofundus	Archaea	GCA_020097835.1	0.108822	congeneric	1
no_self_strain	GCA_020097815.1	Haloprofundus	Archaea	GCA_020097835.1	0.108822	congeneric	1
novel_species	GCA_020097815.1	Haloprofundus	Archaea	GCA_020097835.1	0.108822	congeneric	1
as_reported	GCA_020097835.1	Haloprofundus	Archaea	GCA_020097815.1	0.108822	congeneric	1
no_self_strain	GCA_020097835.1	Haloprofundus	Archaea	GCA_020097815.1	0.108822	congeneric	1
novel_species	GCA_020097835.1	Haloprofundus	Archaea	GCA_020097815.1	0.108822	congeneric	1
as_reported	GCA_020150815.1	Haloprofundus	Archaea	GCA_020097835.1	0.109760	congeneric	1
no_self_strain	GCA_020150815.1	Haloprofundus	Archaea	GCA_020097835.1	0.109760	congeneric	1
novel_species	GCA_020150815.1	Haloprofundus	Archaea	GCA_020097835.1	0.109760	congeneric	1
as_reported	GCA_020177375.1	Saliphagus	Archaea	GCA_042652265.1	0.000139	same_species	1
no_self_strain	GCA_020177375.1	Saliphagus	Archaea	GCA_042652265.1	0.000139	same_species	1
novel_species	GCA_020177375.1	Saliphagus	Archaea	GCA_000337695.1	0.186761	inter_genus	0
as_reported	GCA_020386975.1	Thermococcus	Archaea	GCA_000246985.3	0.084659	congeneric	1
no_self_strain	GCA_020386975.1	Thermococcus	Archaea	GCA_000246985.3	0.084659	congeneric	1
novel_species	GCA_020386975.1	Thermococcus	Archaea	GCA_000246985.3	0.084659	congeneric	1
as_reported	GCA_020567425.1	Salinirubrum	Archaea	GCA_042657545.1	0.000021	same_species	1
no_self_strain	GCA_020567425.1	Salinirubrum	Archaea	GCA_042657545.1	0.000021	same_species	1
novel_species	GCA_020567425.1	Salinirubrum	Archaea	GCA_000025685.1	0.200976	inter_genus	0
as_reported	GCA_020567525.1	Halorubellus	Archaea	GCA_042662365.1	0.074688	congeneric	1
no_self_strain	GCA_020567525.1	Halorubellus	Archaea	GCA_042662365.1	0.074688	congeneric	1
novel_species	GCA_020567525.1	Halorubellus	Archaea	GCA_042662365.1	0.074688	congeneric	1
as_reported	GCA_020614375.1	Haladaptatus	Archaea	GCA_020618475.1	0.103516	congeneric	1
no_self_strain	GCA_020614375.1	Haladaptatus	Archaea	GCA_020618475.1	0.103516	congeneric	1
novel_species	GCA_020614375.1	Haladaptatus	Archaea	GCA_020618475.1	0.103516	congeneric	1
as_reported	GCA_020614395.1	Salarchaeum	Archaea	GCA_039522645.1	0.000002	same_species	1
no_self_strain	GCA_020614395.1	Salarchaeum	Archaea	GCA_039522645.1	0.000002	same_species	1
novel_species	GCA_020614395.1	Salarchaeum	Archaea	GCA_014647475.1	0.174771	inter_genus	0
as_reported	GCA_020618475.1	Haladaptatus	Archaea	GCA_020614375.1	0.103516	congeneric	1
no_self_strain	GCA_020618475.1	Haladaptatus	Archaea	GCA_020614375.1	0.103516	congeneric	1
novel_species	GCA_020618475.1	Haladaptatus	Archaea	GCA_020614375.1	0.103516	congeneric	1
as_reported	GCA_020700235.1	Haladaptatus	Archaea	GCA_039544045.1	0.000079	same_species	1
no_self_strain	GCA_020700235.1	Haladaptatus	Archaea	GCA_039544045.1	0.000079	same_species	1
novel_species	GCA_020700235.1	Haladaptatus	Archaea	GCA_900156425.1	0.120346	congeneric	1
as_reported	GCA_020736485.1	Halobacterium	Archaea	GCA_014202515.1	0.000944	same_species	1
no_self_strain	GCA_020736485.1	Halobacterium	Archaea	GCA_014202515.1	0.000944	same_species	1
as_reported	GCA_020886315.1	Saccharolobus	Archaea	GCA_000022485.1	0.176252	congeneric	1
no_self_strain	GCA_020886315.1	Saccharolobus	Archaea	GCA_000022485.1	0.176252	congeneric	1
novel_species	GCA_020886315.1	Saccharolobus	Archaea	GCA_000022485.1	0.176252	congeneric	1
as_reported	GCA_021184045.1	Methanococcoides	Archaea	GCA_000765475.1	0.044233	congeneric	1
no_self_strain	GCA_021184045.1	Methanococcoides	Archaea	GCA_000765475.1	0.044233	congeneric	1
novel_species	GCA_021184045.1	Methanococcoides	Archaea	GCA_000765475.1	0.044233	congeneric	1
as_reported	GCA_022064045.1	Metallosphaera	Archaea	GCA_005222525.1	0.177011	congeneric	1
no_self_strain	GCA_022064045.1	Metallosphaera	Archaea	GCA_005222525.1	0.177011	congeneric	1
novel_species	GCA_022064045.1	Metallosphaera	Archaea	GCA_005222525.1	0.177011	congeneric	1
as_reported	GCA_022869805.1	Halosolutus	Archaea	GCA_023566055.1	0.102486	congeneric	1
no_self_strain	GCA_022869805.1	Halosolutus	Archaea	GCA_023566055.1	0.102486	congeneric	1
novel_species	GCA_022869805.1	Halosolutus	Archaea	GCA_023566055.1	0.102486	congeneric	1
as_reported	GCA_023008545.1	Natribaculum	Archaea	GCA_042651585.1	0.000074	same_species	1
no_self_strain	GCA_023008545.1	Natribaculum	Archaea	GCA_042651585.1	0.000074	same_species	1
novel_species	GCA_023008545.1	Natribaculum	Archaea	GCA_024296665.1	0.176630	inter_genus	0
as_reported	GCA_023028105.1	Halosolutus	Archaea	GCA_022869805.1	0.157113	congeneric	1
no_self_strain	GCA_023028105.1	Halosolutus	Archaea	GCA_022869805.1	0.157113	congeneric	1
novel_species	GCA_023028105.1	Halosolutus	Archaea	GCA_022869805.1	0.157113	congeneric	1
as_reported	GCA_023028225.1	Halorientalis	Archaea	GCA_900110215.1	0.166453	congeneric	1
no_self_strain	GCA_023028225.1	Halorientalis	Archaea	GCA_900110215.1	0.166453	congeneric	1
novel_species	GCA_023028225.1	Halorientalis	Archaea	GCA_900110215.1	0.166453	congeneric	1
as_reported	GCA_023028345.1	Halorientalis	Archaea	GCA_900110215.1	0.173336	congeneric	1
no_self_strain	GCA_023028345.1	Halorientalis	Archaea	GCA_900110215.1	0.173336	congeneric	1
novel_species	GCA_023028345.1	Halorientalis	Archaea	GCA_900110215.1	0.173336	congeneric	1
as_reported	GCA_023074835.1	Halomarina	Archaea	GCA_042658425.1	0.000007	same_species	1
no_self_strain	GCA_023074835.1	Halomarina	Archaea	GCA_042658425.1	0.000007	same_species	1
novel_species	GCA_023074835.1	Halomarina	Archaea	GCA_009791395.1	0.140258	congeneric	1
as_reported	GCA_023093535.1	Halovivax	Archaea	GCA_000337515.1	0.175878	congeneric	1
no_self_strain	GCA_023093535.1	Halovivax	Archaea	GCA_000337515.1	0.175878	congeneric	1
novel_species	GCA_023093535.1	Halovivax	Archaea	GCA_000337515.1	0.175878	congeneric	1
as_reported	GCA_023115355.1	Halocatena	Archaea	GCA_003862495.1	0.120788	congeneric	1
no_self_strain	GCA_023115355.1	Halocatena	Archaea	GCA_003862495.1	0.120788	congeneric	1
novel_species	GCA_023115355.1	Halocatena	Archaea	GCA_003862495.1	0.120788	congeneric	1
as_reported	GCA_023238205.1	Halorussus	Archaea	GCA_023238445.1	0.092504	congeneric	1
no_self_strain	GCA_023238205.1	Halorussus	Archaea	GCA_023238445.1	0.092504	congeneric	1
novel_species	GCA_023238205.1	Halorussus	Archaea	GCA_023238445.1	0.092504	congeneric	1
as_reported	GCA_023238445.1	Halorussus	Archaea	GCA_023238205.1	0.092504	congeneric	1
no_self_strain	GCA_023238445.1	Halorussus	Archaea	GCA_023238205.1	0.092504	congeneric	1
novel_species	GCA_023238445.1	Halorussus	Archaea	GCA_023238205.1	0.092504	congeneric	1
as_reported	GCA_023276355.1	Haloplanus	Archaea	GCA_023703775.1	0.151946	congeneric	1
no_self_strain	GCA_023276355.1	Haloplanus	Archaea	GCA_023703775.1	0.151946	congeneric	1
novel_species	GCA_023276355.1	Haloplanus	Archaea	GCA_023703775.1	0.151946	congeneric	1
as_reported	GCA_023566035.1	Halorientalis	Archaea	GCA_005049285.1	0.000000	same_species	1
no_self_strain	GCA_023566035.1	Halorientalis	Archaea	GCA_005049285.1	0.000000	same_species	1
novel_species	GCA_023566035.1	Halorientalis	Archaea	GCA_042678165.1	0.147505	congeneric	1
as_reported	GCA_023566055.1	Halosolutus	Archaea	GCA_042654825.1	0.000021	same_species	1
no_self_strain	GCA_023566055.1	Halosolutus	Archaea	GCA_042654825.1	0.000021	same_species	1
novel_species	GCA_023566055.1	Halosolutus	Archaea	GCA_022869805.1	0.102486	congeneric	1
as_reported	GCA_023638055.1	Natranaeroarchaeum	Archaea	GCA_017094485.1	0.087955	congeneric	1
no_self_strain	GCA_023638055.1	Natranaeroarchaeum	Archaea	GCA_017094485.1	0.087955	congeneric	1
novel_species	GCA_023638055.1	Natranaeroarchaeum	Archaea	GCA_017094485.1	0.087955	congeneric	1
as_reported	GCA_023684405.1	Methanococcoides	Archaea	GCA_031454185.1	0.060792	congeneric	1
no_self_strain	GCA_023684405.1	Methanococcoides	Archaea	GCA_031454185.1	0.060792	congeneric	1
novel_species	GCA_023684405.1	Methanococcoides	Archaea	GCA_031454185.1	0.060792	congeneric	1
as_reported	GCA_023698535.1	Halorientalis	Archaea	GCA_900110215.1	0.093255	congeneric	1
no_self_strain	GCA_023698535.1	Halorientalis	Archaea	GCA_900110215.1	0.093255	congeneric	1
novel_species	GCA_023698535.1	Halorientalis	Archaea	GCA_900110215.1	0.093255	congeneric	1
as_reported	GCA_023699475.1	Halomarina	Archaea	GCA_042677885.1	0.000000	same_species	1
no_self_strain	GCA_023699475.1	Halomarina	Archaea	GCA_042677885.1	0.000000	same_species	1
novel_species	GCA_023699475.1	Halomarina	Archaea	GCA_009791395.1	0.120346	congeneric	1
as_reported	GCA_023702065.1	Methanoculleus	Archaea	GCA_032944295.1	0.102851	congeneric	1
no_self_strain	GCA_023702065.1	Methanoculleus	Archaea	GCA_032944295.1	0.102851	congeneric	1
novel_species	GCA_023702065.1	Methanoculleus	Archaea	GCA_032944295.1	0.102851	congeneric	1
as_reported	GCA_023702125.1	Halorubrum	Archaea	GCA_000337415.1	0.043618	congeneric	1
no_self_strain	GCA_023702125.1	Halorubrum	Archaea	GCA_000337415.1	0.043618	congeneric	1
novel_species	GCA_023702125.1	Halorubrum	Archaea	GCA_000337415.1	0.043618	congeneric	1
as_reported	GCA_023703775.1	Haloplanus	Archaea	GCA_042677945.1	0.122833	congeneric	1
no_self_strain	GCA_023703775.1	Haloplanus	Archaea	GCA_042677945.1	0.122833	congeneric	1
novel_species	GCA_023703775.1	Haloplanus	Archaea	GCA_042677945.1	0.122833	congeneric	1
as_reported	GCA_023703795.1	Haloplanus	Archaea	GCA_048595615.1	0.115365	congeneric	1
no_self_strain	GCA_023703795.1	Haloplanus	Archaea	GCA_048595615.1	0.115365	congeneric	1
novel_species	GCA_023703795.1	Haloplanus	Archaea	GCA_048595615.1	0.115365	congeneric	1
as_reported	GCA_023746595.1	Thermococcus	Archaea	GCA_000022545.1	0.168318	congeneric	1
no_self_strain	GCA_023746595.1	Thermococcus	Archaea	GCA_000022545.1	0.168318	congeneric	1
novel_species	GCA_023746595.1	Thermococcus	Archaea	GCA_000022545.1	0.168318	congeneric	1
as_reported	GCA_023913515.1	Natronococcus	Archaea	GCA_008122205.1	0.099066	congeneric	1
no_self_strain	GCA_023913515.1	Natronococcus	Archaea	GCA_008122205.1	0.099066	congeneric	1
novel_species	GCA_023913515.1	Natronococcus	Archaea	GCA_008122205.1	0.099066	congeneric	1
as_reported	GCA_023973145.1	Natronosalvus	Archaea	GCA_024204665.1	0.185827	congeneric	1
no_self_strain	GCA_023973145.1	Natronosalvus	Archaea	GCA_024204665.1	0.185827	congeneric	1
novel_species	GCA_023973145.1	Natronosalvus	Archaea	GCA_024204665.1	0.185827	congeneric	1
as_reported	GCA_024022995.1	Thermococcus	Archaea	GCA_055393685.1	0.172635	congeneric	1
no_self_strain	GCA_024022995.1	Thermococcus	Archaea	GCA_055393685.1	0.172635	congeneric	1
novel_species	GCA_024022995.1	Thermococcus	Archaea	GCA_055393685.1	0.172635	congeneric	1
as_reported	GCA_024054535.1	Thermococcus	Archaea	GCA_000246985.3	0.041769	congeneric	1
no_self_strain	GCA_024054535.1	Thermococcus	Archaea	GCA_000246985.3	0.041769	congeneric	1
novel_species	GCA_024054535.1	Thermococcus	Archaea	GCA_000246985.3	0.041769	congeneric	1
as_reported	GCA_024138125.1	Halorussus	Archaea	GCA_004143485.2	0.136157	congeneric	1
no_self_strain	GCA_024138125.1	Halorussus	Archaea	GCA_004143485.2	0.136157	congeneric	1
novel_species	GCA_024138125.1	Halorussus	Archaea	GCA_004143485.2	0.136157	congeneric	1
as_reported	GCA_024138145.1	Natronosalvus	Archaea	GCA_024204665.1	0.077423	congeneric	1
no_self_strain	GCA_024138145.1	Natronosalvus	Archaea	GCA_024204665.1	0.077423	congeneric	1
novel_species	GCA_024138145.1	Natronosalvus	Archaea	GCA_024204665.1	0.077423	congeneric	1
as_reported	GCA_024138165.1	Halorussus	Archaea	GCA_024218795.1	0.148114	congeneric	1
no_self_strain	GCA_024138165.1	Halorussus	Archaea	GCA_024218795.1	0.148114	congeneric	1
novel_species	GCA_024138165.1	Halorussus	Archaea	GCA_024218795.1	0.148114	congeneric	1
as_reported	GCA_024170505.1	Methanocalculus	Archaea	GCA_018132105.1	0.092849	congeneric	1
no_self_strain	GCA_024170505.1	Methanocalculus	Archaea	GCA_018132105.1	0.092849	congeneric	1
novel_species	GCA_024170505.1	Methanocalculus	Archaea	GCA_018132105.1	0.092849	congeneric	1
as_reported	GCA_024178165.1	Halohasta	Archaea	GCA_042677985.1	0.137590	congeneric	1
no_self_strain	GCA_024178165.1	Halohasta	Archaea	GCA_042677985.1	0.137590	congeneric	1
novel_species	GCA_024178165.1	Halohasta	Archaea	GCA_042677985.1	0.137590	congeneric	1
as_reported	GCA_024204665.1	Natronosalvus	Archaea	GCA_017357105.2	0.074652	congeneric	1
no_self_strain	GCA_024204665.1	Natronosalvus	Archaea	GCA_017357105.2	0.074652	congeneric	1
novel_species	GCA_024204665.1	Natronosalvus	Archaea	GCA_017357105.2	0.074652	congeneric	1
as_reported	GCA_024218795.1	Halorussus	Archaea	GCA_042653805.1	0.000000	same_species	1
no_self_strain	GCA_024218795.1	Halorussus	Archaea	GCA_042653805.1	0.000000	same_species	1
novel_species	GCA_024218795.1	Halorussus	Archaea	GCA_023238205.1	0.104878	congeneric	1
as_reported	GCA_024227715.1	Halomarina	Archaea	GCA_042658425.1	0.168956	congeneric	1
no_self_strain	GCA_024227715.1	Halomarina	Archaea	GCA_042658425.1	0.168956	congeneric	1
novel_species	GCA_024227715.1	Halomarina	Archaea	GCA_042658425.1	0.168956	congeneric	1
as_reported	GCA_024227995.1	Halomicrococcus	Archaea	GCA_050954125.1	0.151504	congeneric	1
no_self_strain	GCA_024227995.1	Halomicrococcus	Archaea	GCA_050954125.1	0.151504	congeneric	1
novel_species	GCA_024227995.1	Halomicrococcus	Archaea	GCA_050954125.1	0.151504	congeneric	1
as_reported	GCA_024228315.1	Halomarina	Archaea	GCA_029338575.1	0.087955	congeneric	1
no_self_strain	GCA_024228315.1	Halomarina	Archaea	GCA_029338575.1	0.087955	congeneric	1
novel_species	GCA_024228315.1	Halomarina	Archaea	GCA_029338575.1	0.087955	congeneric	1
as_reported	GCA_024228675.1	Salinigranum	Archaea	GCA_009176545.1	0.148731	congeneric	1
no_self_strain	GCA_024228675.1	Salinigranum	Archaea	GCA_009176545.1	0.148731	congeneric	1
novel_species	GCA_024228675.1	Salinigranum	Archaea	GCA_009176545.1	0.148731	congeneric	1
as_reported	GCA_024296665.1	Salinilacihabitans	Archaea	GCA_022869805.1	0.168636	inter_genus	0
no_self_strain	GCA_024296665.1	Salinilacihabitans	Archaea	GCA_022869805.1	0.168636	inter_genus	0
novel_species	GCA_024296665.1	Salinilacihabitans	Archaea	GCA_022869805.1	0.168636	inter_genus	0
as_reported	GCA_024298825.1	Haloglomus	Archaea	GCA_024298885.1	0.056397	congeneric	1
no_self_strain	GCA_024298825.1	Haloglomus	Archaea	GCA_024298885.1	0.056397	congeneric	1
novel_species	GCA_024298825.1	Haloglomus	Archaea	GCA_024298885.1	0.056397	congeneric	1
as_reported	GCA_024298845.1	Natronosalvus	Archaea	GCA_025517525.1	0.074142	congeneric	1
no_self_strain	GCA_024298845.1	Natronosalvus	Archaea	GCA_025517525.1	0.074142	congeneric	1
novel_species	GCA_024298845.1	Natronosalvus	Archaea	GCA_025517525.1	0.074142	congeneric	1
as_reported	GCA_024298865.1	Halorarius	Archaea	GCA_024298905.1	0.133716	inter_genus	0
no_self_strain	GCA_024298865.1	Halorarius	Archaea	GCA_024298905.1	0.133716	inter_genus	0
novel_species	GCA_024298865.1	Halorarius	Archaea	GCA_024298905.1	0.133716	inter_genus	0
as_reported	GCA_024298885.1	Haloglomus	Archaea	GCA_024298825.1	0.056397	congeneric	1
no_self_strain	GCA_024298885.1	Haloglomus	Archaea	GCA_024298825.1	0.056397	congeneric	1
novel_species	GCA_024298885.1	Haloglomus	Archaea	GCA_024298825.1	0.056397	congeneric	1
as_reported	GCA_024298905.1	Natronomonas	Archaea	GCA_024298865.1	0.133716	inter_genus	0
no_self_strain	GCA_024298905.1	Natronomonas	Archaea	GCA_024298865.1	0.133716	inter_genus	0
novel_species	GCA_024298905.1	Natronomonas	Archaea	GCA_024298865.1	0.133716	inter_genus	0
as_reported	GCA_024300625.1	Halovivax	Archaea	GCA_023093535.1	0.188686	congeneric	1
no_self_strain	GCA_024300625.1	Halovivax	Archaea	GCA_023093535.1	0.188686	congeneric	1
novel_species	GCA_024300625.1	Halovivax	Archaea	GCA_023093535.1	0.188686	congeneric	1
as_reported	GCA_024300825.1	Natronomonas	Archaea	GCA_026712385.1	0.003900	same_species	1
no_self_strain	GCA_024300825.1	Natronomonas	Archaea	GCA_026712385.1	0.003900	same_species	1
novel_species	GCA_024300825.1	Natronomonas	Archaea	GCA_037031205.1	0.167688	congeneric	1
as_reported	GCA_024362405.1	Halorarius	Archaea	GCA_024298865.1	0.168002	congeneric	1
no_self_strain	GCA_024362405.1	Halorarius	Archaea	GCA_024298865.1	0.168002	congeneric	1
novel_species	GCA_024362405.1	Halorarius	Archaea	GCA_024298865.1	0.168002	congeneric	1
as_reported	GCA_024362485.1	Natronobeatus	Archaea	GCA_042651585.1	0.176630	inter_genus	0
no_self_strain	GCA_024362485.1	Natronobeatus	Archaea	GCA_042651585.1	0.176630	inter_genus	0
novel_species	GCA_024362485.1	Natronobeatus	Archaea	GCA_042651585.1	0.176630	inter_genus	0
as_reported	GCA_024362525.1	Natrononativus	Archaea	GCA_000337675.1	0.177395	inter_genus	0
no_self_strain	GCA_024362525.1	Natrononativus	Archaea	GCA_000337675.1	0.177395	inter_genus	0
novel_species	GCA_024362525.1	Natrononativus	Archaea	GCA_000337675.1	0.177395	inter_genus	0
as_reported	GCA_024372745.1	Methanocalculus	Archaea	GCA_055382585.1	0.128932	congeneric	1
no_self_strain	GCA_024372745.1	Methanocalculus	Archaea	GCA_055382585.1	0.128932	congeneric	1
novel_species	GCA_024372745.1	Methanocalculus	Archaea	GCA_055382585.1	0.128932	congeneric	1
as_reported	GCA_024449025.1	Natronomonas	Archaea	GCA_000591055.1	0.185367	congeneric	1
no_self_strain	GCA_024449025.1	Natronomonas	Archaea	GCA_000591055.1	0.185367	congeneric	1
novel_species	GCA_024449025.1	Natronomonas	Archaea	GCA_000591055.1	0.185367	congeneric	1
as_reported	GCA_024464185.1	Haloarchaeobius	Archaea	GCA_024495425.1	0.079817	congeneric	1
no_self_strain	GCA_024464185.1	Haloarchaeobius	Archaea	GCA_024495425.1	0.079817	congeneric	1
novel_species	GCA_024464185.1	Haloarchaeobius	Archaea	GCA_024495425.1	0.079817	congeneric	1
as_reported	GCA_024464595.1	Halobellus	Archaea	GCA_042678065.1	0.000084	same_species	1
no_self_strain	GCA_024464595.1	Halobellus	Archaea	GCA_042678065.1	0.000084	same_species	1
novel_species	GCA_024464595.1	Halobellus	Archaea	GCA_004799685.1	0.097101	congeneric	1
as_reported	GCA_024464655.1	Halobellus	Archaea	GCA_024494595.1	0.150203	congeneric	1
no_self_strain	GCA_024464655.1	Halobellus	Archaea	GCA_024494595.1	0.150203	congeneric	1
novel_species	GCA_024464655.1	Halobellus	Archaea	GCA_024494595.1	0.150203	congeneric	1
as_reported	GCA_024494595.1	Halobellus	Archaea	GCA_042677905.1	0.001919	same_species	1
no_self_strain	GCA_024494595.1	Halobellus	Archaea	GCA_042677905.1	0.001919	same_species	1
novel_species	GCA_024494595.1	Halobellus	Archaea	GCA_004799685.1	0.088836	congeneric	1
as_reported	GCA_024494645.1	Halohasta	Archaea	GCA_042677985.1	0.000105	same_species	1
no_self_strain	GCA_024494645.1	Halohasta	Archaea	GCA_042677985.1	0.000105	same_species	1
novel_species	GCA_024494645.1	Halohasta	Archaea	GCA_024178165.1	0.137753	congeneric	1
as_reported	GCA_024494725.1	Haloplanus	Archaea	GCA_042678025.1	0.000093	same_species	1
no_self_strain	GCA_024494725.1	Haloplanus	Archaea	GCA_042678025.1	0.000093	same_species	1
novel_species	GCA_024494725.1	Haloplanus	Archaea	GCA_048595615.1	0.106206	congeneric	1
as_reported	GCA_024495425.1	Haloarchaeobius	Archaea	GCA_042677925.1	0.000007	same_species	1
no_self_strain	GCA_024495425.1	Haloarchaeobius	Archaea	GCA_042677925.1	0.000007	same_species	1
novel_species	GCA_024495425.1	Haloarchaeobius	Archaea	GCA_024464185.1	0.079817	congeneric	1
as_reported	GCA_024498175.1	Haloplanus	Archaea	GCA_048595615.1	0.001111	same_species	1
no_self_strain	GCA_024498175.1	Haloplanus	Archaea	GCA_048595615.1	0.001111	same_species	1
novel_species	GCA_024498175.1	Haloplanus	Archaea	GCA_024494725.1	0.106444	congeneric	1
as_reported	GCA_024508235.1	Halococcus	Archaea	GCA_052043925.1	0.062367	congeneric	1
no_self_strain	GCA_024508235.1	Halococcus	Archaea	GCA_052043925.1	0.062367	congeneric	1
novel_species	GCA_024508235.1	Halococcus	Archaea	GCA_052043925.1	0.062367	congeneric	1
as_reported	GCA_024707485.1	Thermococcus	Archaea	GCA_900109425.1	0.065567	congeneric	1
no_self_strain	GCA_024707485.1	Thermococcus	Archaea	GCA_900109425.1	0.065567	congeneric	1
novel_species	GCA_024707485.1	Thermococcus	Archaea	GCA_900109425.1	0.065567	congeneric	1
as_reported	GCA_024807035.1	Methanococcus	Archaea	GCA_017875815.1	0.258493	congeneric	1
no_self_strain	GCA_024807035.1	Methanococcus	Archaea	GCA_017875815.1	0.258493	congeneric	1
novel_species	GCA_024807035.1	Methanococcus	Archaea	GCA_017875815.1	0.258493	congeneric	1
as_reported	GCA_024808815.1	Methanosalsum	Archaea	GCA_023684405.1	0.320287	inter_genus	0
no_self_strain	GCA_024808815.1	Methanosalsum	Archaea	GCA_023684405.1	0.320287	inter_genus	0
novel_species	GCA_024808815.1	Methanosalsum	Archaea	GCA_023684405.1	0.320287	inter_genus	0
as_reported	GCA_025231485.1	Salinirubellus	Archaea	GCA_042663705.1	0.000000	same_species	1
no_self_strain	GCA_025231485.1	Salinirubellus	Archaea	GCA_042663705.1	0.000000	same_species	1
novel_species	GCA_025231485.1	Salinirubellus	Archaea	GCA_052060055.1	0.170592	inter_genus	0
as_reported	GCA_025340205.1	Ignicoccus	Archaea	GCA_001481685.1	0.258493	congeneric	1
no_self_strain	GCA_025340205.1	Ignicoccus	Archaea	GCA_001481685.1	0.258493	congeneric	1
novel_species	GCA_025340205.1	Ignicoccus	Archaea	GCA_001481685.1	0.258493	congeneric	1
as_reported	GCA_025384765.1	Methanoculleus	Archaea	GCA_019669965.1	0.076760	congeneric	1
no_self_strain	GCA_025384765.1	Methanoculleus	Archaea	GCA_019669965.1	0.076760	congeneric	1
novel_species	GCA_025384765.1	Methanoculleus	Archaea	GCA_019669965.1	0.076760	congeneric	1
as_reported	GCA_025517485.1	Natronoglomus	Archaea	GCA_029338335.1	0.112243	inter_genus	0
no_self_strain	GCA_025517485.1	Natronoglomus	Archaea	GCA_029338335.1	0.112243	inter_genus	0
novel_species	GCA_025517485.1	Natronoglomus	Archaea	GCA_029338335.1	0.112243	inter_genus	0
as_reported	GCA_025517525.1	Natronosalvus	Archaea	GCA_024298845.1	0.074142	congeneric	1
no_self_strain	GCA_025517525.1	Natronosalvus	Archaea	GCA_024298845.1	0.074142	congeneric	1
novel_species	GCA_025517525.1	Natronosalvus	Archaea	GCA_024298845.1	0.074142	congeneric	1
as_reported	GCA_025517535.1	Halapricum	Archaea	GCA_017094525.1	0.118834	congeneric	1
no_self_strain	GCA_025517535.1	Halapricum	Archaea	GCA_017094525.1	0.118834	congeneric	1
novel_species	GCA_025517535.1	Halapricum	Archaea	GCA_017094525.1	0.118834	congeneric	1
as_reported	GCA_026000775.1	Vulcanisaeta	Archaea	GCA_014646555.1	0.000031	same_strain	1
no_self_strain	GCA_026000775.1	Vulcanisaeta	Archaea	GCA_000148385.1	0.123300	congeneric	1
novel_species	GCA_026000775.1	Vulcanisaeta	Archaea	GCA_000148385.1	0.123300	congeneric	1
as_reported	GCA_026248685.1	Haladaptatus	Archaea	GCA_051194195.1	0.132399	congeneric	1
no_self_strain	GCA_026248685.1	Haladaptatus	Archaea	GCA_051194195.1	0.132399	congeneric	1
novel_species	GCA_026248685.1	Haladaptatus	Archaea	GCA_051194195.1	0.132399	congeneric	1
as_reported	GCA_026410925.1	Halovenus	Archaea	GCA_900100385.1	0.145534	congeneric	1
no_self_strain	GCA_026410925.1	Halovenus	Archaea	GCA_900100385.1	0.145534	congeneric	1
novel_species	GCA_026410925.1	Halovenus	Archaea	GCA_900100385.1	0.145534	congeneric	1
as_reported	GCA_026586625.1	Halobium	Archaea	GCA_042663265.1	0.000000	same_species	1
no_self_strain	GCA_026586625.1	Halobium	Archaea	GCA_042663265.1	0.000000	same_species	1
novel_species	GCA_026586625.1	Halobium	Archaea	GCA_000337835.1	0.190183	inter_genus	0
as_reported	GCA_026586665.1	Halovenus	Archaea	GCA_042663305.1	0.000000	same_species	1
no_self_strain	GCA_026586665.1	Halovenus	Archaea	GCA_042663305.1	0.000000	same_species	1
novel_species	GCA_026586665.1	Halovenus	Archaea	GCA_026410925.1	0.197292	congeneric	1
as_reported	GCA_026586675.1	Halorubrum	Archaea	GCA_042663285.1	0.000000	same_species	1
no_self_strain	GCA_026586675.1	Halorubrum	Archaea	GCA_042663285.1	0.000000	same_species	1
novel_species	GCA_026586675.1	Halorubrum	Archaea	GCA_042665015.1	0.091041	congeneric	1
as_reported	GCA_026616195.1	Haloarchaeobius	Archaea	GCA_055396915.1	0.000129	same_species	1
no_self_strain	GCA_026616195.1	Haloarchaeobius	Archaea	GCA_055396915.1	0.000129	same_species	1
novel_species	GCA_026616195.1	Haloarchaeobius	Archaea	GCA_051801355.1	0.114587	congeneric	1
as_reported	GCA_026616205.1	Halolamina	Archaea	GCA_054652895.1	0.000007	same_species	1
no_self_strain	GCA_026616205.1	Halolamina	Archaea	GCA_054652895.1	0.000007	same_species	1
novel_species	GCA_026616205.1	Halolamina	Archaea	GCA_017874235.1	0.130701	congeneric	1
as_reported	GCA_026684035.1	Methanogenium	Archaea	GCA_054654835.1	0.176630	congeneric	1
no_self_strain	GCA_026684035.1	Methanogenium	Archaea	GCA_054654835.1	0.176630	congeneric	1
novel_species	GCA_026684035.1	Methanogenium	Archaea	GCA_054654835.1	0.176630	congeneric	1
as_reported	GCA_026712385.1	Natronomonas	Archaea	GCA_024300825.1	0.003900	same_species	1
no_self_strain	GCA_026712385.1	Natronomonas	Archaea	GCA_024300825.1	0.003900	same_species	1
novel_species	GCA_026712385.1	Natronomonas	Archaea	GCA_037031205.1	0.171944	congeneric	1
as_reported	GCA_027554905.1	Methanothermobacter	Archaea	GCA_000008645.1	0.000291	same_species	1
no_self_strain	GCA_027554905.1	Methanothermobacter	Archaea	GCA_000008645.1	0.000291	same_species	1
novel_species	GCA_027554905.1	Methanothermobacter	Archaea	GCA_003385755.1	0.019263	congeneric	1
as_reported	GCA_027555045.1	Methanothermobacter	Archaea	GCA_003385755.1	0.014704	congeneric	1
no_self_strain	GCA_027555045.1	Methanothermobacter	Archaea	GCA_003385755.1	0.014704	congeneric	1
novel_species	GCA_027555045.1	Methanothermobacter	Archaea	GCA_003385755.1	0.014704	congeneric	1
as_reported	GCA_027555065.1	Methanothermobacter	Archaea	GCA_000145295.1	0.000048	same_species	1
no_self_strain	GCA_027555065.1	Methanothermobacter	Archaea	GCA_000145295.1	0.000048	same_species	1
novel_species	GCA_027555065.1	Methanothermobacter	Archaea	GCA_027555045.1	0.134163	congeneric	1
as_reported	GCA_027563145.1	Halocatena	Archaea	GCA_023115355.1	0.250557	congeneric	1
no_self_strain	GCA_027563145.1	Halocatena	Archaea	GCA_023115355.1	0.250557	congeneric	1
novel_species	GCA_027563145.1	Halocatena	Archaea	GCA_023115355.1	0.250557	congeneric	1
as_reported	GCA_028472365.1	Sulfolobus	Archaea	GCA_000012285.1	0.000041	same_strain	1
no_self_strain	GCA_028472365.1	Sulfolobus	Archaea	GCA_009729545.1	0.300994	inter_genus	0
novel_species	GCA_028472365.1	Sulfolobus	Archaea	GCA_009729545.1	0.300994	inter_genus	0
as_reported	GCA_028743435.1	Methanobrevibacter	Archaea	GCA_000016525.1	0.000000	same_strain	1
no_self_strain	GCA_028743435.1	Methanobrevibacter	Archaea	GCA_002252585.1	0.053609	congeneric	1
novel_species	GCA_028743435.1	Methanobrevibacter	Archaea	GCA_002252585.1	0.053609	congeneric	1
as_reported	GCA_028747785.1	Halosimplex	Archaea	GCA_042663565.1	0.000474	same_species	1
no_self_strain	GCA_028747785.1	Halosimplex	Archaea	GCA_042663565.1	0.000474	same_species	1
novel_species	GCA_028747785.1	Halosimplex	Archaea	GCA_047715405.1	0.087853	congeneric	1
as_reported	GCA_028890305.1	Methanosphaera	Archaea	GCA_003149675.1	0.209345	congeneric	1
no_self_strain	GCA_028890305.1	Methanosphaera	Archaea	GCA_003149675.1	0.209345	congeneric	1
novel_species	GCA_028890305.1	Methanosphaera	Archaea	GCA_003149675.1	0.209345	congeneric	1
as_reported	GCA_029167045.1	Methanocrinis	Archaea	GCA_000204415.1	0.287309	inter_genus	0
no_self_strain	GCA_029167045.1	Methanocrinis	Archaea	GCA_000204415.1	0.287309	inter_genus	0
novel_species	GCA_029167045.1	Methanocrinis	Archaea	GCA_000204415.1	0.287309	inter_genus	0
as_reported	GCA_029338335.1	Halomontanus	Archaea	GCA_025517485.1	0.112243	inter_genus	0
no_self_strain	GCA_029338335.1	Halomontanus	Archaea	GCA_025517485.1	0.112243	inter_genus	0
novel_species	GCA_029338335.1	Halomontanus	Archaea	GCA_025517485.1	0.112243	inter_genus	0
as_reported	GCA_029338355.1	Halosegnis	Archaea	GCA_042663465.1	0.000000	same_species	1
no_self_strain	GCA_029338355.1	Halosegnis	Archaea	GCA_042663465.1	0.000000	same_species	1
novel_species	GCA_029338355.1	Halosegnis	Archaea	GCA_009663395.1	0.169931	congeneric	1
as_reported	GCA_029338375.1	Halorussus	Archaea	GCA_004765785.1	0.097746	congeneric	1
no_self_strain	GCA_029338375.1	Halorussus	Archaea	GCA_004765785.1	0.097746	congeneric	1
novel_species	GCA_029338375.1	Halorussus	Archaea	GCA_004765785.1	0.097746	congeneric	1
as_reported	GCA_029338395.1	Halorussus	Archaea	GCA_005239435.1	0.125840	congeneric	1
no_self_strain	GCA_029338395.1	Halorussus	Archaea	GCA_005239435.1	0.125840	congeneric	1
novel_species	GCA_029338395.1	Halorussus	Archaea	GCA_005239435.1	0.125840	congeneric	1
as_reported	GCA_029338515.1	Haloglomus	Archaea	GCA_024298825.1	0.118201	congeneric	1
no_self_strain	GCA_029338515.1	Haloglomus	Archaea	GCA_024298825.1	0.118201	congeneric	1
novel_species	GCA_029338515.1	Haloglomus	Archaea	GCA_024298825.1	0.118201	congeneric	1
as_reported	GCA_029338555.1	Halobaculum	Archaea	GCA_042663245.1	0.000026	same_species	1
no_self_strain	GCA_029338555.1	Halobaculum	Archaea	GCA_042663245.1	0.000026	same_species	1
novel_species	GCA_029338555.1	Halobaculum	Archaea	GCA_030127165.1	0.100916	congeneric	1
as_reported	GCA_029338575.1	Halomarina	Archaea	GCA_042663765.1	0.000005	same_species	1
no_self_strain	GCA_029338575.1	Halomarina	Archaea	GCA_042663765.1	0.000005	same_species	1
novel_species	GCA_029338575.1	Halomarina	Archaea	GCA_024228315.1	0.087955	congeneric	1
as_reported	GCA_029490015.1	Halobaculum	Archaea	GCA_030127165.1	0.142547	congeneric	1
no_self_strain	GCA_029490015.1	Halobaculum	Archaea	GCA_030127165.1	0.142547	congeneric	1
novel_species	GCA_029490015.1	Halobaculum	Archaea	GCA_030127165.1	0.142547	congeneric	1
as_reported	GCA_029633915.1	Methanomicrobium	Archaea	GCA_000243255.1	0.239237	inter_genus	0
no_self_strain	GCA_029633915.1	Methanomicrobium	Archaea	GCA_000243255.1	0.239237	inter_genus	0
novel_species	GCA_029633915.1	Methanomicrobium	Archaea	GCA_000243255.1	0.239237	inter_genus	0
as_reported	GCA_029814175.1	Halospeciosus	Archaea	GCA_020614395.1	0.188197	inter_genus	0
no_self_strain	GCA_029814175.1	Halospeciosus	Archaea	GCA_020614395.1	0.188197	inter_genus	0
novel_species	GCA_029814175.1	Halospeciosus	Archaea	GCA_020614395.1	0.188197	inter_genus	0
as_reported	GCA_029848115.1	Methanobacterium	Archaea	GCA_002813695.1	0.172635	congeneric	1
no_self_strain	GCA_029848115.1	Methanobacterium	Archaea	GCA_002813695.1	0.172635	congeneric	1
novel_species	GCA_029848115.1	Methanobacterium	Archaea	GCA_002813695.1	0.172635	congeneric	1
as_reported	GCA_030127125.1	Halobaculum	Archaea	GCA_030127165.1	0.096090	congeneric	1
no_self_strain	GCA_030127125.1	Halobaculum	Archaea	GCA_030127165.1	0.096090	congeneric	1
novel_species	GCA_030127125.1	Halobaculum	Archaea	GCA_030127165.1	0.096090	congeneric	1
as_reported	GCA_030127145.1	Halobaculum	Archaea	GCA_040025155.1	0.106604	congeneric	1
no_self_strain	GCA_030127145.1	Halobaculum	Archaea	GCA_040025155.1	0.106604	congeneric	1
novel_species	GCA_030127145.1	Halobaculum	Archaea	GCA_040025155.1	0.106604	congeneric	1
as_reported	GCA_030127165.1	Halobaculum	Archaea	GCA_042663365.1	0.000984	same_species	1
no_self_strain	GCA_030127165.1	Halobaculum	Archaea	GCA_042663365.1	0.000984	same_species	1
novel_species	GCA_030127165.1	Halobaculum	Archaea	GCA_030127125.1	0.096090	congeneric	1
as_reported	GCA_030464365.1	Methanoculleus	Archaea	GCA_001602375.1	0.080027	congeneric	1
no_self_strain	GCA_030464365.1	Methanoculleus	Archaea	GCA_001602375.1	0.080027	congeneric	1
novel_species	GCA_030464365.1	Methanoculleus	Archaea	GCA_001602375.1	0.080027	congeneric	1
as_reported	GCA_030505615.1	Salinibaculum	Archaea	GCA_037645885.1	0.133864	congeneric	1
no_self_strain	GCA_030505615.1	Salinibaculum	Archaea	GCA_037645885.1	0.133864	congeneric	1
novel_species	GCA_030505615.1	Salinibaculum	Archaea	GCA_037645885.1	0.133864	congeneric	1
as_reported	GCA_030535215.1	Haloferax	Archaea	GCA_000336735.1	0.000110	same_species	1
no_self_strain	GCA_030535215.1	Haloferax	Archaea	GCA_000336735.1	0.000110	same_species	1
novel_species	GCA_030535215.1	Haloferax	Archaea	GCA_000337795.1	0.053342	congeneric	1
as_reported	GCA_030553305.1	Halomarina	Archaea	GCA_042662245.1	0.000000	same_species	1
no_self_strain	GCA_030553305.1	Halomarina	Archaea	GCA_042662245.1	0.000000	same_species	1
novel_species	GCA_030553305.1	Halomarina	Archaea	GCA_029338575.1	0.152617	congeneric	1
as_reported	GCA_030734185.1	Salinirarus	Archaea	GCA_023276355.1	0.170926	inter_genus	0
no_self_strain	GCA_030734185.1	Salinirarus	Archaea	GCA_023276355.1	0.170926	inter_genus	0
novel_species	GCA_030734185.1	Salinirarus	Archaea	GCA_023276355.1	0.170926	inter_genus	0
as_reported	GCA_030734285.1	Natronococcus	Archaea	GCA_023913515.1	0.110895	congeneric	1
no_self_strain	GCA_030734285.1	Natronococcus	Archaea	GCA_023913515.1	0.110895	congeneric	1
novel_species	GCA_030734285.1	Natronococcus	Archaea	GCA_023913515.1	0.110895	congeneric	1
as_reported	GCA_031454185.1	Methanococcoides	Archaea	GCA_023684405.1	0.060792	congeneric	1
no_self_strain	GCA_031454185.1	Methanococcoides	Archaea	GCA_023684405.1	0.060792	congeneric	1
novel_species	GCA_031454185.1	Methanococcoides	Archaea	GCA_023684405.1	0.060792	congeneric	1
as_reported	GCA_031624295.1	Haloarcula	Archaea	GCA_032905985.1	0.000000	same_species	1
no_self_strain	GCA_031624295.1	Haloarcula	Archaea	GCA_032905985.1	0.000000	same_species	1
novel_species	GCA_031624295.1	Haloarcula	Archaea	GCA_014647415.1	0.042717	congeneric	1
as_reported	GCA_031624315.1	Haloarcula	Archaea	GCA_000336615.1	0.106926	congeneric	1
no_self_strain	GCA_031624315.1	Haloarcula	Archaea	GCA_000336615.1	0.106926	congeneric	1
novel_species	GCA_031624315.1	Haloarcula	Archaea	GCA_000336615.1	0.106926	congeneric	1
as_reported	GCA_031624495.1	Halogeometricum	Archaea	GCA_031624635.1	0.073319	congeneric	1
no_self_strain	GCA_031624495.1	Halogeometricum	Archaea	GCA_031624635.1	0.073319	congeneric	1
novel_species	GCA_031624495.1	Halogeometricum	Archaea	GCA_031624635.1	0.073319	congeneric	1
as_reported	GCA_031624635.1	Halogeometricum	Archaea	GCA_031624495.1	0.073319	congeneric	1
no_self_strain	GCA_031624635.1	Halogeometricum	Archaea	GCA_031624495.1	0.073319	congeneric	1
novel_species	GCA_031624635.1	Halogeometricum	Archaea	GCA_031624495.1	0.073319	congeneric	1
as_reported	GCA_031823395.1	Halobellus	Archaea	GCA_032113415.1	0.053485	congeneric	1
no_self_strain	GCA_031823395.1	Halobellus	Archaea	GCA_032113415.1	0.053485	congeneric	1
novel_species	GCA_031823395.1	Halobellus	Archaea	GCA_032113415.1	0.053485	congeneric	1
as_reported	GCA_031852275.1	Halovalidus	Archaea	GCA_013342145.1	0.168636	inter_genus	0
no_self_strain	GCA_031852275.1	Halovalidus	Archaea	GCA_013342145.1	0.168636	inter_genus	0
novel_species	GCA_031852275.1	Halovalidus	Archaea	GCA_013342145.1	0.168636	inter_genus	0
as_reported	GCA_032113415.1	Halobellus	Archaea	GCA_042662005.1	0.000158	same_species	1
no_self_strain	GCA_032113415.1	Halobellus	Archaea	GCA_042662005.1	0.000158	same_species	1
novel_species	GCA_032113415.1	Halobellus	Archaea	GCA_031823395.1	0.053485	congeneric	1
as_reported	GCA_032116555.1	Halorarum	Archaea	GCA_013402875.1	0.142910	congeneric	1
no_self_strain	GCA_032116555.1	Halorarum	Archaea	GCA_013402875.1	0.142910	congeneric	1
novel_species	GCA_032116555.1	Halorarum	Archaea	GCA_013402875.1	0.142910	congeneric	1
as_reported	GCA_032304395.1	Thermococcus	Archaea	GCA_055384795.1	0.000019	same_species	1
no_self_strain	GCA_032304395.1	Thermococcus	Archaea	GCA_055384795.1	0.000019	same_species	1
novel_species	GCA_032304395.1	Thermococcus	Archaea	GCA_000258515.1	0.038630	congeneric	1
as_reported	GCA_032834875.1	Sulfuracidifex	Archaea	GCA_009729515.1	0.000708	same_strain	1
no_self_strain	GCA_032834875.1	Sulfuracidifex	Archaea	GCA_008326425.1	0.205675	congeneric	1
novel_species	GCA_032834875.1	Sulfuracidifex	Archaea	GCA_008326425.1	0.205675	congeneric	1
as_reported	GCA_032878975.1	Methanochimaera	Archaea	GCA_029633915.1	0.254359	inter_genus	0
no_self_strain	GCA_032878975.1	Methanochimaera	Archaea	GCA_029633915.1	0.254359	inter_genus	0
novel_species	GCA_032878975.1	Methanochimaera	Archaea	GCA_029633915.1	0.254359	inter_genus	0
as_reported	GCA_032905985.1	Haloarcula	Archaea	GCA_031624295.1	0.000000	same_species	1
no_self_strain	GCA_032905985.1	Haloarcula	Archaea	GCA_031624295.1	0.000000	same_species	1
novel_species	GCA_032905985.1	Haloarcula	Archaea	GCA_014647415.1	0.042717	congeneric	1
as_reported	GCA_032944295.1	Methanoculleus	Archaea	GCA_030464365.1	0.089575	congeneric	1
no_self_strain	GCA_032944295.1	Methanoculleus	Archaea	GCA_030464365.1	0.089575	congeneric	1
novel_species	GCA_032944295.1	Methanoculleus	Archaea	GCA_030464365.1	0.089575	congeneric	1
as_reported	GCA_033472595.1	Methanoculleus	Archaea	GCA_030464365.1	0.168956	congeneric	1
no_self_strain	GCA_033472595.1	Methanoculleus	Archaea	GCA_030464365.1	0.168956	congeneric	1
novel_species	GCA_033472595.1	Methanoculleus	Archaea	GCA_030464365.1	0.168956	congeneric	1
as_reported	GCA_036429475.1	Natronorarus	Archaea	GCA_031852275.1	0.226680	inter_genus	0
no_self_strain	GCA_036429475.1	Natronorarus	Archaea	GCA_031852275.1	0.226680	inter_genus	0
novel_species	GCA_036429475.1	Natronorarus	Archaea	GCA_031852275.1	0.226680	inter_genus	0
as_reported	GCA_037031205.1	Natronomonas	Archaea	GCA_013391085.1	0.102997	congeneric	1
no_self_strain	GCA_037031205.1	Natronomonas	Archaea	GCA_013391085.1	0.102997	congeneric	1
novel_species	GCA_037031205.1	Natronomonas	Archaea	GCA_013391085.1	0.102997	congeneric	1
as_reported	GCA_037031225.1	Halorientalis	Archaea	GCA_004118325.1	0.142910	congeneric	1
no_self_strain	GCA_037031225.1	Halorientalis	Archaea	GCA_004118325.1	0.142910	congeneric	1
novel_species	GCA_037031225.1	Halorientalis	Archaea	GCA_004118325.1	0.142910	congeneric	1
as_reported	GCA_037031285.1	Halobellus	Archaea	GCA_000739575.1	0.106845	congeneric	1
no_self_strain	GCA_037031285.1	Halobellus	Archaea	GCA_000739575.1	0.106845	congeneric	1
novel_species	GCA_037031285.1	Halobellus	Archaea	GCA_000739575.1	0.106845	congeneric	1
as_reported	GCA_037078405.1	Haloarcula	Archaea	GCA_001280425.1	0.109674	congeneric	1
no_self_strain	GCA_037078405.1	Haloarcula	Archaea	GCA_001280425.1	0.109674	congeneric	1
novel_species	GCA_037078405.1	Haloarcula	Archaea	GCA_001280425.1	0.109674	congeneric	1
as_reported	GCA_037080055.1	Halovenus	Archaea	GCA_009831575.1	0.163220	congeneric	1
no_self_strain	GCA_037080055.1	Halovenus	Archaea	GCA_009831575.1	0.163220	congeneric	1
novel_species	GCA_037080055.1	Halovenus	Archaea	GCA_009831575.1	0.163220	congeneric	1
as_reported	GCA_037081675.1	Halorubellus	Archaea	GCA_042662365.1	0.000000	same_species	1
no_self_strain	GCA_037081675.1	Halorubellus	Archaea	GCA_042662365.1	0.000000	same_species	1
novel_species	GCA_037081675.1	Halorubellus	Archaea	GCA_020567525.1	0.074688	congeneric	1
as_reported	GCA_037201915.1	Haloplanus	Archaea	GCA_048595615.1	0.138243	congeneric	1
no_self_strain	GCA_037201915.1	Haloplanus	Archaea	GCA_048595615.1	0.138243	congeneric	1
novel_species	GCA_037201915.1	Haloplanus	Archaea	GCA_048595615.1	0.138243	congeneric	1
as_reported	GCA_037335815.1	Salinirubellus	Archaea	GCA_042664605.1	0.000199	same_species	1
no_self_strain	GCA_037335815.1	Salinirubellus	Archaea	GCA_042664605.1	0.000199	same_species	1
novel_species	GCA_037335815.1	Salinirubellus	Archaea	GCA_025231485.1	0.201619	congeneric	1
as_reported	GCA_037338445.1	Salinibaculum	Archaea	GCA_042663385.1	0.000538	same_species	1
no_self_strain	GCA_037338445.1	Salinibaculum	Archaea	GCA_042663385.1	0.000538	same_species	1
novel_species	GCA_037338445.1	Salinibaculum	Archaea	GCA_037645885.1	0.187713	congeneric	1
as_reported	GCA_037645885.1	Salinibaculum	Archaea	GCA_030505615.1	0.133864	congeneric	1
no_self_strain	GCA_037645885.1	Salinibaculum	Archaea	GCA_030505615.1	0.133864	congeneric	1
novel_species	GCA_037645885.1	Salinibaculum	Archaea	GCA_030505615.1	0.133864	congeneric	1
as_reported	GCA_038432375.1	Methanococcoides	Archaea	GCA_052057775.1	0.122485	congeneric	1
no_self_strain	GCA_038432375.1	Methanococcoides	Archaea	GCA_052057775.1	0.122485	congeneric	1
novel_species	GCA_038432375.1	Methanococcoides	Archaea	GCA_052057775.1	0.122485	congeneric	1
as_reported	GCA_038751955.1	Methanocalculus	Archaea	GCA_024170505.1	0.185367	congeneric	1
no_self_strain	GCA_038751955.1	Methanocalculus	Archaea	GCA_024170505.1	0.185367	congeneric	1
novel_species	GCA_038751955.1	Methanocalculus	Archaea	GCA_024170505.1	0.185367	congeneric	1
as_reported	GCA_039520965.1	Halarchaeum	Archaea	GCA_017873775.1	0.092048	congeneric	1
no_self_strain	GCA_039520965.1	Halarchaeum	Archaea	GCA_017873775.1	0.092048	congeneric	1
novel_species	GCA_039520965.1	Halarchaeum	Archaea	GCA_017873775.1	0.092048	congeneric	1
as_reported	GCA_039522545.1	Halorubrum	Archaea	GCA_900113615.1	0.000941	same_species	1
no_self_strain	GCA_039522545.1	Halorubrum	Archaea	GCA_900113615.1	0.000941	same_species	1
novel_species	GCA_039522545.1	Halorubrum	Archaea	GCA_900182635.1	0.073568	congeneric	1
as_reported	GCA_039522645.1	Salarchaeum	Archaea	GCA_020614395.1	0.000002	same_species	1
no_self_strain	GCA_039522645.1	Salarchaeum	Archaea	GCA_020614395.1	0.000002	same_species	1
novel_species	GCA_039522645.1	Salarchaeum	Archaea	GCA_014647475.1	0.174771	inter_genus	0
as_reported	GCA_039522665.1	Natronoarchaeum	Archaea	GCA_055381615.1	0.000019	same_species	1
no_self_strain	GCA_039522665.1	Natronoarchaeum	Archaea	GCA_055381615.1	0.000019	same_species	1
novel_species	GCA_039522665.1	Natronoarchaeum	Archaea	GCA_900215575.1	0.131119	congeneric	1
as_reported	GCA_039522705.1	Halorubrum	Archaea	GCA_017873555.1	0.000043	same_species	1
no_self_strain	GCA_039522705.1	Halorubrum	Archaea	GCA_017873555.1	0.000043	same_species	1
novel_species	GCA_039522705.1	Halorubrum	Archaea	GCA_000337395.1	0.083130	congeneric	1
as_reported	GCA_039539865.1	Haloarcula	Archaea	GCA_055384635.1	0.000029	same_species	1
no_self_strain	GCA_039539865.1	Haloarcula	Archaea	GCA_055384635.1	0.000029	same_species	1
novel_species	GCA_039539865.1	Haloarcula	Archaea	GCA_014647415.1	0.042776	congeneric	1
as_reported	GCA_039544045.1	Haladaptatus	Archaea	GCA_020700235.1	0.000079	same_species	1
no_self_strain	GCA_039544045.1	Haladaptatus	Archaea	GCA_020700235.1	0.000079	same_species	1
novel_species	GCA_039544045.1	Haladaptatus	Archaea	GCA_900156425.1	0.120127	congeneric	1
as_reported	GCA_039545175.1	Sulfurisphaera	Archaea	GCA_000011205.1	0.000033	same_species	1
no_self_strain	GCA_039545175.1	Sulfurisphaera	Archaea	GCA_000011205.1	0.000033	same_species	1
novel_species	GCA_039545175.1	Sulfurisphaera	Archaea	GCA_014202105.1	0.039459	congeneric	1
as_reported	GCA_039545195.1	Haloarcula	Archaea	GCA_014647415.1	0.070324	congeneric	1
no_self_strain	GCA_039545195.1	Haloarcula	Archaea	GCA_014647415.1	0.070324	congeneric	1
novel_species	GCA_039545195.1	Haloarcula	Archaea	GCA_014647415.1	0.070324	congeneric	1
as_reported	GCA_039545215.1	Haloarcula	Archaea	GCA_000223905.1	0.000108	same_species	1
no_self_strain	GCA_039545215.1	Haloarcula	Archaea	GCA_000223905.1	0.000108	same_species	1
novel_species	GCA_039545215.1	Haloarcula	Archaea	GCA_000336615.1	0.041172	congeneric	1
as_reported	GCA_040025155.1	Halobaculum	Archaea	GCA_019880225.1	0.071691	congeneric	1
no_self_strain	GCA_040025155.1	Halobaculum	Archaea	GCA_019880225.1	0.071691	congeneric	1
novel_species	GCA_040025155.1	Halobaculum	Archaea	GCA_019880225.1	0.071691	congeneric	1
as_reported	GCA_041154675.1	Sulfurisphaera	Archaea	GCA_009729055.1	0.211692	congeneric	1
no_self_strain	GCA_041154675.1	Sulfurisphaera	Archaea	GCA_009729055.1	0.211692	congeneric	1
novel_species	GCA_041154675.1	Sulfurisphaera	Archaea	GCA_009729055.1	0.211692	congeneric	1
as_reported	GCA_041361345.1	Halonovum	Archaea	GCA_041361465.1	0.172288	congeneric	1
no_self_strain	GCA_041361345.1	Halonovum	Archaea	GCA_041361465.1	0.172288	congeneric	1
novel_species	GCA_041361345.1	Halonovum	Archaea	GCA_041361465.1	0.172288	congeneric	1
as_reported	GCA_041361465.1	Halonovum	Archaea	GCA_041361345.1	0.172288	congeneric	1
no_self_strain	GCA_041361465.1	Halonovum	Archaea	GCA_041361345.1	0.172288	congeneric	1
novel_species	GCA_041361465.1	Halonovum	Archaea	GCA_041361345.1	0.172288	congeneric	1
as_reported	GCA_041379815.1	Halorubrum	Archaea	GCA_000337035.1	0.072618	congeneric	1
no_self_strain	GCA_041379815.1	Halorubrum	Archaea	GCA_000337035.1	0.072618	congeneric	1
novel_species	GCA_041379815.1	Halorubrum	Archaea	GCA_000337035.1	0.072618	congeneric	1
as_reported	GCA_042429525.1	Haloarcula	Archaea	GCA_014647415.1	0.000026	same_species	1
no_self_strain	GCA_042429525.1	Haloarcula	Archaea	GCA_014647415.1	0.000026	same_species	1
novel_species	GCA_042429525.1	Haloarcula	Archaea	GCA_055384635.1	0.042746	congeneric	1
as_reported	GCA_042429545.1	Halobaculum	Archaea	GCA_019880245.1	0.000005	same_species	1
no_self_strain	GCA_042429545.1	Halobaculum	Archaea	GCA_019880245.1	0.000005	same_species	1
novel_species	GCA_042429545.1	Halobaculum	Archaea	GCA_019823105.1	0.041313	congeneric	1
as_reported	GCA_042651585.1	Natribaculum	Archaea	GCA_023008545.1	0.000074	same_species	1
no_self_strain	GCA_042651585.1	Natribaculum	Archaea	GCA_023008545.1	0.000074	same_species	1
novel_species	GCA_042651585.1	Natribaculum	Archaea	GCA_024362485.1	0.176630	inter_genus	0
as_reported	GCA_042651705.1	Haloarchaeobius	Archaea	GCA_042683225.1	0.000067	same_species	1
no_self_strain	GCA_042651705.1	Haloarchaeobius	Archaea	GCA_042683225.1	0.000067	same_species	1
novel_species	GCA_042651705.1	Haloarchaeobius	Archaea	GCA_024464185.1	0.091653	congeneric	1
as_reported	GCA_042651865.1	Halobium	Archaea	GCA_026586625.1	0.000019	same_species	1
no_self_strain	GCA_042651865.1	Halobium	Archaea	GCA_026586625.1	0.000019	same_species	1
novel_species	GCA_042651865.1	Halobium	Archaea	GCA_000337835.1	0.190183	inter_genus	0
as_reported	GCA_042652265.1	Saliphagus	Archaea	GCA_020177375.1	0.000139	same_species	1
no_self_strain	GCA_042652265.1	Saliphagus	Archaea	GCA_020177375.1	0.000139	same_species	1
novel_species	GCA_042652265.1	Saliphagus	Archaea	GCA_000337695.1	0.186292	inter_genus	0
as_reported	GCA_042653245.1	Halorussus	Archaea	GCA_024218795.1	0.000019	same_species	1
no_self_strain	GCA_042653245.1	Halorussus	Archaea	GCA_024218795.1	0.000019	same_species	1
novel_species	GCA_042653245.1	Halorussus	Archaea	GCA_023238205.1	0.104801	congeneric	1
as_reported	GCA_042653805.1	Halorussus	Archaea	GCA_024218795.1	0.000000	same_species	1
no_self_strain	GCA_042653805.1	Halorussus	Archaea	GCA_024218795.1	0.000000	same_species	1
novel_species	GCA_042653805.1	Halorussus	Archaea	GCA_023238205.1	0.104878	congeneric	1
as_reported	GCA_042654825.1	Halosolutus	Archaea	GCA_023566055.1	0.000021	same_species	1
no_self_strain	GCA_042654825.1	Halosolutus	Archaea	GCA_023566055.1	0.000021	same_species	1
novel_species	GCA_042654825.1	Halosolutus	Archaea	GCA_022869805.1	0.102704	congeneric	1
as_reported	GCA_042657525.1	Halorubrum	Archaea	GCA_001542905.1	0.071018	congeneric	1
no_self_strain	GCA_042657525.1	Halorubrum	Archaea	GCA_001542905.1	0.071018	congeneric	1
novel_species	GCA_042657525.1	Halorubrum	Archaea	GCA_001542905.1	0.071018	congeneric	1
as_reported	GCA_042657545.1	Salinirubrum	Archaea	GCA_020567425.1	0.000021	same_species	1
no_self_strain	GCA_042657545.1	Salinirubrum	Archaea	GCA_020567425.1	0.000021	same_species	1
novel_species	GCA_042657545.1	Salinirubrum	Archaea	GCA_000025685.1	0.200976	inter_genus	0
as_reported	GCA_042658425.1	Halomarina	Archaea	GCA_023074835.1	0.000007	same_species	1
no_self_strain	GCA_042658425.1	Halomarina	Archaea	GCA_023074835.1	0.000007	same_species	1
novel_species	GCA_042658425.1	Halomarina	Archaea	GCA_009791395.1	0.140258	congeneric	1
as_reported	GCA_042661185.1	Halopenitus	Archaea	GCA_042662125.1	0.000322	same_species	1
no_self_strain	GCA_042661185.1	Halopenitus	Archaea	GCA_042662125.1	0.000322	same_species	1
novel_species	GCA_042661185.1	Halopenitus	Archaea	GCA_049958835.2	0.171944	inter_genus	0
as_reported	GCA_042661785.1	Natronoarchaeum	Archaea	GCA_055381615.1	0.001478	same_species	1
no_self_strain	GCA_042661785.1	Natronoarchaeum	Archaea	GCA_055381615.1	0.001478	same_species	1
novel_species	GCA_042661785.1	Natronoarchaeum	Archaea	GCA_900215575.1	0.131400	congeneric	1
as_reported	GCA_042662005.1	Halobellus	Archaea	GCA_032113415.1	0.000158	same_species	1
no_self_strain	GCA_042662005.1	Halobellus	Archaea	GCA_032113415.1	0.000158	same_species	1
novel_species	GCA_042662005.1	Halobellus	Archaea	GCA_031823395.1	0.053506	congeneric	1
as_reported	GCA_042662125.1	Halopenitus	Archaea	GCA_055397165.1	0.000096	same_species	1
no_self_strain	GCA_042662125.1	Halopenitus	Archaea	GCA_055397165.1	0.000096	same_species	1
novel_species	GCA_042662125.1	Halopenitus	Archaea	GCA_049958835.2	0.171944	inter_genus	0
as_reported	GCA_042662185.1	Salinirubellus	Archaea	GCA_042664605.1	0.000048	same_species	1
no_self_strain	GCA_042662185.1	Salinirubellus	Archaea	GCA_042664605.1	0.000048	same_species	1
novel_species	GCA_042662185.1	Salinirubellus	Archaea	GCA_025231485.1	0.201619	congeneric	1
as_reported	GCA_042662245.1	Halomarina	Archaea	GCA_030553305.1	0.000000	same_species	1
no_self_strain	GCA_042662245.1	Halomarina	Archaea	GCA_030553305.1	0.000000	same_species	1
novel_species	GCA_042662245.1	Halomarina	Archaea	GCA_042663765.1	0.152617	congeneric	1
as_reported	GCA_042662365.1	Halorubellus	Archaea	GCA_037081675.1	0.000000	same_species	1
no_self_strain	GCA_042662365.1	Halorubellus	Archaea	GCA_037081675.1	0.000000	same_species	1
novel_species	GCA_042662365.1	Halorubellus	Archaea	GCA_020567525.1	0.074688	congeneric	1
as_reported	GCA_042662525.1	Halorubrum	Archaea	GCA_054653475.1	0.000163	same_species	1
no_self_strain	GCA_042662525.1	Halorubrum	Archaea	GCA_054653475.1	0.000163	same_species	1
novel_species	GCA_042662525.1	Halorubrum	Archaea	GCA_055380345.1	0.107331	congeneric	1
as_reported	GCA_042663145.1	Halovenus	Archaea	GCA_055378175.1	0.000000	same_species	1
no_self_strain	GCA_042663145.1	Halovenus	Archaea	GCA_055378175.1	0.000000	same_species	1
novel_species	GCA_042663145.1	Halovenus	Archaea	GCA_026410925.1	0.197292	congeneric	1
as_reported	GCA_042663225.1	Haloferax	Archaea	GCA_001469875.2	0.164079	congeneric	1
no_self_strain	GCA_042663225.1	Haloferax	Archaea	GCA_001469875.2	0.164079	congeneric	1
novel_species	GCA_042663225.1	Haloferax	Archaea	GCA_001469875.2	0.164079	congeneric	1
as_reported	GCA_042663245.1	Halobaculum	Archaea	GCA_029338555.1	0.000026	same_species	1
no_self_strain	GCA_042663245.1	Halobaculum	Archaea	GCA_029338555.1	0.000026	same_species	1
novel_species	GCA_042663245.1	Halobaculum	Archaea	GCA_030127165.1	0.100986	congeneric	1
as_reported	GCA_042663265.1	Halobium	Archaea	GCA_026586625.1	0.000000	same_species	1
no_self_strain	GCA_042663265.1	Halobium	Archaea	GCA_026586625.1	0.000000	same_species	1
novel_species	GCA_042663265.1	Halobium	Archaea	GCA_000337835.1	0.190183	inter_genus	0
as_reported	GCA_042663285.1	Halorubrum	Archaea	GCA_026586675.1	0.000000	same_species	1
no_self_strain	GCA_042663285.1	Halorubrum	Archaea	GCA_026586675.1	0.000000	same_species	1
novel_species	GCA_042663285.1	Halorubrum	Archaea	GCA_042665015.1	0.091041	congeneric	1
as_reported	GCA_042663305.1	Halovenus	Archaea	GCA_026586665.1	0.000000	same_species	1
no_self_strain	GCA_042663305.1	Halovenus	Archaea	GCA_026586665.1	0.000000	same_species	1
novel_species	GCA_042663305.1	Halovenus	Archaea	GCA_026410925.1	0.197292	congeneric	1
as_reported	GCA_042663345.1	Haloferax	Archaea	GCA_000337795.1	0.045890	congeneric	1
no_self_strain	GCA_042663345.1	Haloferax	Archaea	GCA_000337795.1	0.045890	congeneric	1
novel_species	GCA_042663345.1	Haloferax	Archaea	GCA_000337795.1	0.045890	congeneric	1
as_reported	GCA_042663365.1	Halobaculum	Archaea	GCA_030127165.1	0.000984	same_species	1
no_self_strain	GCA_042663365.1	Halobaculum	Archaea	GCA_030127165.1	0.000984	same_species	1
novel_species	GCA_042663365.1	Halobaculum	Archaea	GCA_030127125.1	0.097229	congeneric	1
as_reported	GCA_042663385.1	Salinibaculum	Archaea	GCA_037338445.1	0.000538	same_species	1
no_self_strain	GCA_042663385.1	Salinibaculum	Archaea	GCA_037338445.1	0.000538	same_species	1
novel_species	GCA_042663385.1	Salinibaculum	Archaea	GCA_037645885.1	0.188197	congeneric	1
as_reported	GCA_042663465.1	Halosegnis	Archaea	GCA_029338355.1	0.000000	same_species	1
no_self_strain	GCA_042663465.1	Halosegnis	Archaea	GCA_029338355.1	0.000000	same_species	1
novel_species	GCA_042663465.1	Halosegnis	Archaea	GCA_009663395.1	0.169931	congeneric	1
as_reported	GCA_042663565.1	Halosimplex	Archaea	GCA_028747785.1	0.000474	same_species	1
no_self_strain	GCA_042663565.1	Halosimplex	Archaea	GCA_028747785.1	0.000474	same_species	1
novel_species	GCA_042663565.1	Halosimplex	Archaea	GCA_047715405.1	0.086943	congeneric	1
as_reported	GCA_042663605.1	Haloplanus	Archaea	GCA_054654675.1	0.000096	same_species	1
no_self_strain	GCA_042663605.1	Haloplanus	Archaea	GCA_054654675.1	0.000096	same_species	1
novel_species	GCA_042663605.1	Haloplanus	Archaea	GCA_023703775.1	0.123066	congeneric	1
as_reported	GCA_042663705.1	Salinirubellus	Archaea	GCA_025231485.1	0.000000	same_species	1
no_self_strain	GCA_042663705.1	Salinirubellus	Archaea	GCA_025231485.1	0.000000	same_species	1
novel_species	GCA_042663705.1	Salinirubellus	Archaea	GCA_052060055.1	0.170592	inter_genus	0
as_reported	GCA_042663765.1	Halomarina	Archaea	GCA_029338575.1	0.000005	same_species	1
no_self_strain	GCA_042663765.1	Halomarina	Archaea	GCA_029338575.1	0.000005	same_species	1
novel_species	GCA_042663765.1	Halomarina	Archaea	GCA_024228315.1	0.087955	congeneric	1
as_reported	GCA_042664605.1	Salinirubellus	Archaea	GCA_042662185.1	0.000048	same_species	1
no_self_strain	GCA_042664605.1	Salinirubellus	Archaea	GCA_042662185.1	0.000048	same_species	1
novel_species	GCA_042664605.1	Salinirubellus	Archaea	GCA_042664645.1	0.201619	congeneric	1
as_reported	GCA_042664645.1	Salinirubellus	Archaea	GCA_025231485.1	0.000012	same_species	1
no_self_strain	GCA_042664645.1	Salinirubellus	Archaea	GCA_025231485.1	0.000012	same_species	1
novel_species	GCA_042664645.1	Salinirubellus	Archaea	GCA_052060055.1	0.170592	inter_genus	0
as_reported	GCA_042664745.1	Halomarina	Archaea	GCA_029338575.1	0.000007	same_species	1
no_self_strain	GCA_042664745.1	Halomarina	Archaea	GCA_029338575.1	0.000007	same_species	1
novel_species	GCA_042664745.1	Halomarina	Archaea	GCA_024228315.1	0.087955	congeneric	1
as_reported	GCA_042665015.1	Halorubrum	Archaea	GCA_007671725.1	0.083085	congeneric	1
no_self_strain	GCA_042665015.1	Halorubrum	Archaea	GCA_007671725.1	0.083085	congeneric	1
novel_species	GCA_042665015.1	Halorubrum	Archaea	GCA_007671725.1	0.083085	congeneric	1
as_reported	GCA_042677885.1	Halomarina	Archaea	GCA_023699475.1	0.000000	same_species	1
no_self_strain	GCA_042677885.1	Halomarina	Archaea	GCA_023699475.1	0.000000	same_species	1
novel_species	GCA_042677885.1	Halomarina	Archaea	GCA_009791395.1	0.120346	congeneric	1
as_reported	GCA_042677905.1	Halobellus	Archaea	GCA_024494595.1	0.001919	same_species	1
no_self_strain	GCA_042677905.1	Halobellus	Archaea	GCA_024494595.1	0.001919	same_species	1
novel_species	GCA_042677905.1	Halobellus	Archaea	GCA_004799685.1	0.089843	congeneric	1
as_reported	GCA_042677925.1	Haloarchaeobius	Archaea	GCA_024495425.1	0.000007	same_species	1
no_self_strain	GCA_042677925.1	Haloarchaeobius	Archaea	GCA_024495425.1	0.000007	same_species	1
novel_species	GCA_042677925.1	Haloarchaeobius	Archaea	GCA_024464185.1	0.079859	congeneric	1
as_reported	GCA_042677945.1	Haloplanus	Archaea	GCA_054654675.1	0.000131	same_species	1
no_self_strain	GCA_042677945.1	Haloplanus	Archaea	GCA_054654675.1	0.000131	same_species	1
novel_species	GCA_042677945.1	Haloplanus	Archaea	GCA_023703775.1	0.122833	congeneric	1
as_reported	GCA_042677985.1	Halohasta	Archaea	GCA_024494645.1	0.000105	same_species	1
no_self_strain	GCA_042677985.1	Halohasta	Archaea	GCA_024494645.1	0.000105	same_species	1
novel_species	GCA_042677985.1	Halohasta	Archaea	GCA_024178165.1	0.137590	congeneric	1
as_reported	GCA_042678025.1	Haloplanus	Archaea	GCA_024494725.1	0.000093	same_species	1
no_self_strain	GCA_042678025.1	Haloplanus	Archaea	GCA_024494725.1	0.000093	same_species	1
novel_species	GCA_042678025.1	Haloplanus	Archaea	GCA_048595615.1	0.106285	congeneric	1
as_reported	GCA_042678065.1	Halobellus	Archaea	GCA_024464595.1	0.000084	same_species	1
no_self_strain	GCA_042678065.1	Halobellus	Archaea	GCA_024464595.1	0.000084	same_species	1
novel_species	GCA_042678065.1	Halobellus	Archaea	GCA_004799685.1	0.097165	congeneric	1
as_reported	GCA_042678165.1	Halorientalis	Archaea	GCA_023566035.1	0.147505	congeneric	1
no_self_strain	GCA_042678165.1	Halorientalis	Archaea	GCA_023566035.1	0.147505	congeneric	1
novel_species	GCA_042678165.1	Halorientalis	Archaea	GCA_023566035.1	0.147505	congeneric	1
as_reported	GCA_042678245.1	Halolamina	Archaea	GCA_026616205.1	0.000127	same_species	1
no_self_strain	GCA_042678245.1	Halolamina	Archaea	GCA_026616205.1	0.000127	same_species	1
novel_species	GCA_042678245.1	Halolamina	Archaea	GCA_017874235.1	0.130979	congeneric	1
as_reported	GCA_042683225.1	Haloarchaeobius	Archaea	GCA_042651705.1	0.000067	same_species	1
no_self_strain	GCA_042683225.1	Haloarchaeobius	Archaea	GCA_042651705.1	0.000067	same_species	1
novel_species	GCA_042683225.1	Haloarchaeobius	Archaea	GCA_024464185.1	0.091653	congeneric	1
as_reported	GCA_045690335.1	Haloplanus	Archaea	GCA_042663605.1	0.000119	same_species	1
no_self_strain	GCA_045690335.1	Haloplanus	Archaea	GCA_042663605.1	0.000119	same_species	1
novel_species	GCA_045690335.1	Haloplanus	Archaea	GCA_023703775.1	0.122949	congeneric	1
as_reported	GCA_046195335.1	Methanospirillum	Archaea	GCA_003173355.1	0.000010	same_species	1
no_self_strain	GCA_046195335.1	Methanospirillum	Archaea	GCA_003173355.1	0.000010	same_species	1
novel_species	GCA_046195335.1	Methanospirillum	Archaea	GCA_046244385.1	0.291447	congeneric	1
as_reported	GCA_046197875.1	Methanobrevibacter	Archaea	GCA_000621965.1	0.239237	congeneric	1
no_self_strain	GCA_046197875.1	Methanobrevibacter	Archaea	GCA_000621965.1	0.239237	congeneric	1
novel_species	GCA_046197875.1	Methanobrevibacter	Archaea	GCA_000621965.1	0.239237	congeneric	1
as_reported	GCA_046244385.1	Methanospirillum	Archaea	GCA_003173335.1	0.000074	same_species	1
no_self_strain	GCA_046244385.1	Methanospirillum	Archaea	GCA_003173335.1	0.000074	same_species	1
novel_species	GCA_046244385.1	Methanospirillum	Archaea	GCA_018502485.1	0.215885	congeneric	1
as_reported	GCA_046635845.1	Tardisphaera	Archaea	GCA_050886295.1	0.147304	congeneric	1
no_self_strain	GCA_046635845.1	Tardisphaera	Archaea	GCA_050886295.1	0.147304	congeneric	1
novel_species	GCA_046635845.1	Tardisphaera	Archaea	GCA_050886295.1	0.147304	congeneric	1
as_reported	GCA_047495555.1	Methanobacterium	Archaea	GCA_050433505.1	0.187713	congeneric	1
no_self_strain	GCA_047495555.1	Methanobacterium	Archaea	GCA_050433505.1	0.187713	congeneric	1
novel_species	GCA_047495555.1	Methanobacterium	Archaea	GCA_050433505.1	0.187713	congeneric	1
as_reported	GCA_047715405.1	Halosimplex	Archaea	GCA_051414035.1	0.086298	congeneric	1
no_self_strain	GCA_047715405.1	Halosimplex	Archaea	GCA_051414035.1	0.086298	congeneric	1
novel_species	GCA_047715405.1	Halosimplex	Archaea	GCA_051414035.1	0.086298	congeneric	1
as_reported	GCA_047915675.1	Methanotorris	Archaea	GCA_000243455.2	0.000108	same_strain	1
no_self_strain	GCA_047915675.1	Methanotorris	Archaea	GCA_000214415.1	0.123536	congeneric	1
novel_species	GCA_047915675.1	Methanotorris	Archaea	GCA_000214415.1	0.123536	congeneric	1
as_reported	GCA_048595615.1	Haloplanus	Archaea	GCA_054780475.1	0.000074	same_species	1
no_self_strain	GCA_048595615.1	Haloplanus	Archaea	GCA_054780475.1	0.000074	same_species	1
novel_species	GCA_048595615.1	Haloplanus	Archaea	GCA_024494725.1	0.106206	congeneric	1
as_reported	GCA_049075655.1	Methanothermococcus	Archaea	GCA_000179575.2	0.139239	congeneric	1
no_self_strain	GCA_049075655.1	Methanothermococcus	Archaea	GCA_000179575.2	0.139239	congeneric	1
novel_species	GCA_049075655.1	Methanothermococcus	Archaea	GCA_000179575.2	0.139239	congeneric	1
as_reported	GCA_049554935.1	Methanocaldococcus	Archaea	GCA_055386235.1	0.000434	same_species	1
no_self_strain	GCA_049554935.1	Methanocaldococcus	Archaea	GCA_055386235.1	0.000434	same_species	1
novel_species	GCA_049554935.1	Methanocaldococcus	Archaea	GCA_000739065.1	0.220489	congeneric	1
as_reported	GCA_049958835.2	Halosubterraneus	Archaea	GCA_001462205.1	0.167688	inter_genus	0
no_self_strain	GCA_049958835.2	Halosubterraneus	Archaea	GCA_001462205.1	0.167688	inter_genus	0
novel_species	GCA_049958835.2	Halosubterraneus	Archaea	GCA_001462205.1	0.167688	inter_genus	0
as_reported	GCA_050433505.1	Methanobacterium	Archaea	GCA_047495555.1	0.187713	congeneric	1
no_self_strain	GCA_050433505.1	Methanobacterium	Archaea	GCA_047495555.1	0.187713	congeneric	1
novel_species	GCA_050433505.1	Methanobacterium	Archaea	GCA_047495555.1	0.187713	congeneric	1
as_reported	GCA_050496105.1	Pyrococcus	Archaea	GCA_055382135.1	0.000000	same_species	1
no_self_strain	GCA_050496105.1	Pyrococcus	Archaea	GCA_055382135.1	0.000000	same_species	1
novel_species	GCA_050496105.1	Pyrococcus	Archaea	GCA_008245085.1	0.003095	congeneric	1
as_reported	GCA_050886295.1	Tardisphaera	Archaea	GCA_046635845.1	0.147304	congeneric	1
no_self_strain	GCA_050886295.1	Tardisphaera	Archaea	GCA_046635845.1	0.147304	congeneric	1
novel_species	GCA_050886295.1	Tardisphaera	Archaea	GCA_046635845.1	0.147304	congeneric	1
as_reported	GCA_050954125.1	Halomicrococcus	Archaea	GCA_024227995.1	0.151504	congeneric	1
no_self_strain	GCA_050954125.1	Halomicrococcus	Archaea	GCA_024227995.1	0.151504	congeneric	1
novel_species	GCA_050954125.1	Halomicrococcus	Archaea	GCA_024227995.1	0.151504	congeneric	1
as_reported	GCA_051194195.1	Haladaptatus	Archaea	GCA_026248685.1	0.132399	congeneric	1
no_self_strain	GCA_051194195.1	Haladaptatus	Archaea	GCA_026248685.1	0.132399	congeneric	1
novel_species	GCA_051194195.1	Haladaptatus	Archaea	GCA_026248685.1	0.132399	congeneric	1
as_reported	GCA_051207395.1	Haloarchaeobius	Archaea	GCA_051208015.1	0.167688	congeneric	1
no_self_strain	GCA_051207395.1	Haloarchaeobius	Archaea	GCA_051208015.1	0.167688	congeneric	1
novel_species	GCA_051207395.1	Haloarchaeobius	Archaea	GCA_051208015.1	0.167688	congeneric	1
as_reported	GCA_051207415.1	Haloarchaeobius	Archaea	GCA_024464185.1	0.158887	congeneric	1
no_self_strain	GCA_051207415.1	Haloarchaeobius	Archaea	GCA_024464185.1	0.158887	congeneric	1
novel_species	GCA_051207415.1	Haloarchaeobius	Archaea	GCA_024464185.1	0.158887	congeneric	1
as_reported	GCA_051208015.1	Haloarchaeobius	Archaea	GCA_051801355.1	0.161822	congeneric	1
no_self_strain	GCA_051208015.1	Haloarchaeobius	Archaea	GCA_051801355.1	0.161822	congeneric	1
novel_species	GCA_051208015.1	Haloarchaeobius	Archaea	GCA_051801355.1	0.161822	congeneric	1
as_reported	GCA_051414035.1	Halosimplex	Archaea	GCA_047715405.1	0.086298	congeneric	1
no_self_strain	GCA_051414035.1	Halosimplex	Archaea	GCA_047715405.1	0.086298	congeneric	1
novel_species	GCA_051414035.1	Halosimplex	Archaea	GCA_047715405.1	0.086298	congeneric	1
as_reported	GCA_051414055.1	Halosimplex	Archaea	GCA_004698125.1	0.059258	congeneric	1
no_self_strain	GCA_051414055.1	Halosimplex	Archaea	GCA_004698125.1	0.059258	congeneric	1
novel_species	GCA_051414055.1	Halosimplex	Archaea	GCA_004698125.1	0.059258	congeneric	1
as_reported	GCA_051414075.1	Halosimplex	Archaea	GCA_004698125.1	0.069740	congeneric	1
no_self_strain	GCA_051414075.1	Halosimplex	Archaea	GCA_004698125.1	0.069740	congeneric	1
novel_species	GCA_051414075.1	Halosimplex	Archaea	GCA_004698125.1	0.069740	congeneric	1
as_reported	GCA_051414095.1	Halovenus	Archaea	GCA_004015825.1	0.000057	same_species	1
no_self_strain	GCA_051414095.1	Halovenus	Archaea	GCA_004015825.1	0.000057	same_species	1
novel_species	GCA_051414095.1	Halovenus	Archaea	GCA_031852275.1	0.171944	inter_genus	0
as_reported	GCA_051414115.1	Halovenus	Archaea	GCA_037338445.1	0.222464	inter_genus	0
no_self_strain	GCA_051414115.1	Halovenus	Archaea	GCA_037338445.1	0.222464	inter_genus	0
novel_species	GCA_051414115.1	Halovenus	Archaea	GCA_037338445.1	0.222464	inter_genus	0
as_reported	GCA_051414135.1	Halovenus	Archaea	GCA_037080055.1	0.177395	congeneric	1
no_self_strain	GCA_051414135.1	Halovenus	Archaea	GCA_037080055.1	0.177395	congeneric	1
novel_species	GCA_051414135.1	Halovenus	Archaea	GCA_037080055.1	0.177395	congeneric	1
as_reported	GCA_051801355.1	Haloarchaeobius	Archaea	GCA_055396915.1	0.114395	congeneric	1
no_self_strain	GCA_051801355.1	Haloarchaeobius	Archaea	GCA_055396915.1	0.114395	congeneric	1
novel_species	GCA_051801355.1	Haloarchaeobius	Archaea	GCA_055396915.1	0.114395	congeneric	1
as_reported	GCA_052043925.1	Halococcus	Archaea	GCA_000336695.1	0.002214	same_strain	1
no_self_strain	GCA_052043925.1	Halococcus	Archaea	GCA_024508235.1	0.062367	congeneric	1
novel_species	GCA_052043925.1	Halococcus	Archaea	GCA_024508235.1	0.062367	congeneric	1
as_reported	GCA_052055875.1	Methanosphaerula	Archaea	GCA_000021965.1	0.113446	congeneric	1
no_self_strain	GCA_052055875.1	Methanosphaerula	Archaea	GCA_000021965.1	0.113446	congeneric	1
novel_species	GCA_052055875.1	Methanosphaerula	Archaea	GCA_000021965.1	0.113446	congeneric	1
as_reported	GCA_052057775.1	Methanococcoides	Archaea	GCA_038432375.1	0.122485	congeneric	1
no_self_strain	GCA_052057775.1	Methanococcoides	Archaea	GCA_038432375.1	0.122485	congeneric	1
novel_species	GCA_052057775.1	Methanococcoides	Archaea	GCA_038432375.1	0.122485	congeneric	1
as_reported	GCA_052060055.1	Haloarchaeobius	Archaea	GCA_042677925.1	0.084004	congeneric	1
no_self_strain	GCA_052060055.1	Haloarchaeobius	Archaea	GCA_042677925.1	0.084004	congeneric	1
novel_species	GCA_052060055.1	Haloarchaeobius	Archaea	GCA_042677925.1	0.084004	congeneric	1
as_reported	GCA_052510705.1	Natrialba	Archaea	GCA_000337535.1	0.000088	same_species	1
no_self_strain	GCA_052510705.1	Natrialba	Archaea	GCA_000337535.1	0.000088	same_species	1
novel_species	GCA_052510705.1	Natrialba	Archaea	GCA_000337595.1	0.042481	congeneric	1
as_reported	GCA_054177585.1	Haladaptatus	Archaea	GCA_054177595.1	0.121010	congeneric	1
no_self_strain	GCA_054177585.1	Haladaptatus	Archaea	GCA_054177595.1	0.121010	congeneric	1
novel_species	GCA_054177585.1	Haladaptatus	Archaea	GCA_054177595.1	0.121010	congeneric	1
as_reported	GCA_054177595.1	Haladaptatus	Archaea	GCA_054177585.1	0.121010	congeneric	1
no_self_strain	GCA_054177595.1	Haladaptatus	Archaea	GCA_054177585.1	0.121010	congeneric	1
novel_species	GCA_054177595.1	Haladaptatus	Archaea	GCA_054177585.1	0.121010	congeneric	1
as_reported	GCA_054506835.1	Methanococcus	Archaea	GCA_017875815.1	0.100636	congeneric	1
no_self_strain	GCA_054506835.1	Methanococcus	Archaea	GCA_017875815.1	0.100636	congeneric	1
novel_species	GCA_054506835.1	Methanococcus	Archaea	GCA_017875815.1	0.100636	congeneric	1
as_reported	GCA_054652895.1	Halolamina	Archaea	GCA_026616205.1	0.000007	same_species	1
no_self_strain	GCA_054652895.1	Halolamina	Archaea	GCA_026616205.1	0.000007	same_species	1
novel_species	GCA_054652895.1	Halolamina	Archaea	GCA_017874235.1	0.130701	congeneric	1
as_reported	GCA_054653435.1	Halostagnicola	Archaea	GCA_055379965.1	0.095409	congeneric	1
no_self_strain	GCA_054653435.1	Halostagnicola	Archaea	GCA_055379965.1	0.095409	congeneric	1
novel_species	GCA_054653435.1	Halostagnicola	Archaea	GCA_055379965.1	0.095409	congeneric	1
as_reported	GCA_054653455.1	Halolamina	Archaea	GCA_001282785.1	0.071353	congeneric	1
no_self_strain	GCA_054653455.1	Halolamina	Archaea	GCA_001282785.1	0.071353	congeneric	1
novel_species	GCA_054653455.1	Halolamina	Archaea	GCA_001282785.1	0.071353	congeneric	1
as_reported	GCA_054653475.1	Halorubrum	Archaea	GCA_042662525.1	0.000163	same_species	1
no_self_strain	GCA_054653475.1	Halorubrum	Archaea	GCA_042662525.1	0.000163	same_species	1
novel_species	GCA_054653475.1	Halorubrum	Archaea	GCA_054776115.1	0.107250	congeneric	1
as_reported	GCA_054654575.1	Halorubrum	Archaea	GCA_007671725.1	0.158887	congeneric	1
no_self_strain	GCA_054654575.1	Halorubrum	Archaea	GCA_007671725.1	0.158887	congeneric	1
novel_species	GCA_054654575.1	Halorubrum	Archaea	GCA_007671725.1	0.158887	congeneric	1
as_reported	GCA_054654675.1	Haloplanus	Archaea	GCA_042663605.1	0.000096	same_species	1
no_self_strain	GCA_054654675.1	Haloplanus	Archaea	GCA_042663605.1	0.000096	same_species	1
novel_species	GCA_054654675.1	Haloplanus	Archaea	GCA_023703775.1	0.123066	congeneric	1
as_reported	GCA_054654835.1	Methanogenium	Archaea	GCA_026684035.1	0.176630	congeneric	1
no_self_strain	GCA_054654835.1	Methanogenium	Archaea	GCA_026684035.1	0.176630	congeneric	1
novel_species	GCA_054654835.1	Methanogenium	Archaea	GCA_026684035.1	0.176630	congeneric	1
as_reported	GCA_054657575.1	Stetteria	Archaea	GCA_000011125.1	0.258493	inter_genus	0
no_self_strain	GCA_054657575.1	Stetteria	Archaea	GCA_000011125.1	0.258493	inter_genus	0
novel_species	GCA_054657575.1	Stetteria	Archaea	GCA_000011125.1	0.258493	inter_genus	0
as_reported	GCA_054657655.1	Thermococcus	Archaea	GCA_900198835.1	0.046301	congeneric	1
no_self_strain	GCA_054657655.1	Thermococcus	Archaea	GCA_900198835.1	0.046301	congeneric	1
novel_species	GCA_054657655.1	Thermococcus	Archaea	GCA_900198835.1	0.046301	congeneric	1
as_reported	GCA_054657855.1	Thermococcus	Archaea	GCA_001418715.1	0.162655	congeneric	1
no_self_strain	GCA_054657855.1	Thermococcus	Archaea	GCA_001418715.1	0.162655	congeneric	1
novel_species	GCA_054657855.1	Thermococcus	Archaea	GCA_001418715.1	0.162655	congeneric	1
as_reported	GCA_054776115.1	Halorubrum	Archaea	GCA_055380345.1	0.000031	same_species	1
no_self_strain	GCA_054776115.1	Halorubrum	Archaea	GCA_055380345.1	0.000031	same_species	1
novel_species	GCA_054776115.1	Halorubrum	Archaea	GCA_054653475.1	0.107250	congeneric	1
as_reported	GCA_054780475.1	Haloplanus	Archaea	GCA_048595615.1	0.000074	same_species	1
no_self_strain	GCA_054780475.1	Haloplanus	Archaea	GCA_048595615.1	0.000074	same_species	1
novel_species	GCA_054780475.1	Haloplanus	Archaea	GCA_024494725.1	0.106444	congeneric	1
as_reported	GCA_055378175.1	Halovenus	Archaea	GCA_042663145.1	0.000000	same_species	1
no_self_strain	GCA_055378175.1	Halovenus	Archaea	GCA_042663145.1	0.000000	same_species	1
novel_species	GCA_055378175.1	Halovenus	Archaea	GCA_026410925.1	0.197292	congeneric	1
as_reported	GCA_055378595.1	Halorubellus	Archaea	GCA_037081675.1	0.000029	same_species	1
no_self_strain	GCA_055378595.1	Halorubellus	Archaea	GCA_037081675.1	0.000029	same_species	1
novel_species	GCA_055378595.1	Halorubellus	Archaea	GCA_020567525.1	0.074688	congeneric	1
as_reported	GCA_055379965.1	Halostagnicola	Archaea	GCA_054653435.1	0.095409	congeneric	1
no_self_strain	GCA_055379965.1	Halostagnicola	Archaea	GCA_054653435.1	0.095409	congeneric	1
novel_species	GCA_055379965.1	Halostagnicola	Archaea	GCA_054653435.1	0.095409	congeneric	1
as_reported	GCA_055380345.1	Halorubrum	Archaea	GCA_054776115.1	0.000031	same_species	1
no_self_strain	GCA_055380345.1	Halorubrum	Archaea	GCA_054776115.1	0.000031	same_species	1
novel_species	GCA_055380345.1	Halorubrum	Archaea	GCA_054653475.1	0.107250	congeneric	1
as_reported	GCA_055381185.1	Halorubrum	Archaea	GCA_026586675.1	0.001010	same_species	1
no_self_strain	GCA_055381185.1	Halorubrum	Archaea	GCA_026586675.1	0.001010	same_species	1
novel_species	GCA_055381185.1	Halorubrum	Archaea	GCA_007671725.1	0.090711	congeneric	1
as_reported	GCA_055381615.1	Natronoarchaeum	Archaea	GCA_039522665.1	0.000019	same_species	1
no_self_strain	GCA_055381615.1	Natronoarchaeum	Archaea	GCA_039522665.1	0.000019	same_species	1
novel_species	GCA_055381615.1	Natronoarchaeum	Archaea	GCA_900215575.1	0.130701	congeneric	1
as_reported	GCA_055382135.1	Pyrococcus	Archaea	GCA_050496105.1	0.000000	same_species	1
no_self_strain	GCA_055382135.1	Pyrococcus	Archaea	GCA_050496105.1	0.000000	same_species	1
novel_species	GCA_055382135.1	Pyrococcus	Archaea	GCA_008245085.1	0.003095	congeneric	1
as_reported	GCA_055382585.1	Methanocalculus	Archaea	GCA_024372745.1	0.128932	congeneric	1
no_self_strain	GCA_055382585.1	Methanocalculus	Archaea	GCA_024372745.1	0.128932	congeneric	1
novel_species	GCA_055382585.1	Methanocalculus	Archaea	GCA_024372745.1	0.128932	congeneric	1
as_reported	GCA_055382595.1	Thermodiscus	Archaea	GCA_000011125.1	0.263022	inter_genus	0
no_self_strain	GCA_055382595.1	Thermodiscus	Archaea	GCA_000011125.1	0.263022	inter_genus	0
novel_species	GCA_055382595.1	Thermodiscus	Archaea	GCA_000011125.1	0.263022	inter_genus	0
as_reported	GCA_055382885.1	Halobium	Archaea	GCA_026586625.1	0.000148	same_species	1
no_self_strain	GCA_055382885.1	Halobium	Archaea	GCA_026586625.1	0.000148	same_species	1
novel_species	GCA_055382885.1	Halobium	Archaea	GCA_000337835.1	0.190183	inter_genus	0
as_reported	GCA_055384425.1	Pyrobaculum	Archaea	GCA_000019805.1	0.130840	congeneric	1
no_self_strain	GCA_055384425.1	Pyrobaculum	Archaea	GCA_000019805.1	0.130840	congeneric	1
novel_species	GCA_055384425.1	Pyrobaculum	Archaea	GCA_000019805.1	0.130840	congeneric	1
as_reported	GCA_055384635.1	Haloarcula	Archaea	GCA_032905985.1	0.000017	same_species	1
no_self_strain	GCA_055384635.1	Haloarcula	Archaea	GCA_032905985.1	0.000017	same_species	1
novel_species	GCA_055384635.1	Haloarcula	Archaea	GCA_014647415.1	0.042702	congeneric	1
as_reported	GCA_055384795.1	Thermococcus	Archaea	GCA_032304395.1	0.000019	same_species	1
no_self_strain	GCA_055384795.1	Thermococcus	Archaea	GCA_032304395.1	0.000019	same_species	1
novel_species	GCA_055384795.1	Thermococcus	Archaea	GCA_000258515.1	0.038618	congeneric	1
as_reported	GCA_055386235.1	Methanocaldococcus	Archaea	GCA_049554935.1	0.000434	same_species	1
no_self_strain	GCA_055386235.1	Methanocaldococcus	Archaea	GCA_049554935.1	0.000434	same_species	1
novel_species	GCA_055386235.1	Methanocaldococcus	Archaea	GCA_000739065.1	0.220489	congeneric	1
as_reported	GCA_055386755.1	Thermococcus	Archaea	GCA_002214485.1	0.158887	congeneric	1
no_self_strain	GCA_055386755.1	Thermococcus	Archaea	GCA_002214485.1	0.158887	congeneric	1
novel_species	GCA_055386755.1	Thermococcus	Archaea	GCA_002214485.1	0.158887	congeneric	1
as_reported	GCA_055389685.1	Halorubrum	Archaea	GCA_000337435.1	0.100636	congeneric	1
no_self_strain	GCA_055389685.1	Halorubrum	Archaea	GCA_000337435.1	0.100636	congeneric	1
novel_species	GCA_055389685.1	Halorubrum	Archaea	GCA_000337435.1	0.100636	congeneric	1
as_reported	GCA_055392585.1	Thermococcus	Archaea	GCA_024707485.1	0.111340	congeneric	1
no_self_strain	GCA_055392585.1	Thermococcus	Archaea	GCA_024707485.1	0.111340	congeneric	1
novel_species	GCA_055392585.1	Thermococcus	Archaea	GCA_024707485.1	0.111340	congeneric	1
as_reported	GCA_055392855.1	Thermoproteus	Archaea	GCA_000019805.1	0.283502	inter_genus	0
no_self_strain	GCA_055392855.1	Thermoproteus	Archaea	GCA_000019805.1	0.283502	inter_genus	0
novel_species	GCA_055392855.1	Thermoproteus	Archaea	GCA_000019805.1	0.283502	inter_genus	0
as_reported	GCA_055393465.1	Thermogymnomonas	Archaea	GCA_014646795.1	0.000036	same_species	1
no_self_strain	GCA_055393465.1	Thermogymnomonas	Archaea	GCA_014646795.1	0.000036	same_species	1
novel_species	GCA_055393465.1	Thermogymnomonas	Archaea	GCA_000195915.1	0.291447	inter_genus	0
as_reported	GCA_055393685.1	Thermococcus	Archaea	GCA_024054535.1	0.080920	congeneric	1
no_self_strain	GCA_055393685.1	Thermococcus	Archaea	GCA_024054535.1	0.080920	congeneric	1
novel_species	GCA_055393685.1	Thermococcus	Archaea	GCA_024054535.1	0.080920	congeneric	1
as_reported	GCA_055396225.1	Halorubrum	Archaea	GCA_017873815.1	0.110543	congeneric	1
no_self_strain	GCA_055396225.1	Halorubrum	Archaea	GCA_017873815.1	0.110543	congeneric	1
novel_species	GCA_055396225.1	Halorubrum	Archaea	GCA_017873815.1	0.110543	congeneric	1
as_reported	GCA_055396915.1	Haloarchaeobius	Archaea	GCA_026616195.1	0.000129	same_species	1
no_self_strain	GCA_055396915.1	Haloarchaeobius	Archaea	GCA_026616195.1	0.000129	same_species	1
novel_species	GCA_055396915.1	Haloarchaeobius	Archaea	GCA_051801355.1	0.114395	congeneric	1
as_reported	GCA_055397165.1	Halopenitus	Archaea	GCA_042662125.1	0.000096	same_species	1
no_self_strain	GCA_055397165.1	Halopenitus	Archaea	GCA_042662125.1	0.000096	same_species	1
novel_species	GCA_055397165.1	Halopenitus	Archaea	GCA_049958835.2	0.171944	inter_genus	0
as_reported	GCA_055398215.1	Thermocladium	Archaea	GCA_014646535.1	0.000483	same_species	1
no_self_strain	GCA_055398215.1	Thermocladium	Archaea	GCA_014646535.1	0.000483	same_species	1
novel_species	GCA_055398215.1	Thermocladium	Archaea	GCA_014646555.1	0.320287	inter_genus	0
as_reported	GCA_055398255.1	Sulfophobococcus	Archaea	GCA_000020905.1	0.295981	inter_genus	0
no_self_strain	GCA_055398255.1	Sulfophobococcus	Archaea	GCA_000020905.1	0.295981	inter_genus	0
novel_species	GCA_055398255.1	Sulfophobococcus	Archaea	GCA_000020905.1	0.295981	inter_genus	0
as_reported	GCA_900079115.1	Saccharolobus	Archaea	GCA_000022485.1	0.088679	congeneric	1
no_self_strain	GCA_900079115.1	Saccharolobus	Archaea	GCA_000022485.1	0.088679	congeneric	1
novel_species	GCA_900079115.1	Saccharolobus	Archaea	GCA_000022485.1	0.088679	congeneric	1
as_reported	GCA_900100385.1	Halovenus	Archaea	GCA_026410925.1	0.145534	congeneric	1
no_self_strain	GCA_900100385.1	Halovenus	Archaea	GCA_026410925.1	0.145534	congeneric	1
novel_species	GCA_900100385.1	Halovenus	Archaea	GCA_026410925.1	0.145534	congeneric	1
as_reported	GCA_900101055.1	Methanoculleus	Archaea	GCA_001571405.1	0.000156	same_species	1
no_self_strain	GCA_900101055.1	Methanoculleus	Archaea	GCA_001571405.1	0.000156	same_species	1
novel_species	GCA_900101055.1	Methanoculleus	Archaea	GCA_032944295.1	0.151066	congeneric	1
as_reported	GCA_900102375.1	Halorubrum	Archaea	GCA_000337395.1	0.078622	congeneric	1
no_self_strain	GCA_900102375.1	Halorubrum	Archaea	GCA_000337395.1	0.078622	congeneric	1
novel_species	GCA_900102375.1	Halorubrum	Archaea	GCA_000337395.1	0.078622	congeneric	1
as_reported	GCA_900103415.1	Methanobrevibacter	Archaea	GCA_003814835.1	0.228939	congeneric	1
no_self_strain	GCA_900103415.1	Methanobrevibacter	Archaea	GCA_003814835.1	0.228939	congeneric	1
novel_species	GCA_900103415.1	Methanobrevibacter	Archaea	GCA_003814835.1	0.228939	congeneric	1
as_reported	GCA_900106715.1	Haloarcula	Archaea	GCA_000337775.1	0.000264	same_species	1
no_self_strain	GCA_900106715.1	Haloarcula	Archaea	GCA_000337775.1	0.000264	same_species	1
novel_species	GCA_900106715.1	Haloarcula	Archaea	GCA_001280425.1	0.091541	congeneric	1
as_reported	GCA_900107665.1	Haloplanus	Archaea	GCA_003688715.1	0.149990	congeneric	1
no_self_strain	GCA_900107665.1	Haloplanus	Archaea	GCA_003688715.1	0.149990	congeneric	1
novel_species	GCA_900107665.1	Haloplanus	Archaea	GCA_003688715.1	0.149990	congeneric	1
as_reported	GCA_900108165.1	Halobellus	Archaea	GCA_004799685.1	0.000060	same_species	1
no_self_strain	GCA_900108165.1	Halobellus	Archaea	GCA_004799685.1	0.000060	same_species	1
novel_species	GCA_900108165.1	Halobellus	Archaea	GCA_024494595.1	0.089046	congeneric	1
as_reported	GCA_900109065.1	Halohasta	Archaea	GCA_002788215.1	0.000136	same_species	1
no_self_strain	GCA_900109065.1	Halohasta	Archaea	GCA_002788215.1	0.000136	same_species	1
novel_species	GCA_900109065.1	Halohasta	Archaea	GCA_042677985.1	0.150633	congeneric	1
as_reported	GCA_900109425.1	Thermococcus	Archaea	GCA_002214545.1	0.000052	same_species	1
no_self_strain	GCA_900109425.1	Thermococcus	Archaea	GCA_002214545.1	0.000052	same_species	1
novel_species	GCA_900109425.1	Thermococcus	Archaea	GCA_024707485.1	0.065567	congeneric	1
as_reported	GCA_900110215.1	Halorientalis	Archaea	GCA_023698535.1	0.093255	congeneric	1
no_self_strain	GCA_900110215.1	Halorientalis	Archaea	GCA_023698535.1	0.093255	congeneric	1
novel_species	GCA_900110215.1	Halorientalis	Archaea	GCA_023698535.1	0.093255	congeneric	1
as_reported	GCA_900110465.1	Halogranum	Archaea	GCA_031624635.1	0.199716	inter_genus	0
no_self_strain	GCA_900110465.1	Halogranum	Archaea	GCA_031624635.1	0.199716	inter_genus	0
novel_species	GCA_900110465.1	Halogranum	Archaea	GCA_031624635.1	0.199716	inter_genus	0
as_reported	GCA_900111645.1	Methanococcoides	Archaea	GCA_900773955.1	0.000067	same_species	1
no_self_strain	GCA_900111645.1	Methanococcoides	Archaea	GCA_900773955.1	0.000067	same_species	1
novel_species	GCA_900111645.1	Methanococcoides	Archaea	GCA_021184045.1	0.096593	congeneric	1
as_reported	GCA_900111935.1	Halorubrum	Archaea	GCA_018228765.1	0.081439	congeneric	1
no_self_strain	GCA_900111935.1	Halorubrum	Archaea	GCA_018228765.1	0.081439	congeneric	1
novel_species	GCA_900111935.1	Halorubrum	Archaea	GCA_018228765.1	0.081439	congeneric	1
as_reported	GCA_900112175.1	Halogeometricum	Archaea	GCA_900115785.1	0.134920	congeneric	1
no_self_strain	GCA_900112175.1	Halogeometricum	Archaea	GCA_900115785.1	0.134920	congeneric	1
novel_species	GCA_900112175.1	Halogeometricum	Archaea	GCA_900115785.1	0.134920	congeneric	1
as_reported	GCA_900113615.1	Halorubrum	Archaea	GCA_039522545.1	0.000941	same_species	1
no_self_strain	GCA_900113615.1	Halorubrum	Archaea	GCA_039522545.1	0.000941	same_species	1
novel_species	GCA_900113615.1	Halorubrum	Archaea	GCA_900182635.1	0.073072	congeneric	1
as_reported	GCA_900114025.1	Natronobacterium	Archaea	GCA_000230715.3	0.000084	same_species	1
no_self_strain	GCA_900114025.1	Natronobacterium	Archaea	GCA_000230715.3	0.000084	same_species	1
novel_species	GCA_900114025.1	Natronobacterium	Archaea	GCA_000336655.1	0.164662	congeneric	1
as_reported	GCA_900114585.1	Methanobrevibacter	Archaea	GCA_000024185.1	0.196126	congeneric	1
no_self_strain	GCA_900114585.1	Methanobrevibacter	Archaea	GCA_000024185.1	0.196126	congeneric	1
novel_species	GCA_900114585.1	Methanobrevibacter	Archaea	GCA_000024185.1	0.196126	congeneric	1
as_reported	GCA_900115675.1	Halolamina	Archaea	GCA_054653455.1	0.114299	congeneric	1
no_self_strain	GCA_900115675.1	Halolamina	Archaea	GCA_054653455.1	0.114299	congeneric	1
novel_species	GCA_900115675.1	Halolamina	Archaea	GCA_054653455.1	0.114299	congeneric	1
as_reported	GCA_900115785.1	Halogeometricum	Archaea	GCA_900112175.1	0.134920	congeneric	1
no_self_strain	GCA_900115785.1	Halogeometricum	Archaea	GCA_900112175.1	0.134920	congeneric	1
novel_species	GCA_900115785.1	Halogeometricum	Archaea	GCA_900112175.1	0.134920	congeneric	1
as_reported	GCA_900116205.1	Halostagnicola	Archaea	GCA_054653435.1	0.162376	congeneric	1
no_self_strain	GCA_900116205.1	Halostagnicola	Archaea	GCA_054653435.1	0.162376	congeneric	1
novel_species	GCA_900116205.1	Halostagnicola	Archaea	GCA_054653435.1	0.162376	congeneric	1
as_reported	GCA_900129775.1	Halobaculum	Archaea	GCA_019880225.1	0.114108	congeneric	1
no_self_strain	GCA_900129775.1	Halobaculum	Archaea	GCA_019880225.1	0.114108	congeneric	1
novel_species	GCA_900129775.1	Halobaculum	Archaea	GCA_019880225.1	0.114108	congeneric	1
as_reported	GCA_900142335.1	Haladaptatus	Archaea	GCA_000187225.2	0.000033	same_strain	1
no_self_strain	GCA_900142335.1	Haladaptatus	Archaea	GCA_900156425.1	0.175137	congeneric	1
novel_species	GCA_900142335.1	Haladaptatus	Archaea	GCA_900156425.1	0.175137	congeneric	1
as_reported	GCA_900156425.1	Haladaptatus	Archaea	GCA_000710615.1	0.079901	congeneric	1
no_self_strain	GCA_900156425.1	Haladaptatus	Archaea	GCA_000710615.1	0.079901	congeneric	1
novel_species	GCA_900156425.1	Haladaptatus	Archaea	GCA_000710615.1	0.079901	congeneric	1
as_reported	GCA_900176435.1	Picrophilus	Archaea	GCA_000008265.1	0.010263	same_strain	1
no_self_strain	GCA_900176435.1	Picrophilus	Archaea	GCA_001402945.1	0.279978	inter_genus	0
novel_species	GCA_900176435.1	Picrophilus	Archaea	GCA_001402945.1	0.279978	inter_genus	0
as_reported	GCA_900177455.1	Methanohalophilus	Archaea	GCA_002761295.1	0.000029	same_species	1
no_self_strain	GCA_900177455.1	Methanohalophilus	Archaea	GCA_002761295.1	0.000029	same_species	1
novel_species	GCA_900177455.1	Methanohalophilus	Archaea	GCA_017874375.1	0.287309	congeneric	1
as_reported	GCA_900182635.1	Halorubrum	Archaea	GCA_900113615.1	0.073072	congeneric	1
no_self_strain	GCA_900182635.1	Halorubrum	Archaea	GCA_900113615.1	0.073072	congeneric	1
novel_species	GCA_900182635.1	Halorubrum	Archaea	GCA_900113615.1	0.073072	congeneric	1
as_reported	GCA_900182765.1	Halobellus	Archaea	GCA_014646875.1	0.000069	same_species	1
no_self_strain	GCA_900182765.1	Halobellus	Archaea	GCA_014646875.1	0.000069	same_species	1
novel_species	GCA_900182765.1	Halobellus	Archaea	GCA_024464595.1	0.184014	congeneric	1
as_reported	GCA_900188075.1	Halorubrum	Archaea	GCA_002379115.1	0.000388	same_species	1
no_self_strain	GCA_900188075.1	Halorubrum	Archaea	GCA_002379115.1	0.000388	same_species	1
novel_species	GCA_900188075.1	Halorubrum	Archaea	GCA_000337335.1	0.089151	congeneric	1
as_reported	GCA_900198835.1	Thermococcus	Archaea	GCA_054657655.1	0.046301	congeneric	1
no_self_strain	GCA_900198835.1	Thermococcus	Archaea	GCA_054657655.1	0.046301	congeneric	1
novel_species	GCA_900198835.1	Thermococcus	Archaea	GCA_054657655.1	0.046301	congeneric	1
as_reported	GCA_900215575.1	Natronoarchaeum	Archaea	GCA_055381615.1	0.130701	congeneric	1
no_self_strain	GCA_900215575.1	Natronoarchaeum	Archaea	GCA_055381615.1	0.130701	congeneric	1
novel_species	GCA_900215575.1	Natronoarchaeum	Archaea	GCA_055381615.1	0.130701	congeneric	1
as_reported	GCA_900773915.1	Methanococcoides	Archaea	GCA_000765475.1	0.000072	same_species	1
no_self_strain	GCA_900773915.1	Methanococcoides	Archaea	GCA_000765475.1	0.000072	same_species	1
novel_species	GCA_900773915.1	Methanococcoides	Archaea	GCA_021184045.1	0.044311	congeneric	1
as_reported	GCA_900773955.1	Methanococcoides	Archaea	GCA_900111645.1	0.000067	same_species	1
no_self_strain	GCA_900773955.1	Methanococcoides	Archaea	GCA_900111645.1	0.000067	same_species	1
novel_species	GCA_900773955.1	Methanococcoides	Archaea	GCA_021184045.1	0.096278	congeneric	1
as_reported	GCA_900880625.1	Halorhabdus	Archaea	GCA_004944975.1	0.143830	congeneric	1
no_self_strain	GCA_900880625.1	Halorhabdus	Archaea	GCA_004944975.1	0.143830	congeneric	1
novel_species	GCA_900880625.1	Halorhabdus	Archaea	GCA_004944975.1	0.143830	congeneric	1
as_reported	GCA_902827225.1	Methanocaldococcus	Archaea	GCA_000739065.1	0.166759	congeneric	1
no_self_strain	GCA_902827225.1	Methanocaldococcus	Archaea	GCA_000739065.1	0.166759	congeneric	1
novel_species	GCA_902827225.1	Methanocaldococcus	Archaea	GCA_000739065.1	0.166759	congeneric	1
as_reported	GCA_904067545.1	Thermococcus	Archaea	GCA_008152015.1	0.084612	congeneric	1
no_self_strain	GCA_904067545.1	Thermococcus	Archaea	GCA_008152015.1	0.084612	congeneric	1
novel_species	GCA_904067545.1	Thermococcus	Archaea	GCA_008152015.1	0.084612	congeneric	1
as_reported	GCA_965136395.1	Halobacterium	Archaea	GCA_004799605.1	0.000228	same_species	1
no_self_strain	GCA_965136395.1	Halobacterium	Archaea	GCA_004799605.1	0.000228	same_species	1
