scenario	accession	genus	domain	neighbour	dist	class	same_genus
as_reported	GCA_000022205.1	Halorubrum	Archaea	GCA_000337375.1	0.118496	congeneric	1
no_self_strain	GCA_000022205.1	Halorubrum	Archaea	GCA_000337375.1	0.118496	congeneric	1
novel_species	GCA_000022205.1	Halorubrum	Archaea	GCA_000337375.1	0.118496	congeneric	1
as_reported	GCA_000011085.1	Haloarcula	Archaea	GCA_005310945.1	0.001303	same_strain	1
no_self_strain	GCA_000011085.1	Haloarcula	Archaea	GCA_003634715.1	0.026430	congeneric	1
novel_species	GCA_000011085.1	Haloarcula	Archaea	GCA_003634715.1	0.026430	congeneric	1
as_reported	GCA_000023945.1	Halorhabdus	Archaea	GCA_000470655.1	0.146760	congeneric	1
no_self_strain	GCA_000023945.1	Halorhabdus	Archaea	GCA_000470655.1	0.146760	congeneric	1
novel_species	GCA_000023945.1	Halorhabdus	Archaea	GCA_000470655.1	0.146760	congeneric	1
as_reported	GCA_000023965.1	Halomicrobium	Archaea	GCA_000379085.1	0.040505	congeneric	1
no_self_strain	GCA_000023965.1	Halomicrobium	Archaea	GCA_000379085.1	0.040505	congeneric	1
novel_species	GCA_000023965.1	Halomicrobium	Archaea	GCA_000379085.1	0.040505	congeneric	1
as_reported	GCA_000025285.1	Archaeoglobus	Archaea	GCA_000025505.1	0.333218	inter_genus	0
no_self_strain	GCA_000025285.1	Archaeoglobus	Archaea	GCA_000025505.1	0.333218	inter_genus	0
novel_species	GCA_000025285.1	Archaeoglobus	Archaea	GCA_000025505.1	0.333218	inter_genus	0
as_reported	GCA_000008665.1	Archaeoglobus	Archaea	GCA_016757965.1	0.192793	congeneric	1
no_self_strain	GCA_000008665.1	Archaeoglobus	Archaea	GCA_016757965.1	0.192793	congeneric	1
novel_species	GCA_000008665.1	Archaeoglobus	Archaea	GCA_016757965.1	0.192793	congeneric	1
as_reported	GCA_000025325.1	Haloterrigena	Archaea	GCA_000337495.1	0.084945	congeneric	1
no_self_strain	GCA_000025325.1	Haloterrigena	Archaea	GCA_000337495.1	0.084945	congeneric	1
novel_species	GCA_000025325.1	Haloterrigena	Archaea	GCA_000337495.1	0.084945	congeneric	1
as_reported	GCA_000025505.1	Ferroglobus	Archaea	GCA_001006045.1	0.298410	inter_genus	0
no_self_strain	GCA_000025505.1	Ferroglobus	Archaea	GCA_001006045.1	0.298410	inter_genus	0
novel_species	GCA_000025505.1	Ferroglobus	Archaea	GCA_001006045.1	0.298410	inter_genus	0
as_reported	GCA_000025685.1	Haloferax	Archaea	GCA_000337315.1	0.002643	same_strain	1
no_self_strain	GCA_000025685.1	Haloferax	Archaea	GCA_000336795.1	0.032222	same_species	1
novel_species	GCA_000025685.1	Haloferax	Archaea	GCA_000337795.1	0.069235	congeneric	1
as_reported	GCA_000144915.1	Acidilobus	Archaea	GCA_055392325.1	0.012262	congeneric	1
no_self_strain	GCA_000144915.1	Acidilobus	Archaea	GCA_055392325.1	0.012262	congeneric	1
novel_species	GCA_000144915.1	Acidilobus	Archaea	GCA_055392325.1	0.012262	congeneric	1
as_reported	GCA_000011125.1	Aeropyrum	Archaea	GCA_000591035.1	0.112306	congeneric	1
no_self_strain	GCA_000011125.1	Aeropyrum	Archaea	GCA_000591035.1	0.112306	congeneric	1
novel_species	GCA_000011125.1	Aeropyrum	Archaea	GCA_000591035.1	0.112306	congeneric	1
as_reported	GCA_000172995.2	Halogeometricum	Archaea	GCA_000337855.1	0.000647	same_strain	1
no_self_strain	GCA_000172995.2	Halogeometricum	Archaea	GCA_900112175.1	0.164990	congeneric	1
novel_species	GCA_000172995.2	Halogeometricum	Archaea	GCA_900112175.1	0.164990	congeneric	1
as_reported	GCA_000186365.1	Desulfurococcus	Archaea	GCA_001006085.1	0.016234	same_species	1
no_self_strain	GCA_000186365.1	Desulfurococcus	Archaea	GCA_001006085.1	0.016234	same_species	1
novel_species	GCA_000186365.1	Desulfurococcus	Archaea	GCA_000513855.1	0.216918	congeneric	1
as_reported	GCA_000020905.1	Desulfurococcus	Archaea	GCA_000513855.1	0.016529	same_species	1
no_self_strain	GCA_000020905.1	Desulfurococcus	Archaea	GCA_000513855.1	0.016529	same_species	1
novel_species	GCA_000020905.1	Desulfurococcus	Archaea	GCA_001006085.1	0.222209	congeneric	1
as_reported	GCA_000187225.2	Haladaptatus	Archaea	GCA_900142335.1	0.000287	same_strain	1
no_self_strain	GCA_000187225.2	Haladaptatus	Archaea	GCA_900156425.1	0.190318	congeneric	1
novel_species	GCA_000187225.2	Haladaptatus	Archaea	GCA_900156425.1	0.190318	congeneric	1
as_reported	GCA_000194625.1	Archaeoglobus	Archaea	GCA_000385565.1	0.347277	congeneric	1
no_self_strain	GCA_000194625.1	Archaeoglobus	Archaea	GCA_000385565.1	0.347277	congeneric	1
novel_species	GCA_000194625.1	Archaeoglobus	Archaea	GCA_000385565.1	0.347277	congeneric	1
as_reported	GCA_000196895.1	Halalkalicoccus	Archaea	GCA_000485535.1	0.000431	same_strain	1
no_self_strain	GCA_000196895.1	Halalkalicoccus	Archaea	GCA_001593955.1	0.146760	congeneric	1
novel_species	GCA_000196895.1	Halalkalicoccus	Archaea	GCA_001593955.1	0.146760	congeneric	1
as_reported	GCA_000215915.3	Halorhabdus	Archaea	GCA_000470655.1	0.007557	same_strain	1
no_self_strain	GCA_000215915.3	Halorhabdus	Archaea	GCA_000023945.1	0.151724	congeneric	1
novel_species	GCA_000215915.3	Halorhabdus	Archaea	GCA_000023945.1	0.151724	congeneric	1
as_reported	GCA_000217715.1	Halopiger	Archaea	GCA_003610195.1	0.084135	congeneric	1
no_self_strain	GCA_000217715.1	Halopiger	Archaea	GCA_003610195.1	0.084135	congeneric	1
novel_species	GCA_000217715.1	Halopiger	Archaea	GCA_003610195.1	0.084135	congeneric	1
as_reported	GCA_000223905.1	Haloarcula	Archaea	GCA_039545215.1	0.000215	same_species	1
no_self_strain	GCA_000223905.1	Haloarcula	Archaea	GCA_039545215.1	0.000215	same_species	1
novel_species	GCA_000223905.1	Haloarcula	Archaea	GCA_000336615.1	0.042755	congeneric	1
as_reported	GCA_000231015.3	Desulfurococcus	Archaea	GCA_000020905.1	0.043988	same_species	1
no_self_strain	GCA_000231015.3	Desulfurococcus	Archaea	GCA_000020905.1	0.043988	same_species	1
novel_species	GCA_000231015.3	Desulfurococcus	Archaea	GCA_000186365.1	0.221131	congeneric	1
as_reported	GCA_000237865.1	Haloquadratum	Archaea	GCA_014212355.1	0.281349	inter_genus	0
no_self_strain	GCA_000237865.1	Haloquadratum	Archaea	GCA_014212355.1	0.281349	inter_genus	0
novel_species	GCA_000237865.1	Haloquadratum	Archaea	GCA_014212355.1	0.281349	inter_genus	0
as_reported	GCA_000259215.1	Halococcus	Archaea	GCA_000336675.1	0.005198	same_strain	1
no_self_strain	GCA_000259215.1	Halococcus	Archaea	GCA_009900715.1	0.082538	congeneric	1
novel_species	GCA_000259215.1	Halococcus	Archaea	GCA_009900715.1	0.082538	congeneric	1
as_reported	GCA_000283335.1	Halogranum	Archaea	GCA_900114455.1	0.034863	same_species	1
no_self_strain	GCA_000283335.1	Halogranum	Archaea	GCA_900114455.1	0.034863	same_species	1
novel_species	GCA_000283335.1	Halogranum	Archaea	GCA_900110465.1	0.152291	congeneric	1
as_reported	GCA_000306765.2	Haloferax	Archaea	GCA_005406325.1	0.000143	same_strain	1
no_self_strain	GCA_000306765.2	Haloferax	Archaea	GCA_000337815.1	0.122589	congeneric	1
novel_species	GCA_000306765.2	Haloferax	Archaea	GCA_000337815.1	0.122589	congeneric	1
as_reported	GCA_000317795.1	Caldisphaera	Archaea	GCA_000144915.1	0.380922	inter_genus	0
no_self_strain	GCA_000317795.1	Caldisphaera	Archaea	GCA_000144915.1	0.380922	inter_genus	0
novel_species	GCA_000317795.1	Caldisphaera	Archaea	GCA_000144915.1	0.380922	inter_genus	0
as_reported	GCA_000336615.1	Haloarcula	Archaea	GCA_000223905.1	0.042755	congeneric	1
no_self_strain	GCA_000336615.1	Haloarcula	Archaea	GCA_000223905.1	0.042755	congeneric	1
novel_species	GCA_000336615.1	Haloarcula	Archaea	GCA_000223905.1	0.042755	congeneric	1
as_reported	GCA_000336635.1	Haloarcula	Archaea	GCA_039545195.1	0.001230	same_species	1
no_self_strain	GCA_000336635.1	Haloarcula	Archaea	GCA_039545195.1	0.001230	same_species	1
novel_species	GCA_000336635.1	Haloarcula	Archaea	GCA_042429525.1	0.065550	congeneric	1
as_reported	GCA_000336675.1	Halococcus	Archaea	GCA_000259215.1	0.005198	same_strain	1
no_self_strain	GCA_000336675.1	Halococcus	Archaea	GCA_009900715.1	0.080457	congeneric	1
novel_species	GCA_000336675.1	Halococcus	Archaea	GCA_009900715.1	0.080457	congeneric	1
as_reported	GCA_000336695.1	Halococcus	Archaea	GCA_052043925.1	0.007975	same_strain	1
no_self_strain	GCA_000336695.1	Halococcus	Archaea	GCA_022870485.1	0.053315	congeneric	1
novel_species	GCA_000336695.1	Halococcus	Archaea	GCA_022870485.1	0.053315	congeneric	1
as_reported	GCA_000336715.1	Halococcus	Archaea	GCA_024508235.1	0.068792	congeneric	1
no_self_strain	GCA_000336715.1	Halococcus	Archaea	GCA_024508235.1	0.068792	congeneric	1
novel_species	GCA_000336715.1	Halococcus	Archaea	GCA_024508235.1	0.068792	congeneric	1
as_reported	GCA_000336735.1	Haloferax	Archaea	GCA_030535215.1	0.001303	same_species	1
no_self_strain	GCA_000336735.1	Haloferax	Archaea	GCA_030535215.1	0.001303	same_species	1
novel_species	GCA_000336735.1	Haloferax	Archaea	GCA_000337795.1	0.059076	congeneric	1
as_reported	GCA_000336755.1	Haloferax	Archaea	GCA_000337295.1	0.167597	congeneric	1
no_self_strain	GCA_000336755.1	Haloferax	Archaea	GCA_000337295.1	0.167597	congeneric	1
novel_species	GCA_000336755.1	Haloferax	Archaea	GCA_000337295.1	0.167597	congeneric	1
as_reported	GCA_000336775.1	Haloferax	Archaea	GCA_000336815.1	0.040653	congeneric	1
no_self_strain	GCA_000336775.1	Haloferax	Archaea	GCA_000336815.1	0.040653	congeneric	1
novel_species	GCA_000336775.1	Haloferax	Archaea	GCA_000336815.1	0.040653	congeneric	1
as_reported	GCA_000336795.1	Haloferax	Archaea	GCA_030535215.1	0.012904	same_species	1
no_self_strain	GCA_000336795.1	Haloferax	Archaea	GCA_030535215.1	0.012904	same_species	1
novel_species	GCA_000336795.1	Haloferax	Archaea	GCA_000337795.1	0.059659	congeneric	1
as_reported	GCA_000336815.1	Haloferax	Archaea	GCA_000336775.1	0.040653	congeneric	1
no_self_strain	GCA_000336815.1	Haloferax	Archaea	GCA_000336775.1	0.040653	congeneric	1
novel_species	GCA_000336815.1	Haloferax	Archaea	GCA_000336775.1	0.040653	congeneric	1
as_reported	GCA_000336875.1	Halorubrum	Archaea	GCA_000337395.1	0.100099	congeneric	1
no_self_strain	GCA_000336875.1	Halorubrum	Archaea	GCA_000337395.1	0.100099	congeneric	1
novel_species	GCA_000336875.1	Halorubrum	Archaea	GCA_000337395.1	0.100099	congeneric	1
as_reported	GCA_000336895.1	Haloarcula	Archaea	GCA_032905985.1	0.004410	same_species	1
no_self_strain	GCA_000336895.1	Haloarcula	Archaea	GCA_032905985.1	0.004410	same_species	1
novel_species	GCA_000336895.1	Haloarcula	Archaea	GCA_042429525.1	0.041846	congeneric	1
as_reported	GCA_000336915.1	Halococcus	Archaea	GCA_052043865.1	0.105125	congeneric	1
no_self_strain	GCA_000336915.1	Halococcus	Archaea	GCA_052043865.1	0.105125	congeneric	1
novel_species	GCA_000336915.1	Halococcus	Archaea	GCA_052043865.1	0.105125	congeneric	1
as_reported	GCA_000336935.1	Halococcus	Archaea	GCA_052043865.1	0.002043	same_species	1
no_self_strain	GCA_000336935.1	Halococcus	Archaea	GCA_052043865.1	0.002043	same_species	1
novel_species	GCA_000336935.1	Halococcus	Archaea	GCA_000336915.1	0.107219	congeneric	1
as_reported	GCA_000336995.1	Halorubrum	Archaea	GCA_000022205.1	0.145690	congeneric	1
no_self_strain	GCA_000336995.1	Halorubrum	Archaea	GCA_000022205.1	0.145690	congeneric	1
novel_species	GCA_000336995.1	Halorubrum	Archaea	GCA_000022205.1	0.145690	congeneric	1
as_reported	GCA_000337015.1	Halorubrum	Archaea	GCA_000337435.1	0.033660	same_species	1
no_self_strain	GCA_000337015.1	Halorubrum	Archaea	GCA_000337435.1	0.033660	same_species	1
novel_species	GCA_000337015.1	Halorubrum	Archaea	GCA_018228765.1	0.076208	congeneric	1
as_reported	GCA_000337035.1	Halorubrum	Archaea	GCA_041379815.1	0.101411	congeneric	1
no_self_strain	GCA_000337035.1	Halorubrum	Archaea	GCA_041379815.1	0.101411	congeneric	1
novel_species	GCA_000337035.1	Halorubrum	Archaea	GCA_041379815.1	0.101411	congeneric	1
as_reported	GCA_000337055.1	Halorubrum	Archaea	GCA_000337335.1	0.001084	same_species	1
no_self_strain	GCA_000337055.1	Halorubrum	Archaea	GCA_000337335.1	0.001084	same_species	1
novel_species	GCA_000337055.1	Halorubrum	Archaea	GCA_018228765.1	0.076697	congeneric	1
as_reported	GCA_000337095.1	Halogeometricum	Archaea	GCA_031624495.1	0.095351	congeneric	1
no_self_strain	GCA_000337095.1	Halogeometricum	Archaea	GCA_031624495.1	0.095351	congeneric	1
novel_species	GCA_000337095.1	Halogeometricum	Archaea	GCA_031624495.1	0.095351	congeneric	1
as_reported	GCA_000337255.1	Halalkalicoccus	Archaea	GCA_000485535.1	0.001820	same_strain	1
no_self_strain	GCA_000337255.1	Halalkalicoccus	Archaea	GCA_001593955.1	0.150042	congeneric	1
novel_species	GCA_000337255.1	Halalkalicoccus	Archaea	GCA_001593955.1	0.150042	congeneric	1
as_reported	GCA_000337275.1	Haloarcula	Archaea	GCA_018200015.1	0.000792	same_strain	1
no_self_strain	GCA_000337275.1	Haloarcula	Archaea	GCA_000011085.1	0.030438	same_species	1
novel_species	GCA_000337275.1	Haloarcula	Archaea	GCA_003634715.1	0.031451	congeneric	1
as_reported	GCA_000337295.1	Haloferax	Archaea	GCA_005406325.1	0.000287	same_strain	1
no_self_strain	GCA_000337295.1	Haloferax	Archaea	GCA_000337815.1	0.122172	congeneric	1
novel_species	GCA_000337295.1	Haloferax	Archaea	GCA_000337815.1	0.122172	congeneric	1
as_reported	GCA_000337315.1	Haloferax	Archaea	GCA_000025685.1	0.002643	same_strain	1
no_self_strain	GCA_000337315.1	Haloferax	Archaea	GCA_000336795.1	0.030312	same_species	1
novel_species	GCA_000337315.1	Haloferax	Archaea	GCA_000337795.1	0.067261	congeneric	1
as_reported	GCA_000337335.1	Halorubrum	Archaea	GCA_000337055.1	0.001084	same_species	1
no_self_strain	GCA_000337335.1	Halorubrum	Archaea	GCA_000337055.1	0.001084	same_species	1
novel_species	GCA_000337335.1	Halorubrum	Archaea	GCA_018228765.1	0.075241	congeneric	1
as_reported	GCA_000337355.1	Halorubrum	Archaea	GCA_000337375.1	0.102408	congeneric	1
no_self_strain	GCA_000337355.1	Halorubrum	Archaea	GCA_000337375.1	0.102408	congeneric	1
novel_species	GCA_000337355.1	Halorubrum	Archaea	GCA_000337375.1	0.102408	congeneric	1
as_reported	GCA_000337375.1	Halorubrum	Archaea	GCA_000337355.1	0.102408	congeneric	1
no_self_strain	GCA_000337375.1	Halorubrum	Archaea	GCA_000337355.1	0.102408	congeneric	1
novel_species	GCA_000337375.1	Halorubrum	Archaea	GCA_000337355.1	0.102408	congeneric	1
as_reported	GCA_000337395.1	Halorubrum	Archaea	GCA_000337055.1	0.028949	same_species	1
no_self_strain	GCA_000337395.1	Halorubrum	Archaea	GCA_000337055.1	0.028949	same_species	1
novel_species	GCA_000337395.1	Halorubrum	Archaea	GCA_018228765.1	0.072875	congeneric	1
as_reported	GCA_000337415.1	Halorubrum	Archaea	GCA_023702125.1	0.054213	congeneric	1
no_self_strain	GCA_000337415.1	Halorubrum	Archaea	GCA_023702125.1	0.054213	congeneric	1
novel_species	GCA_000337415.1	Halorubrum	Archaea	GCA_023702125.1	0.054213	congeneric	1
as_reported	GCA_000337435.1	Halorubrum	Archaea	GCA_000337335.1	0.028219	same_species	1
no_self_strain	GCA_000337435.1	Halorubrum	Archaea	GCA_000337335.1	0.028219	same_species	1
novel_species	GCA_000337435.1	Halorubrum	Archaea	GCA_018228765.1	0.074524	congeneric	1
as_reported	GCA_000337455.1	Halosimplex	Archaea	GCA_016065055.1	0.111561	congeneric	1
no_self_strain	GCA_000337455.1	Halosimplex	Archaea	GCA_016065055.1	0.111561	congeneric	1
novel_species	GCA_000337455.1	Halosimplex	Archaea	GCA_016065055.1	0.111561	congeneric	1
as_reported	GCA_000337495.1	Haloterrigena	Archaea	GCA_003977755.1	0.057544	congeneric	1
no_self_strain	GCA_000337495.1	Haloterrigena	Archaea	GCA_003977755.1	0.057544	congeneric	1
novel_species	GCA_000337495.1	Haloterrigena	Archaea	GCA_003977755.1	0.057544	congeneric	1
as_reported	GCA_000337755.1	Haloarcula	Archaea	GCA_000011085.1	0.030062	same_species	1
no_self_strain	GCA_000337755.1	Haloarcula	Archaea	GCA_000011085.1	0.030062	same_species	1
novel_species	GCA_000337755.1	Haloarcula	Archaea	GCA_003634715.1	0.030312	congeneric	1
as_reported	GCA_000337775.1	Haloarcula	Archaea	GCA_900106715.1	0.000865	same_species	1
no_self_strain	GCA_000337775.1	Haloarcula	Archaea	GCA_900106715.1	0.000865	same_species	1
novel_species	GCA_000337775.1	Haloarcula	Archaea	GCA_000011085.1	0.079184	congeneric	1
as_reported	GCA_000337795.1	Haloferax	Archaea	GCA_014635105.1	0.035678	congeneric	1
no_self_strain	GCA_000337795.1	Haloferax	Archaea	GCA_014635105.1	0.035678	congeneric	1
novel_species	GCA_000337795.1	Haloferax	Archaea	GCA_014635105.1	0.035678	congeneric	1
as_reported	GCA_000337815.1	Haloferax	Archaea	GCA_005406325.1	0.122172	congeneric	1
no_self_strain	GCA_000337815.1	Haloferax	Archaea	GCA_005406325.1	0.122172	congeneric	1
novel_species	GCA_000337815.1	Haloferax	Archaea	GCA_005406325.1	0.122172	congeneric	1
as_reported	GCA_000337835.1	Haloferax	Archaea	GCA_014635105.1	0.018744	same_species	1
no_self_strain	GCA_000337835.1	Haloferax	Archaea	GCA_014635105.1	0.018744	same_species	1
novel_species	GCA_000337835.1	Haloferax	Archaea	GCA_000337795.1	0.039481	congeneric	1
as_reported	GCA_000337855.1	Halogeometricum	Archaea	GCA_000172995.2	0.000647	same_strain	1
no_self_strain	GCA_000337855.1	Halogeometricum	Archaea	GCA_900112175.1	0.165635	congeneric	1
novel_species	GCA_000337855.1	Halogeometricum	Archaea	GCA_900112175.1	0.165635	congeneric	1
as_reported	GCA_000337895.1	Halobiforma	Archaea	GCA_900112205.1	0.180198	inter_genus	0
no_self_strain	GCA_000337895.1	Halobiforma	Archaea	GCA_900112205.1	0.180198	inter_genus	0
novel_species	GCA_000337895.1	Halobiforma	Archaea	GCA_900112205.1	0.180198	inter_genus	0
as_reported	GCA_000337915.1	Halorubrum	Archaea	GCA_007671685.1	0.105125	congeneric	1
no_self_strain	GCA_000337915.1	Halorubrum	Archaea	GCA_007671685.1	0.105125	congeneric	1
novel_species	GCA_000337915.1	Halorubrum	Archaea	GCA_007671685.1	0.105125	congeneric	1
as_reported	GCA_000376445.1	Haladaptatus	Archaea	GCA_900142335.1	0.000431	same_strain	1
no_self_strain	GCA_000376445.1	Haladaptatus	Archaea	GCA_000710615.1	0.190318	congeneric	1
novel_species	GCA_000376445.1	Haladaptatus	Archaea	GCA_000710615.1	0.190318	congeneric	1
as_reported	GCA_000379085.1	Halomicrobium	Archaea	GCA_000023965.1	0.040505	congeneric	1
no_self_strain	GCA_000379085.1	Halomicrobium	Archaea	GCA_000023965.1	0.040505	congeneric	1
novel_species	GCA_000379085.1	Halomicrobium	Archaea	GCA_000023965.1	0.040505	congeneric	1
as_reported	GCA_000385565.1	Archaeoglobus	Archaea	GCA_000194625.1	0.347277	congeneric	1
no_self_strain	GCA_000385565.1	Archaeoglobus	Archaea	GCA_000194625.1	0.347277	congeneric	1
novel_species	GCA_000385565.1	Archaeoglobus	Archaea	GCA_000194625.1	0.347277	congeneric	1
as_reported	GCA_000400975.1	Halarchaeum	Archaea	GCA_000474235.1	0.023678	same_strain	1
no_self_strain	GCA_000400975.1	Halarchaeum	Archaea	GCA_039520965.1	0.149488	congeneric	1
novel_species	GCA_000400975.1	Halarchaeum	Archaea	GCA_039520965.1	0.149488	congeneric	1
as_reported	GCA_000421805.1	Halorubrum	Archaea	GCA_002114285.1	0.001084	same_strain	1
no_self_strain	GCA_000421805.1	Halorubrum	Archaea	GCA_900188075.1	0.027617	same_species	1
novel_species	GCA_000421805.1	Halorubrum	Archaea	GCA_000337435.1	0.109364	congeneric	1
as_reported	GCA_000427685.1	Haloplanus	Archaea	GCA_003342675.1	0.136548	congeneric	1
no_self_strain	GCA_000427685.1	Haloplanus	Archaea	GCA_003342675.1	0.136548	congeneric	1
novel_species	GCA_000427685.1	Haloplanus	Archaea	GCA_003342675.1	0.136548	congeneric	1
as_reported	GCA_000455345.1	Halopiger	Archaea	GCA_003430825.1	0.215889	inter_genus	0
no_self_strain	GCA_000455345.1	Halopiger	Archaea	GCA_003430825.1	0.215889	inter_genus	0
novel_species	GCA_000455345.1	Halopiger	Archaea	GCA_003430825.1	0.215889	inter_genus	0
as_reported	GCA_000455365.1	Halopiger	Archaea	GCA_000784335.1	0.209899	inter_genus	0
no_self_strain	GCA_000455365.1	Halopiger	Archaea	GCA_000784335.1	0.209899	inter_genus	0
novel_species	GCA_000455365.1	Halopiger	Archaea	GCA_000784335.1	0.209899	inter_genus	0
as_reported	GCA_000470655.1	Halorhabdus	Archaea	GCA_000215915.3	0.007557	same_strain	1
no_self_strain	GCA_000470655.1	Halorhabdus	Archaea	GCA_000023945.1	0.146760	congeneric	1
novel_species	GCA_000470655.1	Halorhabdus	Archaea	GCA_000023945.1	0.146760	congeneric	1
as_reported	GCA_000474235.1	Halarchaeum	Archaea	GCA_000400975.1	0.023678	same_strain	1
no_self_strain	GCA_000474235.1	Halarchaeum	Archaea	GCA_039520965.1	0.144106	congeneric	1
novel_species	GCA_000474235.1	Halarchaeum	Archaea	GCA_039520965.1	0.144106	congeneric	1
as_reported	GCA_000485535.1	Halalkalicoccus	Archaea	GCA_000196895.1	0.000431	same_strain	1
no_self_strain	GCA_000485535.1	Halalkalicoccus	Archaea	GCA_001593955.1	0.146760	congeneric	1
novel_species	GCA_000485535.1	Halalkalicoccus	Archaea	GCA_001593955.1	0.146760	congeneric	1
as_reported	GCA_000495475.1	Candidatus Halobonum	Archaea	GCA_019880245.1	0.237213	inter_genus	0
no_self_strain	GCA_000495475.1	Candidatus Halobonum	Archaea	GCA_019880245.1	0.237213	inter_genus	0
novel_species	GCA_000495475.1	Candidatus Halobonum	Archaea	GCA_019880245.1	0.237213	inter_genus	0
as_reported	GCA_000513855.1	Desulfurococcus	Archaea	GCA_000020905.1	0.016529	same_species	1
no_self_strain	GCA_000513855.1	Desulfurococcus	Archaea	GCA_000020905.1	0.016529	same_species	1
novel_species	GCA_000513855.1	Desulfurococcus	Archaea	GCA_000186365.1	0.216918	congeneric	1
as_reported	GCA_000517625.1	Halostagnicola	Archaea	GCA_900116205.1	0.135104	congeneric	1
no_self_strain	GCA_000517625.1	Halostagnicola	Archaea	GCA_900116205.1	0.135104	congeneric	1
novel_species	GCA_000517625.1	Halostagnicola	Archaea	GCA_900116205.1	0.135104	congeneric	1
as_reported	GCA_000591035.1	Aeropyrum	Archaea	GCA_001316065.1	0.011537	same_strain	1
no_self_strain	GCA_000591035.1	Aeropyrum	Archaea	GCA_000011125.1	0.112306	congeneric	1
novel_species	GCA_000591035.1	Aeropyrum	Archaea	GCA_000011125.1	0.112306	congeneric	1
as_reported	GCA_000685635.1	Haloferax	Archaea	GCA_000337295.1	0.002567	same_strain	1
no_self_strain	GCA_000685635.1	Haloferax	Archaea	GCA_000337815.1	0.125566	congeneric	1
novel_species	GCA_000685635.1	Haloferax	Archaea	GCA_000337815.1	0.125566	congeneric	1
as_reported	GCA_000710615.1	Haladaptatus	Archaea	GCA_900156425.1	0.082538	congeneric	1
no_self_strain	GCA_000710615.1	Haladaptatus	Archaea	GCA_900156425.1	0.082538	congeneric	1
novel_species	GCA_000710615.1	Haladaptatus	Archaea	GCA_900156425.1	0.082538	congeneric	1
as_reported	GCA_000739555.1	Halolamina	Archaea	GCA_900115675.1	0.103417	congeneric	1
no_self_strain	GCA_000739555.1	Halolamina	Archaea	GCA_900115675.1	0.103417	congeneric	1
novel_species	GCA_000739555.1	Halolamina	Archaea	GCA_900115675.1	0.103417	congeneric	1
as_reported	GCA_000739575.1	Halobellus	Archaea	GCA_037031285.1	0.127310	congeneric	1
no_self_strain	GCA_000739575.1	Halobellus	Archaea	GCA_037031285.1	0.127310	congeneric	1
novel_species	GCA_000739575.1	Halobellus	Archaea	GCA_037031285.1	0.127310	congeneric	1
as_reported	GCA_000739595.1	Halorubrum	Archaea	GCA_002286985.1	0.106866	congeneric	1
no_self_strain	GCA_000739595.1	Halorubrum	Archaea	GCA_002286985.1	0.106866	congeneric	1
novel_species	GCA_000739595.1	Halorubrum	Archaea	GCA_002286985.1	0.106866	congeneric	1
as_reported	GCA_000755245.1	Halococcus	Archaea	GCA_024508235.1	0.140506	congeneric	1
no_self_strain	GCA_000755245.1	Halococcus	Archaea	GCA_024508235.1	0.140506	congeneric	1
novel_species	GCA_000755245.1	Halococcus	Archaea	GCA_024508235.1	0.140506	congeneric	1
as_reported	GCA_000789255.1	Geoglobus	Archaea	GCA_001006045.1	0.214868	congeneric	1
no_self_strain	GCA_000789255.1	Geoglobus	Archaea	GCA_001006045.1	0.214868	congeneric	1
novel_species	GCA_000789255.1	Geoglobus	Archaea	GCA_001006045.1	0.214868	congeneric	1
as_reported	GCA_000800805.1	Candidatus Methanoplasma	Archaea	GCA_000300255.2	0.401593	inter_genus	0
no_self_strain	GCA_000800805.1	Candidatus Methanoplasma	Archaea	GCA_000300255.2	0.401593	inter_genus	0
novel_species	GCA_000800805.1	Candidatus Methanoplasma	Archaea	GCA_000300255.2	0.401593	inter_genus	0
as_reported	GCA_000300255.2	Methanomethylophilus	Archaea	GCA_003711245.1	0.000071	same_species	1
no_self_strain	GCA_000300255.2	Methanomethylophilus	Archaea	GCA_003711245.1	0.000071	same_species	1
novel_species	GCA_000300255.2	Methanomethylophilus	Archaea	GCA_000800805.1	0.401593	inter_genus	0
as_reported	GCA_001006045.1	Geoglobus	Archaea	GCA_000789255.1	0.214868	congeneric	1
no_self_strain	GCA_001006045.1	Geoglobus	Archaea	GCA_000789255.1	0.214868	congeneric	1
novel_species	GCA_001006045.1	Geoglobus	Archaea	GCA_000789255.1	0.214868	congeneric	1
as_reported	GCA_001006085.1	Desulfurococcus	Archaea	GCA_000186365.1	0.016234	same_species	1
no_self_strain	GCA_001006085.1	Desulfurococcus	Archaea	GCA_000186365.1	0.016234	same_species	1
novel_species	GCA_001006085.1	Desulfurococcus	Archaea	GCA_000513855.1	0.217957	congeneric	1
as_reported	GCA_001011115.1	Halanaeroarchaeum	Archaea	GCA_042663645.1	0.313485	inter_genus	0
no_self_strain	GCA_001011115.1	Halanaeroarchaeum	Archaea	GCA_042663645.1	0.313485	inter_genus	0
novel_species	GCA_001011115.1	Halanaeroarchaeum	Archaea	GCA_042663645.1	0.313485	inter_genus	0
as_reported	GCA_001280425.1	Haloarcula	Archaea	GCA_055384635.1	0.077434	congeneric	1
no_self_strain	GCA_001280425.1	Haloarcula	Archaea	GCA_055384635.1	0.077434	congeneric	1
novel_species	GCA_001280425.1	Haloarcula	Archaea	GCA_055384635.1	0.077434	congeneric	1
as_reported	GCA_001282785.1	Halolamina	Archaea	GCA_054653455.1	0.077682	congeneric	1
no_self_strain	GCA_001282785.1	Halolamina	Archaea	GCA_054653455.1	0.077682	congeneric	1
novel_species	GCA_001282785.1	Halolamina	Archaea	GCA_054653455.1	0.077682	congeneric	1
as_reported	GCA_001316065.1	Aeropyrum	Archaea	GCA_000591035.1	0.011537	same_strain	1
no_self_strain	GCA_001316065.1	Aeropyrum	Archaea	GCA_000011125.1	0.124706	congeneric	1
novel_species	GCA_001316065.1	Aeropyrum	Archaea	GCA_000011125.1	0.124706	congeneric	1
as_reported	GCA_001316225.1	Acidiplasma	Archaea	GCA_001402935.1	0.069904	same_species	1
no_self_strain	GCA_001316225.1	Acidiplasma	Archaea	GCA_001402935.1	0.069904	same_species	1
novel_species	GCA_001316225.1	Acidiplasma	Archaea	GCA_001402945.1	0.086314	congeneric	1
as_reported	GCA_000152265.2	Ferroplasma	Archaea	GCA_002078355.1	0.027737	congeneric	1
no_self_strain	GCA_000152265.2	Ferroplasma	Archaea	GCA_002078355.1	0.027737	congeneric	1
novel_species	GCA_000152265.2	Ferroplasma	Archaea	GCA_002078355.1	0.027737	congeneric	1
as_reported	GCA_001368915.1	Haloferax	Archaea	GCA_000337795.1	0.059076	congeneric	1
no_self_strain	GCA_001368915.1	Haloferax	Archaea	GCA_000337795.1	0.059076	congeneric	1
novel_species	GCA_001368915.1	Haloferax	Archaea	GCA_000337795.1	0.059076	congeneric	1
as_reported	GCA_001399695.1	Acidiplasma	Archaea	GCA_001402945.1	0.007142	same_species	1
no_self_strain	GCA_001399695.1	Acidiplasma	Archaea	GCA_001402945.1	0.007142	same_species	1
novel_species	GCA_001399695.1	Acidiplasma	Archaea	GCA_001402935.1	0.013367	congeneric	1
as_reported	GCA_001402935.1	Acidiplasma	Archaea	GCA_001402945.1	0.011627	congeneric	1
no_self_strain	GCA_001402935.1	Acidiplasma	Archaea	GCA_001402945.1	0.011627	congeneric	1
novel_species	GCA_001402935.1	Acidiplasma	Archaea	GCA_001402945.1	0.011627	congeneric	1
as_reported	GCA_001402945.1	Acidiplasma	Archaea	GCA_001399695.1	0.007142	same_species	1
no_self_strain	GCA_001402945.1	Acidiplasma	Archaea	GCA_001399695.1	0.007142	same_species	1
novel_species	GCA_001402945.1	Acidiplasma	Archaea	GCA_001402935.1	0.011627	congeneric	1
as_reported	GCA_001462205.1	Haloparvum	Archaea	GCA_050122995.1	0.054394	congeneric	1
no_self_strain	GCA_001462205.1	Haloparvum	Archaea	GCA_050122995.1	0.054394	congeneric	1
novel_species	GCA_001462205.1	Haloparvum	Archaea	GCA_050122995.1	0.054394	congeneric	1
as_reported	GCA_001469865.1	Haloferax	Archaea	GCA_009674605.1	0.062241	congeneric	1
no_self_strain	GCA_001469865.1	Haloferax	Archaea	GCA_009674605.1	0.062241	congeneric	1
novel_species	GCA_001469865.1	Haloferax	Archaea	GCA_009674605.1	0.062241	congeneric	1
as_reported	GCA_001469875.2	Haloferax	Archaea	GCA_000336775.1	0.058497	congeneric	1
no_self_strain	GCA_001469875.2	Haloferax	Archaea	GCA_000336775.1	0.058497	congeneric	1
novel_species	GCA_001469875.2	Haloferax	Archaea	GCA_000336775.1	0.058497	congeneric	1
as_reported	GCA_001469955.1	Haloprofundus	Archaea	GCA_003439925.1	0.120930	congeneric	1
no_self_strain	GCA_001469955.1	Haloprofundus	Archaea	GCA_003439925.1	0.120930	congeneric	1
novel_species	GCA_001469955.1	Haloprofundus	Archaea	GCA_003439925.1	0.120930	congeneric	1
as_reported	GCA_001488575.1	Halobacterium	Archaea	GCA_021233435.1	0.121342	congeneric	1
no_self_strain	GCA_001488575.1	Halobacterium	Archaea	GCA_021233435.1	0.121342	congeneric	1
novel_species	GCA_001488575.1	Halobacterium	Archaea	GCA_021233435.1	0.121342	congeneric	1
as_reported	GCA_001542905.1	Halorubrum	Archaea	GCA_002252985.1	0.088838	congeneric	1
no_self_strain	GCA_001542905.1	Halorubrum	Archaea	GCA_002252985.1	0.088838	congeneric	1
novel_species	GCA_001542905.1	Halorubrum	Archaea	GCA_002252985.1	0.088838	congeneric	1
as_reported	GCA_001593955.1	Halalkalicoccus	Archaea	GCA_000485535.1	0.146760	congeneric	1
no_self_strain	GCA_001593955.1	Halalkalicoccus	Archaea	GCA_000485535.1	0.146760	congeneric	1
novel_species	GCA_001593955.1	Halalkalicoccus	Archaea	GCA_000485535.1	0.146760	congeneric	1
as_reported	GCA_001886955.1	Halodesulfurarchaeum	Archaea	GCA_001011115.1	0.322974	inter_genus	0
no_self_strain	GCA_001886955.1	Halodesulfurarchaeum	Archaea	GCA_001011115.1	0.322974	inter_genus	0
novel_species	GCA_001886955.1	Halodesulfurarchaeum	Archaea	GCA_001011115.1	0.322974	inter_genus	0
as_reported	GCA_002078355.1	Ferroplasma	Archaea	GCA_000152265.2	0.027737	congeneric	1
no_self_strain	GCA_002078355.1	Ferroplasma	Archaea	GCA_000152265.2	0.027737	congeneric	1
novel_species	GCA_002078355.1	Ferroplasma	Archaea	GCA_000152265.2	0.027737	congeneric	1
as_reported	GCA_002114285.1	Halorubrum	Archaea	GCA_000421805.1	0.001084	same_strain	1
no_self_strain	GCA_002114285.1	Halorubrum	Archaea	GCA_900188075.1	0.028098	same_species	1
novel_species	GCA_002114285.1	Halorubrum	Archaea	GCA_000337435.1	0.110823	congeneric	1
as_reported	GCA_002252985.1	Halorubrum	Archaea	GCA_001542905.1	0.088838	congeneric	1
no_self_strain	GCA_002252985.1	Halorubrum	Archaea	GCA_001542905.1	0.088838	congeneric	1
novel_species	GCA_002252985.1	Halorubrum	Archaea	GCA_001542905.1	0.088838	congeneric	1
as_reported	GCA_002286985.1	Halorubrum	Archaea	GCA_000739595.1	0.106866	congeneric	1
no_self_strain	GCA_002286985.1	Halorubrum	Archaea	GCA_000739595.1	0.106866	congeneric	1
novel_species	GCA_002286985.1	Halorubrum	Archaea	GCA_000739595.1	0.106866	congeneric	1
as_reported	GCA_002379115.1	Halorubrum	Archaea	GCA_900188075.1	0.001524	same_species	1
no_self_strain	GCA_002379115.1	Halorubrum	Archaea	GCA_900188075.1	0.001524	same_species	1
novel_species	GCA_002379115.1	Halorubrum	Archaea	GCA_041379815.1	0.110090	congeneric	1
as_reported	GCA_002727125.1	Halorubrum	Archaea	GCA_000337915.1	0.117699	congeneric	1
no_self_strain	GCA_002727125.1	Halorubrum	Archaea	GCA_000337915.1	0.117699	congeneric	1
novel_species	GCA_002727125.1	Halorubrum	Archaea	GCA_000337915.1	0.117699	congeneric	1
as_reported	GCA_002788215.1	Halohasta	Archaea	GCA_900109065.1	0.000431	same_species	1
no_self_strain	GCA_002788215.1	Halohasta	Archaea	GCA_900109065.1	0.000431	same_species	1
novel_species	GCA_002788215.1	Halohasta	Archaea	GCA_024494645.1	0.155174	congeneric	1
as_reported	GCA_002844195.1	Halegenticoccus	Archaea	GCA_004116405.1	0.172320	congeneric	1
no_self_strain	GCA_002844195.1	Halegenticoccus	Archaea	GCA_004116405.1	0.172320	congeneric	1
novel_species	GCA_002844195.1	Halegenticoccus	Archaea	GCA_004116405.1	0.172320	congeneric	1
as_reported	GCA_002952775.1	Halalkaliarchaeum	Archaea	GCA_017873815.1	0.281349	inter_genus	0
no_self_strain	GCA_002952775.1	Halalkaliarchaeum	Archaea	GCA_017873815.1	0.281349	inter_genus	0
novel_species	GCA_002952775.1	Halalkaliarchaeum	Archaea	GCA_017873815.1	0.281349	inter_genus	0
as_reported	GCA_003058365.1	Halococcoides	Archaea	GCA_013839425.1	0.330580	inter_genus	0
no_self_strain	GCA_003058365.1	Halococcoides	Archaea	GCA_013839425.1	0.330580	inter_genus	0
novel_species	GCA_003058365.1	Halococcoides	Archaea	GCA_013839425.1	0.330580	inter_genus	0
as_reported	GCA_003201835.2	Acidianus	Archaea	GCA_009729545.1	0.283133	congeneric	1
no_self_strain	GCA_003201835.2	Acidianus	Archaea	GCA_009729545.1	0.283133	congeneric	1
novel_species	GCA_003201835.2	Acidianus	Archaea	GCA_009729545.1	0.283133	congeneric	1
as_reported	GCA_003201765.2	Acidianus	Archaea	GCA_009729015.1	0.279589	congeneric	1
no_self_strain	GCA_003201765.2	Acidianus	Archaea	GCA_009729015.1	0.279589	congeneric	1
novel_species	GCA_003201765.2	Acidianus	Archaea	GCA_009729015.1	0.279589	congeneric	1
as_reported	GCA_003336245.1	Haloplanus	Archaea	GCA_003342675.1	0.106165	congeneric	1
no_self_strain	GCA_003336245.1	Haloplanus	Archaea	GCA_003342675.1	0.106165	congeneric	1
novel_species	GCA_003336245.1	Haloplanus	Archaea	GCA_003342675.1	0.106165	congeneric	1
as_reported	GCA_003342675.1	Haloplanus	Archaea	GCA_003336245.1	0.106165	congeneric	1
no_self_strain	GCA_003342675.1	Haloplanus	Archaea	GCA_003336245.1	0.106165	congeneric	1
novel_species	GCA_003342675.1	Haloplanus	Archaea	GCA_003336245.1	0.106165	congeneric	1
as_reported	GCA_003351065.1	Halopelagius	Archaea	GCA_900100875.1	0.000215	same_species	1
no_self_strain	GCA_003351065.1	Halopelagius	Archaea	GCA_900100875.1	0.000215	same_species	1
novel_species	GCA_003351065.1	Halopelagius	Archaea	GCA_055398025.1	0.086314	congeneric	1
as_reported	GCA_003369835.1	Halorussus	Archaea	GCA_042653805.1	0.181694	congeneric	1
no_self_strain	GCA_003369835.1	Halorussus	Archaea	GCA_042653805.1	0.181694	congeneric	1
novel_species	GCA_003369835.1	Halorussus	Archaea	GCA_042653805.1	0.181694	congeneric	1
as_reported	GCA_003382685.1	Halorussus	Archaea	GCA_004765805.1	0.173013	congeneric	1
no_self_strain	GCA_003382685.1	Halorussus	Archaea	GCA_004765805.1	0.173013	congeneric	1
novel_species	GCA_003382685.1	Halorussus	Archaea	GCA_004765805.1	0.173013	congeneric	1
as_reported	GCA_003439925.1	Haloprofundus	Archaea	GCA_020097815.1	0.100099	congeneric	1
no_self_strain	GCA_003439925.1	Haloprofundus	Archaea	GCA_020097815.1	0.100099	congeneric	1
novel_species	GCA_003439925.1	Haloprofundus	Archaea	GCA_020097815.1	0.100099	congeneric	1
as_reported	GCA_003605575.1	Halonotius	Archaea	GCA_003605635.1	0.109726	congeneric	1
no_self_strain	GCA_003605575.1	Halonotius	Archaea	GCA_003605635.1	0.109726	congeneric	1
novel_species	GCA_003605575.1	Halonotius	Archaea	GCA_003605635.1	0.109726	congeneric	1
as_reported	GCA_003605635.1	Halonotius	Archaea	GCA_003605575.1	0.109726	congeneric	1
no_self_strain	GCA_003605635.1	Halonotius	Archaea	GCA_003605575.1	0.109726	congeneric	1
novel_species	GCA_003605635.1	Halonotius	Archaea	GCA_003605575.1	0.109726	congeneric	1
as_reported	GCA_003610195.1	Halopiger	Archaea	GCA_000217715.1	0.084135	congeneric	1
no_self_strain	GCA_003610195.1	Halopiger	Archaea	GCA_000217715.1	0.084135	congeneric	1
novel_species	GCA_003610195.1	Halopiger	Archaea	GCA_000217715.1	0.084135	congeneric	1
as_reported	GCA_003634715.1	Haloarcula	Archaea	GCA_000011085.1	0.026430	congeneric	1
no_self_strain	GCA_003634715.1	Haloarcula	Archaea	GCA_000011085.1	0.026430	congeneric	1
novel_species	GCA_003634715.1	Haloarcula	Archaea	GCA_000011085.1	0.026430	congeneric	1
as_reported	GCA_003675855.1	Halostella	Archaea	GCA_004785955.1	0.126871	congeneric	1
no_self_strain	GCA_003675855.1	Halostella	Archaea	GCA_004785955.1	0.126871	congeneric	1
novel_species	GCA_003675855.1	Halostella	Archaea	GCA_004785955.1	0.126871	congeneric	1
as_reported	GCA_003675875.1	Halostella	Archaea	GCA_004785955.1	0.213857	congeneric	1
no_self_strain	GCA_003675875.1	Halostella	Archaea	GCA_004785955.1	0.213857	congeneric	1
novel_species	GCA_003675875.1	Halostella	Archaea	GCA_004785955.1	0.213857	congeneric	1
as_reported	GCA_003688715.1	Haloplanus	Archaea	GCA_003856835.1	0.000431	same_species	1
no_self_strain	GCA_003688715.1	Haloplanus	Archaea	GCA_003856835.1	0.000431	same_species	1
novel_species	GCA_003688715.1	Haloplanus	Archaea	GCA_003342675.1	0.127310	congeneric	1
as_reported	GCA_003697815.1	Halalkalicoccus	Archaea	GCA_001593955.1	0.156945	congeneric	1
no_self_strain	GCA_003697815.1	Halalkalicoccus	Archaea	GCA_001593955.1	0.156945	congeneric	1
novel_species	GCA_003697815.1	Halalkalicoccus	Archaea	GCA_001593955.1	0.156945	congeneric	1
as_reported	GCA_003722095.1	Halosegnis	Archaea	GCA_009663395.1	0.031706	same_species	1
no_self_strain	GCA_003722095.1	Halosegnis	Archaea	GCA_009663395.1	0.031706	same_species	1
novel_species	GCA_003722095.1	Halosegnis	Archaea	GCA_009184545.1	0.092625	congeneric	1
as_reported	GCA_003730195.1	Halosimplex	Archaea	GCA_051414035.1	0.159354	congeneric	1
no_self_strain	GCA_003730195.1	Halosimplex	Archaea	GCA_051414035.1	0.159354	congeneric	1
novel_species	GCA_003730195.1	Halosimplex	Archaea	GCA_051414035.1	0.159354	congeneric	1
as_reported	GCA_003856835.1	Haloplanus	Archaea	GCA_003688715.1	0.000431	same_species	1
no_self_strain	GCA_003856835.1	Haloplanus	Archaea	GCA_003688715.1	0.000431	same_species	1
novel_species	GCA_003856835.1	Haloplanus	Archaea	GCA_003342675.1	0.127310	congeneric	1
as_reported	GCA_003862495.1	Halocatena	Archaea	GCA_023115355.1	0.126871	congeneric	1
no_self_strain	GCA_003862495.1	Halocatena	Archaea	GCA_023115355.1	0.126871	congeneric	1
novel_species	GCA_003862495.1	Halocatena	Archaea	GCA_023115355.1	0.126871	congeneric	1
as_reported	GCA_003977755.1	Haloterrigena	Archaea	GCA_000337495.1	0.057544	congeneric	1
no_self_strain	GCA_003977755.1	Haloterrigena	Archaea	GCA_000337495.1	0.057544	congeneric	1
novel_species	GCA_003977755.1	Haloterrigena	Archaea	GCA_000337495.1	0.057544	congeneric	1
as_reported	GCA_004087835.1	Halorussus	Archaea	GCA_023238445.1	0.150042	congeneric	1
no_self_strain	GCA_004087835.1	Halorussus	Archaea	GCA_023238445.1	0.150042	congeneric	1
novel_species	GCA_004087835.1	Halorussus	Archaea	GCA_023238445.1	0.150042	congeneric	1
as_reported	GCA_004114995.1	Halorubrum	Archaea	GCA_000739595.1	0.108285	congeneric	1
no_self_strain	GCA_004114995.1	Halorubrum	Archaea	GCA_000739595.1	0.108285	congeneric	1
novel_species	GCA_004114995.1	Halorubrum	Archaea	GCA_000739595.1	0.108285	congeneric	1
as_reported	GCA_004116405.1	Halegenticoccus	Archaea	GCA_002844195.1	0.172320	congeneric	1
no_self_strain	GCA_004116405.1	Halegenticoccus	Archaea	GCA_002844195.1	0.172320	congeneric	1
novel_species	GCA_004116405.1	Halegenticoccus	Archaea	GCA_002844195.1	0.172320	congeneric	1
as_reported	GCA_004118325.1	Halorientalis	Archaea	GCA_023698535.1	0.113435	congeneric	1
no_self_strain	GCA_004118325.1	Halorientalis	Archaea	GCA_023698535.1	0.113435	congeneric	1
novel_species	GCA_004118325.1	Halorientalis	Archaea	GCA_023698535.1	0.113435	congeneric	1
as_reported	GCA_004143485.2	Halorussus	Archaea	GCA_024138125.1	0.183979	congeneric	1
no_self_strain	GCA_004143485.2	Halorussus	Archaea	GCA_024138125.1	0.183979	congeneric	1
novel_species	GCA_004143485.2	Halorussus	Archaea	GCA_024138125.1	0.183979	congeneric	1
as_reported	GCA_004681185.1	Haloarcula	Archaea	GCA_010119205.1	0.101081	congeneric	1
no_self_strain	GCA_004681185.1	Haloarcula	Archaea	GCA_010119205.1	0.101081	congeneric	1
novel_species	GCA_004681185.1	Haloarcula	Archaea	GCA_010119205.1	0.101081	congeneric	1
as_reported	GCA_004698125.1	Halosimplex	Archaea	GCA_051414055.1	0.082013	congeneric	1
no_self_strain	GCA_004698125.1	Halosimplex	Archaea	GCA_051414055.1	0.082013	congeneric	1
novel_species	GCA_004698125.1	Halosimplex	Archaea	GCA_051414055.1	0.082013	congeneric	1
as_reported	GCA_004765785.1	Halorussus	Archaea	GCA_029338375.1	0.123430	congeneric	1
no_self_strain	GCA_004765785.1	Halorussus	Archaea	GCA_029338375.1	0.123430	congeneric	1
novel_species	GCA_004765785.1	Halorussus	Archaea	GCA_029338375.1	0.123430	congeneric	1
as_reported	GCA_004765795.1	Halorussus	Archaea	GCA_004143485.2	0.206074	congeneric	1
no_self_strain	GCA_004765795.1	Halorussus	Archaea	GCA_004143485.2	0.206074	congeneric	1
novel_species	GCA_004765795.1	Halorussus	Archaea	GCA_004143485.2	0.206074	congeneric	1
as_reported	GCA_004765805.1	Halorussus	Archaea	GCA_003382685.1	0.173013	congeneric	1
no_self_strain	GCA_004765805.1	Halorussus	Archaea	GCA_003382685.1	0.173013	congeneric	1
novel_species	GCA_004765805.1	Halorussus	Archaea	GCA_003382685.1	0.173013	congeneric	1
as_reported	GCA_004765815.2	Halorussus	Archaea	GCA_023238445.1	0.124279	congeneric	1
no_self_strain	GCA_004765815.2	Halorussus	Archaea	GCA_023238445.1	0.124279	congeneric	1
novel_species	GCA_004765815.2	Halorussus	Archaea	GCA_023238445.1	0.124279	congeneric	1
as_reported	GCA_004785955.1	Halostella	Archaea	GCA_003675855.1	0.126871	congeneric	1
no_self_strain	GCA_004785955.1	Halostella	Archaea	GCA_003675855.1	0.126871	congeneric	1
novel_species	GCA_004785955.1	Halostella	Archaea	GCA_003675855.1	0.126871	congeneric	1
as_reported	GCA_004799605.1	Halobacterium	Archaea	GCA_008124605.1	0.000287	same_species	1
no_self_strain	GCA_004799605.1	Halobacterium	Archaea	GCA_008124605.1	0.000287	same_species	1
novel_species	GCA_004799605.1	Halobacterium	Archaea	GCA_900110535.1	0.188699	congeneric	1
as_reported	GCA_004799665.1	Halapricum	Archaea	GCA_025517535.1	0.230048	congeneric	1
no_self_strain	GCA_004799665.1	Halapricum	Archaea	GCA_025517535.1	0.230048	congeneric	1
novel_species	GCA_004799665.1	Halapricum	Archaea	GCA_025517535.1	0.230048	congeneric	1
as_reported	GCA_004799685.1	Halobellus	Archaea	GCA_900108165.1	0.001377	same_species	1
no_self_strain	GCA_004799685.1	Halobellus	Archaea	GCA_900108165.1	0.001377	same_species	1
novel_species	GCA_004799685.1	Halobellus	Archaea	GCA_024494595.1	0.099774	congeneric	1
as_reported	GCA_004944975.1	Halorhabdus	Archaea	GCA_900880625.1	0.155761	congeneric	1
no_self_strain	GCA_004944975.1	Halorhabdus	Archaea	GCA_900880625.1	0.155761	congeneric	1
novel_species	GCA_004944975.1	Halorhabdus	Archaea	GCA_900880625.1	0.155761	congeneric	1
as_reported	GCA_005049285.1	Halorientalis	Archaea	GCA_023566035.1	0.000071	same_species	1
no_self_strain	GCA_005049285.1	Halorientalis	Archaea	GCA_023566035.1	0.000071	same_species	1
novel_species	GCA_005049285.1	Halorientalis	Archaea	GCA_023077655.1	0.169595	congeneric	1
as_reported	GCA_005239435.1	Halorussus	Archaea	GCA_029338395.1	0.163711	congeneric	1
no_self_strain	GCA_005239435.1	Halorussus	Archaea	GCA_029338395.1	0.163711	congeneric	1
novel_species	GCA_005239435.1	Halorussus	Archaea	GCA_029338395.1	0.163711	congeneric	1
as_reported	GCA_005310945.1	Haloarcula	Archaea	GCA_000011085.1	0.001303	same_strain	1
no_self_strain	GCA_005310945.1	Haloarcula	Archaea	GCA_003634715.1	0.026902	congeneric	1
novel_species	GCA_005310945.1	Haloarcula	Archaea	GCA_003634715.1	0.026902	congeneric	1
as_reported	GCA_005406125.1	Haloarcula	Archaea	GCA_031624315.1	0.076452	congeneric	1
no_self_strain	GCA_005406125.1	Haloarcula	Archaea	GCA_031624315.1	0.076452	congeneric	1
novel_species	GCA_005406125.1	Haloarcula	Archaea	GCA_031624315.1	0.076452	congeneric	1
as_reported	GCA_005406325.1	Haloferax	Archaea	GCA_000306765.2	0.000143	same_strain	1
no_self_strain	GCA_005406325.1	Haloferax	Archaea	GCA_000337815.1	0.122172	congeneric	1
novel_species	GCA_005406325.1	Haloferax	Archaea	GCA_000337815.1	0.122172	congeneric	1
as_reported	GCA_005543295.1	Halalkalirubrum	Archaea	GCA_023638035.1	0.240966	inter_genus	0
no_self_strain	GCA_005543295.1	Halalkalirubrum	Archaea	GCA_023638035.1	0.240966	inter_genus	0
novel_species	GCA_005543295.1	Halalkalirubrum	Archaea	GCA_023638035.1	0.240966	inter_genus	0
as_reported	GCA_006861655.1	Halonotius	Archaea	GCA_003605575.1	0.118496	congeneric	1
no_self_strain	GCA_006861655.1	Halonotius	Archaea	GCA_003605575.1	0.118496	congeneric	1
novel_species	GCA_006861655.1	Halonotius	Archaea	GCA_003605575.1	0.118496	congeneric	1
as_reported	GCA_006861665.1	Halonotius	Archaea	GCA_006861655.1	0.175829	congeneric	1
no_self_strain	GCA_006861665.1	Halonotius	Archaea	GCA_006861655.1	0.175829	congeneric	1
novel_species	GCA_006861665.1	Halonotius	Archaea	GCA_006861655.1	0.175829	congeneric	1
as_reported	GCA_007421925.1	Haloglomus	Archaea	GCA_024298825.1	0.184752	congeneric	1
no_self_strain	GCA_007421925.1	Haloglomus	Archaea	GCA_024298825.1	0.184752	congeneric	1
novel_species	GCA_007421925.1	Haloglomus	Archaea	GCA_024298825.1	0.184752	congeneric	1
as_reported	GCA_007655485.1	Halobellus	Archaea	GCA_037031285.1	0.126871	congeneric	1
no_self_strain	GCA_007655485.1	Halobellus	Archaea	GCA_037031285.1	0.126871	congeneric	1
novel_species	GCA_007655485.1	Halobellus	Archaea	GCA_037031285.1	0.126871	congeneric	1
as_reported	GCA_007671685.1	Halorubrum	Archaea	GCA_000337915.1	0.105125	congeneric	1
no_self_strain	GCA_007671685.1	Halorubrum	Archaea	GCA_000337915.1	0.105125	congeneric	1
novel_species	GCA_007671685.1	Halorubrum	Archaea	GCA_000337915.1	0.105125	congeneric	1
as_reported	GCA_007671725.1	Halorubrum	Archaea	GCA_055381185.1	0.109726	congeneric	1
no_self_strain	GCA_007671725.1	Halorubrum	Archaea	GCA_055381185.1	0.109726	congeneric	1
novel_species	GCA_007671725.1	Halorubrum	Archaea	GCA_055381185.1	0.109726	congeneric	1
as_reported	GCA_008124605.1	Halobacterium	Archaea	GCA_004799605.1	0.000287	same_species	1
no_self_strain	GCA_008124605.1	Halobacterium	Archaea	GCA_004799605.1	0.000287	same_species	1
novel_species	GCA_008124605.1	Halobacterium	Archaea	GCA_900110535.1	0.188699	congeneric	1
as_reported	GCA_008831545.1	Halorussus	Archaea	GCA_024138165.1	0.235988	congeneric	1
no_self_strain	GCA_008831545.1	Halorussus	Archaea	GCA_024138165.1	0.235988	congeneric	1
novel_species	GCA_008831545.1	Halorussus	Archaea	GCA_024138165.1	0.235988	congeneric	1
as_reported	GCA_009184545.1	Halosegnis	Archaea	GCA_003722095.1	0.092625	congeneric	1
no_self_strain	GCA_009184545.1	Halosegnis	Archaea	GCA_003722095.1	0.092625	congeneric	1
novel_species	GCA_009184545.1	Halosegnis	Archaea	GCA_003722095.1	0.092625	congeneric	1
as_reported	GCA_009428885.1	Acidianus	Archaea	GCA_009729015.1	0.001968	same_species	1
no_self_strain	GCA_009428885.1	Acidianus	Archaea	GCA_009729015.1	0.001968	same_species	1
novel_species	GCA_009428885.1	Acidianus	Archaea	GCA_009729545.1	0.062647	congeneric	1
as_reported	GCA_009663395.1	Halosegnis	Archaea	GCA_003722095.1	0.031706	same_species	1
no_self_strain	GCA_009663395.1	Halosegnis	Archaea	GCA_003722095.1	0.031706	same_species	1
novel_species	GCA_009663395.1	Halosegnis	Archaea	GCA_009184545.1	0.094433	congeneric	1
as_reported	GCA_009674585.1	Haloferax	Archaea	GCA_009674605.1	0.101411	congeneric	1
no_self_strain	GCA_009674585.1	Haloferax	Archaea	GCA_009674605.1	0.101411	congeneric	1
novel_species	GCA_009674585.1	Haloferax	Archaea	GCA_009674605.1	0.101411	congeneric	1
as_reported	GCA_009674605.1	Haloferax	Archaea	GCA_001469865.1	0.062241	congeneric	1
no_self_strain	GCA_009674605.1	Haloferax	Archaea	GCA_001469865.1	0.062241	congeneric	1
novel_species	GCA_009674605.1	Haloferax	Archaea	GCA_001469865.1	0.062241	congeneric	1
as_reported	GCA_009674625.1	Haloferax	Archaea	GCA_009674585.1	0.112681	congeneric	1
no_self_strain	GCA_009674625.1	Haloferax	Archaea	GCA_009674585.1	0.112681	congeneric	1
novel_species	GCA_009674625.1	Haloferax	Archaea	GCA_009674585.1	0.112681	congeneric	1
as_reported	GCA_009729015.1	Acidianus	Archaea	GCA_009428885.1	0.001968	same_species	1
no_self_strain	GCA_009729015.1	Acidianus	Archaea	GCA_009428885.1	0.001968	same_species	1
novel_species	GCA_009729015.1	Acidianus	Archaea	GCA_009729545.1	0.062241	congeneric	1
as_reported	GCA_009729545.1	Acidianus	Archaea	GCA_009729015.1	0.062241	congeneric	1
no_self_strain	GCA_009729545.1	Acidianus	Archaea	GCA_009729015.1	0.062241	congeneric	1
novel_species	GCA_009729545.1	Acidianus	Archaea	GCA_009729015.1	0.062241	congeneric	1
as_reported	GCA_009762275.1	Haloplanus	Archaea	GCA_024498175.1	0.025153	congeneric	1
no_self_strain	GCA_009762275.1	Haloplanus	Archaea	GCA_024498175.1	0.025153	congeneric	1
novel_species	GCA_009762275.1	Haloplanus	Archaea	GCA_024498175.1	0.025153	congeneric	1
as_reported	GCA_009791395.1	Halomarina	Archaea	GCA_023699475.1	0.160580	congeneric	1
no_self_strain	GCA_009791395.1	Halomarina	Archaea	GCA_023699475.1	0.160580	congeneric	1
novel_species	GCA_009791395.1	Halomarina	Archaea	GCA_023699475.1	0.160580	congeneric	1
as_reported	GCA_009831555.1	Halobacterium	Archaea	GCA_037031165.1	0.194475	congeneric	1
no_self_strain	GCA_009831555.1	Halobacterium	Archaea	GCA_037031165.1	0.194475	congeneric	1
novel_species	GCA_009831555.1	Halobacterium	Archaea	GCA_037031165.1	0.194475	congeneric	1
as_reported	GCA_009831625.1	Halobaculum	Archaea	GCA_019880225.1	0.106515	congeneric	1
no_self_strain	GCA_009831625.1	Halobaculum	Archaea	GCA_019880225.1	0.106515	congeneric	1
novel_species	GCA_009831625.1	Halobaculum	Archaea	GCA_019880225.1	0.106515	congeneric	1
as_reported	GCA_009900715.1	Halococcus	Archaea	GCA_000336675.1	0.080457	congeneric	1
no_self_strain	GCA_009900715.1	Halococcus	Archaea	GCA_000336675.1	0.080457	congeneric	1
novel_species	GCA_009900715.1	Halococcus	Archaea	GCA_000336675.1	0.080457	congeneric	1
as_reported	GCA_010119195.1	Haloarcula	Archaea	GCA_019061225.1	0.000215	same_species	1
no_self_strain	GCA_010119195.1	Haloarcula	Archaea	GCA_019061225.1	0.000215	same_species	1
novel_species	GCA_010119195.1	Haloarcula	Archaea	GCA_037078405.1	0.145159	congeneric	1
as_reported	GCA_010119205.1	Haloarcula	Archaea	GCA_019599505.1	0.086591	congeneric	1
no_self_strain	GCA_010119205.1	Haloarcula	Archaea	GCA_019599505.1	0.086591	congeneric	1
novel_species	GCA_010119205.1	Haloarcula	Archaea	GCA_019599505.1	0.086591	congeneric	1
as_reported	GCA_013267195.1	Halorubrum	Archaea	GCA_000337395.1	0.094738	congeneric	1
no_self_strain	GCA_013267195.1	Halorubrum	Archaea	GCA_000337395.1	0.094738	congeneric	1
novel_species	GCA_013267195.1	Halorubrum	Archaea	GCA_000337395.1	0.094738	congeneric	1
as_reported	GCA_013342145.1	Haloterrigena	Archaea	GCA_000337495.1	0.064918	congeneric	1
no_self_strain	GCA_013342145.1	Haloterrigena	Archaea	GCA_000337495.1	0.064918	congeneric	1
novel_species	GCA_013342145.1	Haloterrigena	Archaea	GCA_000337495.1	0.064918	congeneric	1
as_reported	GCA_013401515.1	Halorarum	Archaea	GCA_013402875.1	0.165635	congeneric	1
no_self_strain	GCA_013401515.1	Halorarum	Archaea	GCA_013402875.1	0.165635	congeneric	1
novel_species	GCA_013401515.1	Halorarum	Archaea	GCA_013402875.1	0.165635	congeneric	1
as_reported	GCA_013402875.1	Halorarum	Archaea	GCA_013401515.1	0.165635	congeneric	1
no_self_strain	GCA_013402875.1	Halorarum	Archaea	GCA_013401515.1	0.165635	congeneric	1
novel_species	GCA_013402875.1	Halorarum	Archaea	GCA_013401515.1	0.165635	congeneric	1
as_reported	GCA_013415885.1	Halosimplex	Archaea	GCA_013415905.1	0.097851	congeneric	1
no_self_strain	GCA_013415885.1	Halosimplex	Archaea	GCA_013415905.1	0.097851	congeneric	1
novel_species	GCA_013415885.1	Halosimplex	Archaea	GCA_013415905.1	0.097851	congeneric	1
as_reported	GCA_013415905.1	Halosimplex	Archaea	GCA_013415885.1	0.097851	congeneric	1
no_self_strain	GCA_013415905.1	Halosimplex	Archaea	GCA_013415885.1	0.097851	congeneric	1
novel_species	GCA_013415905.1	Halosimplex	Archaea	GCA_013415885.1	0.097851	congeneric	1
as_reported	GCA_013839425.1	Halorhabdus	Archaea	GCA_004944975.1	0.193631	congeneric	1
no_self_strain	GCA_013839425.1	Halorhabdus	Archaea	GCA_004944975.1	0.193631	congeneric	1
novel_species	GCA_013839425.1	Halorhabdus	Archaea	GCA_004944975.1	0.193631	congeneric	1
as_reported	GCA_014202515.1	Halobacterium	Archaea	GCA_020736485.1	0.002794	same_species	1
no_self_strain	GCA_014202515.1	Halobacterium	Archaea	GCA_020736485.1	0.002794	same_species	1
novel_species	GCA_014202515.1	Halobacterium	Archaea	GCA_055390035.1	0.197047	congeneric	1
as_reported	GCA_014212355.1	Halobellus	Archaea	GCA_900182765.1	0.150599	congeneric	1
no_self_strain	GCA_014212355.1	Halobellus	Archaea	GCA_900182765.1	0.150599	congeneric	1
novel_species	GCA_014212355.1	Halobellus	Archaea	GCA_900182765.1	0.150599	congeneric	1
as_reported	GCA_014635105.1	Haloferax	Archaea	GCA_000337835.1	0.018744	same_species	1
no_self_strain	GCA_014635105.1	Haloferax	Archaea	GCA_000337835.1	0.018744	same_species	1
novel_species	GCA_014635105.1	Haloferax	Archaea	GCA_000337795.1	0.035678	congeneric	1
as_reported	GCA_014646875.1	Halobellus	Archaea	GCA_900182765.1	0.000071	same_species	1
no_self_strain	GCA_014646875.1	Halobellus	Archaea	GCA_900182765.1	0.000071	same_species	1
novel_species	GCA_014646875.1	Halobellus	Archaea	GCA_014212355.1	0.150599	congeneric	1
as_reported	GCA_014647095.1	Haloarcula	Archaea	GCA_039539865.1	0.023231	same_species	1
no_self_strain	GCA_014647095.1	Haloarcula	Archaea	GCA_039539865.1	0.023231	same_species	1
novel_species	GCA_014647095.1	Haloarcula	Archaea	GCA_042429525.1	0.049666	congeneric	1
as_reported	GCA_014647115.1	Halarchaeum	Archaea	GCA_017873775.1	0.000143	same_species	1
no_self_strain	GCA_014647115.1	Halarchaeum	Archaea	GCA_017873775.1	0.000143	same_species	1
novel_species	GCA_014647115.1	Halarchaeum	Archaea	GCA_014647155.1	0.110090	congeneric	1
as_reported	GCA_014647155.1	Halarchaeum	Archaea	GCA_017874695.1	0.028098	same_species	1
no_self_strain	GCA_014647155.1	Halarchaeum	Archaea	GCA_017874695.1	0.028098	same_species	1
novel_species	GCA_014647155.1	Halarchaeum	Archaea	GCA_017873775.1	0.110090	congeneric	1
as_reported	GCA_014647235.1	Haloarcula	Archaea	GCA_019599515.1	0.000000	same_species	1
no_self_strain	GCA_014647235.1	Haloarcula	Archaea	GCA_019599515.1	0.000000	same_species	1
novel_species	GCA_014647235.1	Haloarcula	Archaea	GCA_019599465.1	0.112306	congeneric	1
as_reported	GCA_014647415.1	Haloarcula	Archaea	GCA_042429525.1	0.000358	same_species	1
no_self_strain	GCA_014647415.1	Haloarcula	Archaea	GCA_042429525.1	0.000358	same_species	1
novel_species	GCA_014647415.1	Haloarcula	Archaea	GCA_055384635.1	0.039772	congeneric	1
as_reported	GCA_014647455.2	Halarchaeum	Archaea	GCA_039520965.1	0.177265	congeneric	1
no_self_strain	GCA_014647455.2	Halarchaeum	Archaea	GCA_039520965.1	0.177265	congeneric	1
novel_species	GCA_014647455.2	Halarchaeum	Archaea	GCA_039520965.1	0.177265	congeneric	1
as_reported	GCA_014647475.1	Halocalculus	Archaea	GCA_014647155.1	0.258747	inter_genus	0
no_self_strain	GCA_014647475.1	Halocalculus	Archaea	GCA_014647155.1	0.258747	inter_genus	0
novel_species	GCA_014647475.1	Halocalculus	Archaea	GCA_014647155.1	0.258747	inter_genus	0
as_reported	GCA_016065055.1	Halosimplex	Archaea	GCA_000337455.1	0.111561	congeneric	1
no_self_strain	GCA_016065055.1	Halosimplex	Archaea	GCA_000337455.1	0.111561	congeneric	1
novel_species	GCA_016065055.1	Halosimplex	Archaea	GCA_000337455.1	0.111561	congeneric	1
as_reported	GCA_016757965.1	Archaeoglobus	Archaea	GCA_000008665.1	0.192793	congeneric	1
no_self_strain	GCA_016757965.1	Archaeoglobus	Archaea	GCA_000008665.1	0.192793	congeneric	1
novel_species	GCA_016757965.1	Archaeoglobus	Archaea	GCA_000008665.1	0.192793	congeneric	1
as_reported	GCA_017094525.1	Halapricum	Archaea	GCA_025517535.1	0.137034	congeneric	1
no_self_strain	GCA_017094525.1	Halapricum	Archaea	GCA_025517535.1	0.137034	congeneric	1
novel_species	GCA_017094525.1	Halapricum	Archaea	GCA_025517535.1	0.137034	congeneric	1
as_reported	GCA_017352155.2	Haloterrigena	Archaea	GCA_037914945.1	0.160580	congeneric	1
no_self_strain	GCA_017352155.2	Haloterrigena	Archaea	GCA_037914945.1	0.160580	congeneric	1
novel_species	GCA_017352155.2	Haloterrigena	Archaea	GCA_037914945.1	0.160580	congeneric	1
as_reported	GCA_017873555.1	Halorubrum	Archaea	GCA_039522705.1	0.000215	same_species	1
no_self_strain	GCA_017873555.1	Halorubrum	Archaea	GCA_039522705.1	0.000215	same_species	1
novel_species	GCA_017873555.1	Halorubrum	Archaea	GCA_023702125.1	0.101742	congeneric	1
as_reported	GCA_017873775.1	Halarchaeum	Archaea	GCA_014647115.1	0.000143	same_species	1
no_self_strain	GCA_017873775.1	Halarchaeum	Archaea	GCA_014647115.1	0.000143	same_species	1
novel_species	GCA_017873775.1	Halarchaeum	Archaea	GCA_014647155.1	0.110090	congeneric	1
as_reported	GCA_017873815.1	Halorubrum	Archaea	GCA_055396225.1	0.129087	congeneric	1
no_self_strain	GCA_017873815.1	Halorubrum	Archaea	GCA_055396225.1	0.129087	congeneric	1
novel_species	GCA_017873815.1	Halorubrum	Archaea	GCA_055396225.1	0.129087	congeneric	1
as_reported	GCA_017874235.1	Halolamina	Archaea	GCA_026616205.1	0.154011	congeneric	1
no_self_strain	GCA_017874235.1	Halolamina	Archaea	GCA_026616205.1	0.154011	congeneric	1
novel_species	GCA_017874235.1	Halolamina	Archaea	GCA_026616205.1	0.154011	congeneric	1
as_reported	GCA_017874695.1	Halarchaeum	Archaea	GCA_014647155.1	0.028098	same_species	1
no_self_strain	GCA_017874695.1	Halarchaeum	Archaea	GCA_014647155.1	0.028098	same_species	1
novel_species	GCA_017874695.1	Halarchaeum	Archaea	GCA_017873775.1	0.112306	congeneric	1
as_reported	GCA_018200015.1	Haloarcula	Archaea	GCA_000337275.1	0.000792	same_strain	1
no_self_strain	GCA_018200015.1	Haloarcula	Archaea	GCA_000011085.1	0.030942	same_species	1
novel_species	GCA_018200015.1	Haloarcula	Archaea	GCA_003634715.1	0.031323	congeneric	1
as_reported	GCA_018228765.1	Halorubrum	Archaea	GCA_000337395.1	0.072875	congeneric	1
no_self_strain	GCA_018228765.1	Halorubrum	Archaea	GCA_000337395.1	0.072875	congeneric	1
novel_species	GCA_018228765.1	Halorubrum	Archaea	GCA_000337395.1	0.072875	congeneric	1
as_reported	GCA_019061225.1	Haloarcula	Archaea	GCA_010119195.1	0.000215	same_species	1
no_self_strain	GCA_019061225.1	Haloarcula	Archaea	GCA_010119195.1	0.000215	same_species	1
novel_species	GCA_019061225.1	Haloarcula	Archaea	GCA_037078405.1	0.145690	congeneric	1
as_reported	GCA_019599405.1	Haloarcula	Archaea	GCA_029338235.1	0.093223	congeneric	1
no_self_strain	GCA_019599405.1	Haloarcula	Archaea	GCA_029338235.1	0.093223	congeneric	1
novel_species	GCA_019599405.1	Haloarcula	Archaea	GCA_029338235.1	0.093223	congeneric	1
as_reported	GCA_019599465.1	Haloarcula	Archaea	GCA_019599515.1	0.112306	congeneric	1
no_self_strain	GCA_019599465.1	Haloarcula	Archaea	GCA_019599515.1	0.112306	congeneric	1
novel_species	GCA_019599465.1	Haloarcula	Archaea	GCA_019599515.1	0.112306	congeneric	1
as_reported	GCA_019599505.1	Haloarcula	Archaea	GCA_010119205.1	0.086591	congeneric	1
no_self_strain	GCA_019599505.1	Haloarcula	Archaea	GCA_010119205.1	0.086591	congeneric	1
novel_species	GCA_019599505.1	Haloarcula	Archaea	GCA_010119205.1	0.086591	congeneric	1
as_reported	GCA_019599515.1	Haloarcula	Archaea	GCA_014647235.1	0.000000	same_species	1
no_self_strain	GCA_019599515.1	Haloarcula	Archaea	GCA_014647235.1	0.000000	same_species	1
novel_species	GCA_019599515.1	Haloarcula	Archaea	GCA_019599465.1	0.112306	congeneric	1
as_reported	GCA_019823105.1	Halobaculum	Archaea	GCA_042429545.1	0.055489	congeneric	1
no_self_strain	GCA_019823105.1	Halobaculum	Archaea	GCA_042429545.1	0.055489	congeneric	1
novel_species	GCA_019823105.1	Halobaculum	Archaea	GCA_042429545.1	0.055489	congeneric	1
as_reported	GCA_019880225.1	Halobaculum	Archaea	GCA_040025155.1	0.091441	congeneric	1
no_self_strain	GCA_019880225.1	Halobaculum	Archaea	GCA_040025155.1	0.091441	congeneric	1
novel_species	GCA_019880225.1	Halobaculum	Archaea	GCA_040025155.1	0.091441	congeneric	1
as_reported	GCA_019880245.1	Halobaculum	Archaea	GCA_042429545.1	0.000215	same_species	1
no_self_strain	GCA_019880245.1	Halobaculum	Archaea	GCA_042429545.1	0.000215	same_species	1
novel_species	GCA_019880245.1	Halobaculum	Archaea	GCA_019823105.1	0.055674	congeneric	1
as_reported	GCA_020097815.1	Haloprofundus	Archaea	GCA_003439925.1	0.100099	congeneric	1
no_self_strain	GCA_020097815.1	Haloprofundus	Archaea	GCA_003439925.1	0.100099	congeneric	1
novel_species	GCA_020097815.1	Haloprofundus	Archaea	GCA_003439925.1	0.100099	congeneric	1
as_reported	GCA_020097835.1	Haloprofundus	Archaea	GCA_003439925.1	0.104438	congeneric	1
no_self_strain	GCA_020097835.1	Haloprofundus	Archaea	GCA_003439925.1	0.104438	congeneric	1
novel_species	GCA_020097835.1	Haloprofundus	Archaea	GCA_003439925.1	0.104438	congeneric	1
as_reported	GCA_020150815.1	Haloprofundus	Archaea	GCA_003439925.1	0.123853	congeneric	1
no_self_strain	GCA_020150815.1	Haloprofundus	Archaea	GCA_003439925.1	0.123853	congeneric	1
novel_species	GCA_020150815.1	Haloprofundus	Archaea	GCA_003439925.1	0.123853	congeneric	1
as_reported	GCA_020217425.1	Halomicrobium	Archaea	GCA_020405185.1	0.111561	congeneric	1
no_self_strain	GCA_020217425.1	Halomicrobium	Archaea	GCA_020405185.1	0.111561	congeneric	1
novel_species	GCA_020217425.1	Halomicrobium	Archaea	GCA_020405185.1	0.111561	congeneric	1
as_reported	GCA_020405185.1	Halomicrobium	Archaea	GCA_020217425.1	0.111561	congeneric	1
no_self_strain	GCA_020405185.1	Halomicrobium	Archaea	GCA_020217425.1	0.111561	congeneric	1
novel_species	GCA_020405185.1	Halomicrobium	Archaea	GCA_020217425.1	0.111561	congeneric	1
as_reported	GCA_020567525.1	Halorubellus	Archaea	GCA_042662365.1	0.088270	congeneric	1
no_self_strain	GCA_020567525.1	Halorubellus	Archaea	GCA_042662365.1	0.088270	congeneric	1
novel_species	GCA_020567525.1	Halorubellus	Archaea	GCA_042662365.1	0.088270	congeneric	1
as_reported	GCA_020614375.1	Haladaptatus	Archaea	GCA_020618475.1	0.121342	congeneric	1
no_self_strain	GCA_020614375.1	Haladaptatus	Archaea	GCA_020618475.1	0.121342	congeneric	1
novel_species	GCA_020614375.1	Haladaptatus	Archaea	GCA_020618475.1	0.121342	congeneric	1
as_reported	GCA_020618475.1	Haladaptatus	Archaea	GCA_020614375.1	0.121342	congeneric	1
no_self_strain	GCA_020618475.1	Haladaptatus	Archaea	GCA_020614375.1	0.121342	congeneric	1
novel_species	GCA_020618475.1	Haladaptatus	Archaea	GCA_020614375.1	0.121342	congeneric	1
as_reported	GCA_020700235.1	Haladaptatus	Archaea	GCA_039544045.1	0.000431	same_species	1
no_self_strain	GCA_020700235.1	Haladaptatus	Archaea	GCA_039544045.1	0.000431	same_species	1
novel_species	GCA_020700235.1	Haladaptatus	Archaea	GCA_900156425.1	0.121756	congeneric	1
as_reported	GCA_020736485.1	Halobacterium	Archaea	GCA_014202515.1	0.002794	same_species	1
no_self_strain	GCA_020736485.1	Halobacterium	Archaea	GCA_014202515.1	0.002794	same_species	1
novel_species	GCA_020736485.1	Halobacterium	Archaea	GCA_055390035.1	0.192793	congeneric	1
as_reported	GCA_021233415.1	Halobacterium	Archaea	GCA_042647965.1	0.000000	same_species	1
no_self_strain	GCA_021233415.1	Halobacterium	Archaea	GCA_042647965.1	0.000000	same_species	1
novel_species	GCA_021233415.1	Halobacterium	Archaea	GCA_021729015.1	0.204210	congeneric	1
as_reported	GCA_021233435.1	Halobacterium	Archaea	GCA_001488575.1	0.121342	congeneric	1
no_self_strain	GCA_021233435.1	Halobacterium	Archaea	GCA_001488575.1	0.121342	congeneric	1
novel_species	GCA_021233435.1	Halobacterium	Archaea	GCA_001488575.1	0.121342	congeneric	1
as_reported	GCA_021249345.1	Halobacterium	Archaea	GCA_021233415.1	0.205138	congeneric	1
no_self_strain	GCA_021249345.1	Halobacterium	Archaea	GCA_021233415.1	0.205138	congeneric	1
novel_species	GCA_021249345.1	Halobacterium	Archaea	GCA_021233415.1	0.205138	congeneric	1
as_reported	GCA_021249405.1	Halobacterium	Archaea	GCA_021233415.1	0.215889	congeneric	1
no_self_strain	GCA_021249405.1	Halobacterium	Archaea	GCA_021233415.1	0.215889	congeneric	1
novel_species	GCA_021249405.1	Halobacterium	Archaea	GCA_021233415.1	0.215889	congeneric	1
as_reported	GCA_021729015.1	Halobacterium	Archaea	GCA_055390035.1	0.000143	same_species	1
no_self_strain	GCA_021729015.1	Halobacterium	Archaea	GCA_055390035.1	0.000143	same_species	1
novel_species	GCA_021729015.1	Halobacterium	Archaea	GCA_900110535.1	0.132280	congeneric	1
as_reported	GCA_022869805.1	Halosolutus	Archaea	GCA_023566055.1	0.143064	congeneric	1
no_self_strain	GCA_022869805.1	Halosolutus	Archaea	GCA_023566055.1	0.143064	congeneric	1
novel_species	GCA_022869805.1	Halosolutus	Archaea	GCA_023566055.1	0.143064	congeneric	1
as_reported	GCA_022870485.1	Halococcus	Archaea	GCA_039522505.1	0.000647	same_species	1
no_self_strain	GCA_022870485.1	Halococcus	Archaea	GCA_039522505.1	0.000647	same_species	1
novel_species	GCA_022870485.1	Halococcus	Archaea	GCA_052043925.1	0.048491	congeneric	1
as_reported	GCA_023028105.1	Halosolutus	Archaea	GCA_023566055.1	0.197047	congeneric	1
no_self_strain	GCA_023028105.1	Halosolutus	Archaea	GCA_023566055.1	0.197047	congeneric	1
novel_species	GCA_023028105.1	Halosolutus	Archaea	GCA_023566055.1	0.197047	congeneric	1
as_reported	GCA_023028225.1	Halorientalis	Archaea	GCA_023566035.1	0.250212	congeneric	1
no_self_strain	GCA_023028225.1	Halorientalis	Archaea	GCA_023566035.1	0.250212	congeneric	1
novel_species	GCA_023028225.1	Halorientalis	Archaea	GCA_023566035.1	0.250212	congeneric	1
as_reported	GCA_023028345.1	Halorientalis	Archaea	GCA_042678165.1	0.250212	congeneric	1
no_self_strain	GCA_023028345.1	Halorientalis	Archaea	GCA_042678165.1	0.250212	congeneric	1
novel_species	GCA_023028345.1	Halorientalis	Archaea	GCA_042678165.1	0.250212	congeneric	1
as_reported	GCA_023074835.1	Halomarina	Archaea	GCA_042658425.1	0.000071	same_species	1
no_self_strain	GCA_023074835.1	Halomarina	Archaea	GCA_042658425.1	0.000071	same_species	1
novel_species	GCA_023074835.1	Halomarina	Archaea	GCA_042677885.1	0.172320	congeneric	1
as_reported	GCA_023077655.1	Halorientalis	Archaea	GCA_042678165.1	0.001011	same_species	1
no_self_strain	GCA_023077655.1	Halorientalis	Archaea	GCA_042678165.1	0.001011	same_species	1
novel_species	GCA_023077655.1	Halorientalis	Archaea	GCA_023566035.1	0.169595	congeneric	1
as_reported	GCA_023115355.1	Halocatena	Archaea	GCA_003862495.1	0.126871	congeneric	1
no_self_strain	GCA_023115355.1	Halocatena	Archaea	GCA_003862495.1	0.126871	congeneric	1
novel_species	GCA_023115355.1	Halocatena	Archaea	GCA_003862495.1	0.126871	congeneric	1
as_reported	GCA_023238205.1	Halorussus	Archaea	GCA_023238445.1	0.121342	congeneric	1
no_self_strain	GCA_023238205.1	Halorussus	Archaea	GCA_023238445.1	0.121342	congeneric	1
novel_species	GCA_023238205.1	Halorussus	Archaea	GCA_023238445.1	0.121342	congeneric	1
as_reported	GCA_023238445.1	Halorussus	Archaea	GCA_023238205.1	0.121342	congeneric	1
no_self_strain	GCA_023238445.1	Halorussus	Archaea	GCA_023238205.1	0.121342	congeneric	1
novel_species	GCA_023238445.1	Halorussus	Archaea	GCA_023238205.1	0.121342	congeneric	1
as_reported	GCA_023276355.1	Haloplanus	Archaea	GCA_900107665.1	0.166939	congeneric	1
no_self_strain	GCA_023276355.1	Haloplanus	Archaea	GCA_900107665.1	0.166939	congeneric	1
novel_species	GCA_023276355.1	Haloplanus	Archaea	GCA_900107665.1	0.166939	congeneric	1
as_reported	GCA_023276375.1	Halocatena	Archaea	GCA_003862495.1	0.271149	congeneric	1
no_self_strain	GCA_023276375.1	Halocatena	Archaea	GCA_003862495.1	0.271149	congeneric	1
novel_species	GCA_023276375.1	Halocatena	Archaea	GCA_003862495.1	0.271149	congeneric	1
as_reported	GCA_023566035.1	Halorientalis	Archaea	GCA_005049285.1	0.000071	same_species	1
no_self_strain	GCA_023566035.1	Halorientalis	Archaea	GCA_005049285.1	0.000071	same_species	1
novel_species	GCA_023566035.1	Halorientalis	Archaea	GCA_023077655.1	0.169595	congeneric	1
as_reported	GCA_023566055.1	Halosolutus	Archaea	GCA_042654825.1	0.000143	same_species	1
no_self_strain	GCA_023566055.1	Halosolutus	Archaea	GCA_042654825.1	0.000143	same_species	1
novel_species	GCA_023566055.1	Halosolutus	Archaea	GCA_022869805.1	0.143064	congeneric	1
as_reported	GCA_023698535.1	Halorientalis	Archaea	GCA_004118325.1	0.113435	congeneric	1
no_self_strain	GCA_023698535.1	Halorientalis	Archaea	GCA_004118325.1	0.113435	congeneric	1
novel_species	GCA_023698535.1	Halorientalis	Archaea	GCA_004118325.1	0.113435	congeneric	1
as_reported	GCA_023699475.1	Halomarina	Archaea	GCA_042677885.1	0.000000	same_species	1
no_self_strain	GCA_023699475.1	Halomarina	Archaea	GCA_042677885.1	0.000000	same_species	1
novel_species	GCA_023699475.1	Halomarina	Archaea	GCA_009791395.1	0.160580	congeneric	1
as_reported	GCA_023702125.1	Halorubrum	Archaea	GCA_000337415.1	0.054213	congeneric	1
no_self_strain	GCA_023702125.1	Halorubrum	Archaea	GCA_000337415.1	0.054213	congeneric	1
novel_species	GCA_023702125.1	Halorubrum	Archaea	GCA_000337415.1	0.054213	congeneric	1
as_reported	GCA_023703775.1	Haloplanus	Archaea	GCA_054654675.1	0.145159	congeneric	1
no_self_strain	GCA_023703775.1	Haloplanus	Archaea	GCA_054654675.1	0.145159	congeneric	1
novel_species	GCA_023703775.1	Haloplanus	Archaea	GCA_054654675.1	0.145159	congeneric	1
as_reported	GCA_023703795.1	Haloplanus	Archaea	GCA_042677945.1	0.149488	congeneric	1
no_self_strain	GCA_023703795.1	Haloplanus	Archaea	GCA_042677945.1	0.149488	congeneric	1
novel_species	GCA_023703795.1	Haloplanus	Archaea	GCA_042677945.1	0.149488	congeneric	1
as_reported	GCA_024138125.1	Halorussus	Archaea	GCA_004143485.2	0.183979	congeneric	1
no_self_strain	GCA_024138125.1	Halorussus	Archaea	GCA_004143485.2	0.183979	congeneric	1
novel_species	GCA_024138125.1	Halorussus	Archaea	GCA_004143485.2	0.183979	congeneric	1
as_reported	GCA_024138165.1	Halorussus	Archaea	GCA_024138125.1	0.230048	congeneric	1
no_self_strain	GCA_024138165.1	Halorussus	Archaea	GCA_024138125.1	0.230048	congeneric	1
novel_species	GCA_024138165.1	Halorussus	Archaea	GCA_024138125.1	0.230048	congeneric	1
as_reported	GCA_024178165.1	Halohasta	Archaea	GCA_024494645.1	0.161198	congeneric	1
no_self_strain	GCA_024178165.1	Halohasta	Archaea	GCA_024494645.1	0.161198	congeneric	1
novel_species	GCA_024178165.1	Halohasta	Archaea	GCA_024494645.1	0.161198	congeneric	1
as_reported	GCA_024218775.1	Haloarcula	Archaea	GCA_019599465.1	0.162447	congeneric	1
no_self_strain	GCA_024218775.1	Haloarcula	Archaea	GCA_019599465.1	0.162447	congeneric	1
novel_species	GCA_024218775.1	Haloarcula	Archaea	GCA_019599465.1	0.162447	congeneric	1
as_reported	GCA_024218795.1	Halorussus	Archaea	GCA_042653805.1	0.000071	same_species	1
no_self_strain	GCA_024218795.1	Halorussus	Archaea	GCA_042653805.1	0.000071	same_species	1
novel_species	GCA_024218795.1	Halorussus	Archaea	GCA_023238205.1	0.147842	congeneric	1
as_reported	GCA_024227715.1	Halomarina	Archaea	GCA_030553305.1	0.251593	congeneric	1
no_self_strain	GCA_024227715.1	Halomarina	Archaea	GCA_030553305.1	0.251593	congeneric	1
novel_species	GCA_024227715.1	Halomarina	Archaea	GCA_030553305.1	0.251593	congeneric	1
as_reported	GCA_024227995.1	Halomicrococcus	Archaea	GCA_050954125.1	0.206074	congeneric	1
no_self_strain	GCA_024227995.1	Halomicrococcus	Archaea	GCA_050954125.1	0.206074	congeneric	1
novel_species	GCA_024227995.1	Halomicrococcus	Archaea	GCA_050954125.1	0.206074	congeneric	1
as_reported	GCA_024228315.1	Halomarina	Archaea	GCA_042664745.1	0.135104	congeneric	1
no_self_strain	GCA_024228315.1	Halomarina	Archaea	GCA_042664745.1	0.135104	congeneric	1
novel_species	GCA_024228315.1	Halomarina	Archaea	GCA_042664745.1	0.135104	congeneric	1
as_reported	GCA_024298825.1	Haloglomus	Archaea	GCA_024298885.1	0.068351	congeneric	1
no_self_strain	GCA_024298825.1	Haloglomus	Archaea	GCA_024298885.1	0.068351	congeneric	1
novel_species	GCA_024298825.1	Haloglomus	Archaea	GCA_024298885.1	0.068351	congeneric	1
as_reported	GCA_024298865.1	Halorarius	Archaea	GCA_024362405.1	0.214868	congeneric	1
no_self_strain	GCA_024298865.1	Halorarius	Archaea	GCA_024362405.1	0.214868	congeneric	1
novel_species	GCA_024298865.1	Halorarius	Archaea	GCA_024362405.1	0.214868	congeneric	1
as_reported	GCA_024298885.1	Haloglomus	Archaea	GCA_024298825.1	0.068351	congeneric	1
no_self_strain	GCA_024298885.1	Haloglomus	Archaea	GCA_024298825.1	0.068351	congeneric	1
novel_species	GCA_024298885.1	Haloglomus	Archaea	GCA_024298825.1	0.068351	congeneric	1
as_reported	GCA_024362405.1	Halorarius	Archaea	GCA_024298865.1	0.214868	congeneric	1
no_self_strain	GCA_024362405.1	Halorarius	Archaea	GCA_024298865.1	0.214868	congeneric	1
novel_species	GCA_024362405.1	Halorarius	Archaea	GCA_024298865.1	0.214868	congeneric	1
as_reported	GCA_024464185.1	Haloarchaeobius	Archaea	GCA_042677925.1	0.101081	congeneric	1
no_self_strain	GCA_024464185.1	Haloarchaeobius	Archaea	GCA_042677925.1	0.101081	congeneric	1
novel_species	GCA_024464185.1	Haloarchaeobius	Archaea	GCA_042677925.1	0.101081	congeneric	1
as_reported	GCA_024464595.1	Halobellus	Archaea	GCA_042678065.1	0.000720	same_species	1
no_self_strain	GCA_024464595.1	Halobellus	Archaea	GCA_042678065.1	0.000720	same_species	1
novel_species	GCA_024464595.1	Halobellus	Archaea	GCA_900108165.1	0.110823	congeneric	1
as_reported	GCA_024464655.1	Halobellus	Archaea	GCA_024498335.1	0.041996	same_species	1
no_self_strain	GCA_024464655.1	Halobellus	Archaea	GCA_024498335.1	0.041996	same_species	1
novel_species	GCA_024464655.1	Halobellus	Archaea	GCA_024494595.1	0.175829	congeneric	1
as_reported	GCA_024494565.1	Halorubrum	Archaea	GCA_042665015.1	0.001303	same_species	1
no_self_strain	GCA_024494565.1	Halorubrum	Archaea	GCA_042665015.1	0.001303	same_species	1
novel_species	GCA_024494565.1	Halorubrum	Archaea	GCA_007671725.1	0.113435	congeneric	1
as_reported	GCA_024494575.1	Halorubrum	Archaea	GCA_055380345.1	0.096280	congeneric	1
no_self_strain	GCA_024494575.1	Halorubrum	Archaea	GCA_055380345.1	0.096280	congeneric	1
novel_species	GCA_024494575.1	Halorubrum	Archaea	GCA_055380345.1	0.096280	congeneric	1
as_reported	GCA_024494595.1	Halobellus	Archaea	GCA_042677905.1	0.006568	same_species	1
no_self_strain	GCA_024494595.1	Halobellus	Archaea	GCA_042677905.1	0.006568	same_species	1
novel_species	GCA_024494595.1	Halobellus	Archaea	GCA_900108165.1	0.099451	congeneric	1
as_reported	GCA_024494645.1	Halohasta	Archaea	GCA_042677985.1	0.000215	same_species	1
no_self_strain	GCA_024494645.1	Halohasta	Archaea	GCA_042677985.1	0.000215	same_species	1
novel_species	GCA_024494645.1	Halohasta	Archaea	GCA_900109065.1	0.155174	congeneric	1
as_reported	GCA_024494655.1	Halorubrum	Archaea	GCA_042677845.1	0.000792	same_species	1
no_self_strain	GCA_024494655.1	Halorubrum	Archaea	GCA_042677845.1	0.000792	same_species	1
novel_species	GCA_024494655.1	Halorubrum	Archaea	GCA_055380345.1	0.114196	congeneric	1
as_reported	GCA_024494685.1	Halorubrum	Archaea	GCA_042657525.1	0.000071	same_species	1
no_self_strain	GCA_024494685.1	Halorubrum	Archaea	GCA_042657525.1	0.000071	same_species	1
novel_species	GCA_024494685.1	Halorubrum	Archaea	GCA_001542905.1	0.091148	congeneric	1
as_reported	GCA_024494725.1	Haloplanus	Archaea	GCA_042678025.1	0.000647	same_species	1
no_self_strain	GCA_024494725.1	Haloplanus	Archaea	GCA_042678025.1	0.000647	same_species	1
novel_species	GCA_024494725.1	Haloplanus	Archaea	GCA_024498175.1	0.118898	congeneric	1
as_reported	GCA_024495425.1	Haloarchaeobius	Archaea	GCA_042677925.1	0.000071	same_species	1
no_self_strain	GCA_024495425.1	Haloarchaeobius	Archaea	GCA_042677925.1	0.000071	same_species	1
novel_species	GCA_024495425.1	Haloarchaeobius	Archaea	GCA_024464185.1	0.101081	congeneric	1
as_reported	GCA_024498175.1	Haloplanus	Archaea	GCA_048595615.1	0.003557	same_species	1
no_self_strain	GCA_024498175.1	Haloplanus	Archaea	GCA_048595615.1	0.003557	same_species	1
novel_species	GCA_024498175.1	Haloplanus	Archaea	GCA_009762275.1	0.025153	congeneric	1
as_reported	GCA_024498335.1	Halobellus	Archaea	GCA_024464655.1	0.041996	same_species	1
no_self_strain	GCA_024498335.1	Halobellus	Archaea	GCA_024464655.1	0.041996	same_species	1
novel_species	GCA_024498335.1	Halobellus	Archaea	GCA_900108165.1	0.173013	congeneric	1
as_reported	GCA_024508235.1	Halococcus	Archaea	GCA_052043925.1	0.060247	congeneric	1
no_self_strain	GCA_024508235.1	Halococcus	Archaea	GCA_052043925.1	0.060247	congeneric	1
novel_species	GCA_024508235.1	Halococcus	Archaea	GCA_052043925.1	0.060247	congeneric	1
as_reported	GCA_025457605.1	Haloarcula	Archaea	GCA_029530365.1	0.036642	same_species	1
no_self_strain	GCA_025457605.1	Haloarcula	Archaea	GCA_029530365.1	0.036642	same_species	1
novel_species	GCA_025457605.1	Haloarcula	Archaea	GCA_035656455.1	0.107573	congeneric	1
as_reported	GCA_025517535.1	Halapricum	Archaea	GCA_017094525.1	0.137034	congeneric	1
no_self_strain	GCA_025517535.1	Halapricum	Archaea	GCA_017094525.1	0.137034	congeneric	1
novel_species	GCA_025517535.1	Halapricum	Archaea	GCA_017094525.1	0.137034	congeneric	1
as_reported	GCA_026242195.1	Halorutilus	Archaea	GCA_008245225.1	0.380922	inter_genus	0
no_self_strain	GCA_026242195.1	Halorutilus	Archaea	GCA_008245225.1	0.380922	inter_genus	0
novel_species	GCA_026242195.1	Halorutilus	Archaea	GCA_008245225.1	0.380922	inter_genus	0
as_reported	GCA_026248685.1	Haladaptatus	Archaea	GCA_051194195.1	0.136548	congeneric	1
no_self_strain	GCA_026248685.1	Haladaptatus	Archaea	GCA_051194195.1	0.136548	congeneric	1
novel_species	GCA_026248685.1	Haladaptatus	Archaea	GCA_051194195.1	0.136548	congeneric	1
as_reported	GCA_026586625.1	Halobium	Archaea	GCA_042663265.1	0.000000	same_species	1
no_self_strain	GCA_026586625.1	Halobium	Archaea	GCA_042663265.1	0.000000	same_species	1
novel_species	GCA_026586625.1	Halobium	Archaea	GCA_900103715.1	0.263252	inter_genus	0
as_reported	GCA_026586675.1	Halorubrum	Archaea	GCA_042663285.1	0.000000	same_species	1
no_self_strain	GCA_026586675.1	Halorubrum	Archaea	GCA_042663285.1	0.000000	same_species	1
novel_species	GCA_026586675.1	Halorubrum	Archaea	GCA_007671725.1	0.110456	congeneric	1
as_reported	GCA_026616195.1	Haloarchaeobius	Archaea	GCA_055396915.1	0.001746	same_species	1
no_self_strain	GCA_026616195.1	Haloarchaeobius	Archaea	GCA_055396915.1	0.001746	same_species	1
novel_species	GCA_026616195.1	Haloarchaeobius	Archaea	GCA_051801355.1	0.148936	congeneric	1
as_reported	GCA_026616205.1	Halolamina	Archaea	GCA_054652895.1	0.000358	same_species	1
no_self_strain	GCA_026616205.1	Halolamina	Archaea	GCA_054652895.1	0.000358	same_species	1
novel_species	GCA_026616205.1	Halolamina	Archaea	GCA_017874235.1	0.154011	congeneric	1
as_reported	GCA_027563145.1	Halocatena	Archaea	GCA_023115355.1	0.288646	congeneric	1
no_self_strain	GCA_027563145.1	Halocatena	Archaea	GCA_023115355.1	0.288646	congeneric	1
novel_species	GCA_027563145.1	Halocatena	Archaea	GCA_023115355.1	0.288646	congeneric	1
as_reported	GCA_028747785.1	Halosimplex	Archaea	GCA_042663565.1	0.002043	same_species	1
no_self_strain	GCA_028747785.1	Halosimplex	Archaea	GCA_042663565.1	0.002043	same_species	1
novel_species	GCA_028747785.1	Halosimplex	Archaea	GCA_047715405.1	0.101081	congeneric	1
as_reported	GCA_029167205.1	Methanocrinis	Archaea	GCA_029167045.1	0.160580	congeneric	1
no_self_strain	GCA_029167205.1	Methanocrinis	Archaea	GCA_029167045.1	0.160580	congeneric	1
novel_species	GCA_029167205.1	Methanocrinis	Archaea	GCA_029167045.1	0.160580	congeneric	1
as_reported	GCA_029167045.1	Methanocrinis	Archaea	GCA_029167205.1	0.160580	congeneric	1
no_self_strain	GCA_029167045.1	Methanocrinis	Archaea	GCA_029167205.1	0.160580	congeneric	1
novel_species	GCA_029167045.1	Methanocrinis	Archaea	GCA_029167205.1	0.160580	congeneric	1
as_reported	GCA_029232205.1	Candidatus Nanohalovita	Archaea	GCA_029207735.1	0.431489	inter_genus	0
no_self_strain	GCA_029232205.1	Candidatus Nanohalovita	Archaea	GCA_029207735.1	0.431489	inter_genus	0
novel_species	GCA_029232205.1	Candidatus Nanohalovita	Archaea	GCA_029207735.1	0.431489	inter_genus	0
as_reported	GCA_029207735.1	Candidatus Nanohalococcus	Archaea	GCA_029232205.1	0.431489	inter_genus	0
no_self_strain	GCA_029207735.1	Candidatus Nanohalococcus	Archaea	GCA_029232205.1	0.431489	inter_genus	0
novel_species	GCA_029207735.1	Candidatus Nanohalococcus	Archaea	GCA_029232205.1	0.431489	inter_genus	0
as_reported	GCA_029278565.1	Haloarcula	Archaea	GCA_042663445.1	0.000792	same_species	1
no_self_strain	GCA_029278565.1	Haloarcula	Archaea	GCA_042663445.1	0.000792	same_species	1
novel_species	GCA_029278565.1	Haloarcula	Archaea	GCA_035666295.1	0.053673	congeneric	1
as_reported	GCA_029338195.1	Haloarcula	Archaea	GCA_019599465.1	0.194475	congeneric	1
no_self_strain	GCA_029338195.1	Haloarcula	Archaea	GCA_019599465.1	0.194475	congeneric	1
novel_species	GCA_029338195.1	Haloarcula	Archaea	GCA_019599465.1	0.194475	congeneric	1
as_reported	GCA_029338235.1	Haloarcula	Archaea	GCA_019599405.1	0.093223	congeneric	1
no_self_strain	GCA_029338235.1	Haloarcula	Archaea	GCA_019599405.1	0.093223	congeneric	1
novel_species	GCA_029338235.1	Haloarcula	Archaea	GCA_019599405.1	0.093223	congeneric	1
as_reported	GCA_029338255.1	Haloarcula	Archaea	GCA_029338315.1	0.101081	congeneric	1
no_self_strain	GCA_029338255.1	Haloarcula	Archaea	GCA_029338315.1	0.101081	congeneric	1
novel_species	GCA_029338255.1	Haloarcula	Archaea	GCA_029338315.1	0.101081	congeneric	1
as_reported	GCA_029338275.1	Haloarcula	Archaea	GCA_042663425.1	0.002946	same_species	1
no_self_strain	GCA_029338275.1	Haloarcula	Archaea	GCA_042663425.1	0.002946	same_species	1
novel_species	GCA_029338275.1	Haloarcula	Archaea	GCA_029338255.1	0.143064	congeneric	1
as_reported	GCA_029338315.1	Haloarcula	Archaea	GCA_029338255.1	0.101081	congeneric	1
no_self_strain	GCA_029338315.1	Haloarcula	Archaea	GCA_029338255.1	0.101081	congeneric	1
novel_species	GCA_029338315.1	Haloarcula	Archaea	GCA_029338255.1	0.101081	congeneric	1
as_reported	GCA_029338335.1	Halomontanus	Archaea	GCA_025517485.1	0.147300	inter_genus	0
no_self_strain	GCA_029338335.1	Halomontanus	Archaea	GCA_025517485.1	0.147300	inter_genus	0
novel_species	GCA_029338335.1	Halomontanus	Archaea	GCA_025517485.1	0.147300	inter_genus	0
as_reported	GCA_029338355.1	Halosegnis	Archaea	GCA_042663465.1	0.000000	same_species	1
no_self_strain	GCA_029338355.1	Halosegnis	Archaea	GCA_042663465.1	0.000000	same_species	1
novel_species	GCA_029338355.1	Halosegnis	Archaea	GCA_009184545.1	0.226624	congeneric	1
as_reported	GCA_029338375.1	Halorussus	Archaea	GCA_004765785.1	0.123430	congeneric	1
no_self_strain	GCA_029338375.1	Halorussus	Archaea	GCA_004765785.1	0.123430	congeneric	1
novel_species	GCA_029338375.1	Halorussus	Archaea	GCA_004765785.1	0.123430	congeneric	1
as_reported	GCA_029338395.1	Halorussus	Archaea	GCA_042662985.1	0.026784	same_species	1
no_self_strain	GCA_029338395.1	Halorussus	Archaea	GCA_042662985.1	0.026784	same_species	1
novel_species	GCA_029338395.1	Halorussus	Archaea	GCA_005239435.1	0.163711	congeneric	1
as_reported	GCA_029338515.1	Haloglomus	Archaea	GCA_024298825.1	0.137522	congeneric	1
no_self_strain	GCA_029338515.1	Haloglomus	Archaea	GCA_024298825.1	0.137522	congeneric	1
novel_species	GCA_029338515.1	Haloglomus	Archaea	GCA_024298825.1	0.137522	congeneric	1
as_reported	GCA_029338555.1	Halobaculum	Archaea	GCA_042663245.1	0.000358	same_species	1
no_self_strain	GCA_029338555.1	Halobaculum	Archaea	GCA_042663245.1	0.000358	same_species	1
novel_species	GCA_029338555.1	Halobaculum	Archaea	GCA_030127165.1	0.116516	congeneric	1
as_reported	GCA_029338575.1	Halomarina	Archaea	GCA_042663765.1	0.000143	same_species	1
no_self_strain	GCA_029338575.1	Halomarina	Archaea	GCA_042663765.1	0.000143	same_species	1
novel_species	GCA_029338575.1	Halomarina	Archaea	GCA_024228315.1	0.136064	congeneric	1
as_reported	GCA_029490015.1	Halobaculum	Archaea	GCA_029338555.1	0.152861	congeneric	1
no_self_strain	GCA_029490015.1	Halobaculum	Archaea	GCA_029338555.1	0.152861	congeneric	1
novel_species	GCA_029490015.1	Halobaculum	Archaea	GCA_029338555.1	0.152861	congeneric	1
as_reported	GCA_029530365.1	Haloarcula	Archaea	GCA_025457605.1	0.036642	same_species	1
no_self_strain	GCA_029530365.1	Haloarcula	Archaea	GCA_025457605.1	0.036642	same_species	1
novel_species	GCA_029530365.1	Haloarcula	Archaea	GCA_035656455.1	0.106165	congeneric	1
as_reported	GCA_029814175.1	Halospeciosus	Archaea	GCA_042663645.1	0.003403	same_species	1
no_self_strain	GCA_029814175.1	Halospeciosus	Archaea	GCA_042663645.1	0.003403	same_species	1
novel_species	GCA_029814175.1	Halospeciosus	Archaea	GCA_014647155.1	0.276144	inter_genus	0
as_reported	GCA_030127105.1	Haloarcula	Archaea	GCA_042662845.1	0.034192	same_species	1
no_self_strain	GCA_030127105.1	Haloarcula	Archaea	GCA_042662845.1	0.034192	same_species	1
novel_species	GCA_030127105.1	Haloarcula	Archaea	GCA_042663445.1	0.128640	congeneric	1
as_reported	GCA_030127125.1	Halobaculum	Archaea	GCA_042663245.1	0.121756	congeneric	1
no_self_strain	GCA_030127125.1	Halobaculum	Archaea	GCA_042663245.1	0.121756	congeneric	1
novel_species	GCA_030127125.1	Halobaculum	Archaea	GCA_042663245.1	0.121756	congeneric	1
as_reported	GCA_030127145.1	Halobaculum	Archaea	GCA_042661885.1	0.001450	same_species	1
no_self_strain	GCA_030127145.1	Halobaculum	Archaea	GCA_042661885.1	0.001450	same_species	1
novel_species	GCA_030127145.1	Halobaculum	Archaea	GCA_019880225.1	0.123853	congeneric	1
as_reported	GCA_030127165.1	Halobaculum	Archaea	GCA_042663365.1	0.003250	same_species	1
no_self_strain	GCA_030127165.1	Halobaculum	Archaea	GCA_042663365.1	0.003250	same_species	1
novel_species	GCA_030127165.1	Halobaculum	Archaea	GCA_042663245.1	0.116516	congeneric	1
as_reported	GCA_030535215.1	Haloferax	Archaea	GCA_000336735.1	0.001303	same_species	1
no_self_strain	GCA_030535215.1	Haloferax	Archaea	GCA_000336735.1	0.001303	same_species	1
novel_species	GCA_030535215.1	Haloferax	Archaea	GCA_000337795.1	0.058497	congeneric	1
as_reported	GCA_030553305.1	Halomarina	Archaea	GCA_042662245.1	0.000071	same_species	1
no_self_strain	GCA_030553305.1	Halomarina	Archaea	GCA_042662245.1	0.000071	same_species	1
novel_species	GCA_030553305.1	Halomarina	Archaea	GCA_042664745.1	0.224396	congeneric	1
as_reported	GCA_031624295.1	Haloarcula	Archaea	GCA_032905985.1	0.000143	same_species	1
no_self_strain	GCA_031624295.1	Haloarcula	Archaea	GCA_032905985.1	0.000143	same_species	1
novel_species	GCA_031624295.1	Haloarcula	Archaea	GCA_042429525.1	0.039918	congeneric	1
as_reported	GCA_031624315.1	Haloarcula	Archaea	GCA_005406125.1	0.076452	congeneric	1
no_self_strain	GCA_031624315.1	Haloarcula	Archaea	GCA_005406125.1	0.076452	congeneric	1
novel_species	GCA_031624315.1	Haloarcula	Archaea	GCA_005406125.1	0.076452	congeneric	1
as_reported	GCA_031624395.1	Haloarcula	Archaea	GCA_019599405.1	0.151160	congeneric	1
no_self_strain	GCA_031624395.1	Haloarcula	Archaea	GCA_019599405.1	0.151160	congeneric	1
novel_species	GCA_031624395.1	Haloarcula	Archaea	GCA_019599405.1	0.151160	congeneric	1
as_reported	GCA_031624495.1	Halogeometricum	Archaea	GCA_031624635.1	0.086591	congeneric	1
no_self_strain	GCA_031624495.1	Halogeometricum	Archaea	GCA_031624635.1	0.086591	congeneric	1
novel_species	GCA_031624495.1	Halogeometricum	Archaea	GCA_031624635.1	0.086591	congeneric	1
as_reported	GCA_031624605.1	Haloarcula	Archaea	GCA_019599405.1	0.143584	congeneric	1
no_self_strain	GCA_031624605.1	Haloarcula	Archaea	GCA_019599405.1	0.143584	congeneric	1
novel_species	GCA_031624605.1	Haloarcula	Archaea	GCA_019599405.1	0.143584	congeneric	1
as_reported	GCA_031624635.1	Halogeometricum	Archaea	GCA_031624495.1	0.086591	congeneric	1
no_self_strain	GCA_031624635.1	Halogeometricum	Archaea	GCA_031624495.1	0.086591	congeneric	1
novel_species	GCA_031624635.1	Halogeometricum	Archaea	GCA_031624495.1	0.086591	congeneric	1
as_reported	GCA_031823395.1	Halobellus	Archaea	GCA_032113415.1	0.067261	congeneric	1
no_self_strain	GCA_031823395.1	Halobellus	Archaea	GCA_032113415.1	0.067261	congeneric	1
novel_species	GCA_031823395.1	Halobellus	Archaea	GCA_032113415.1	0.067261	congeneric	1
as_reported	GCA_032113415.1	Halobellus	Archaea	GCA_042662005.1	0.000792	same_species	1
no_self_strain	GCA_032113415.1	Halobellus	Archaea	GCA_042662005.1	0.000792	same_species	1
novel_species	GCA_032113415.1	Halobellus	Archaea	GCA_031823395.1	0.067261	congeneric	1
as_reported	GCA_032116555.1	Halorarum	Archaea	GCA_013401515.1	0.181694	congeneric	1
no_self_strain	GCA_032116555.1	Halorarum	Archaea	GCA_013401515.1	0.181694	congeneric	1
novel_species	GCA_032116555.1	Halorarum	Archaea	GCA_013401515.1	0.181694	congeneric	1
as_reported	GCA_032905985.1	Haloarcula	Archaea	GCA_031624295.1	0.000143	same_species	1
no_self_strain	GCA_032905985.1	Haloarcula	Archaea	GCA_031624295.1	0.000143	same_species	1
novel_species	GCA_032905985.1	Haloarcula	Archaea	GCA_042429525.1	0.040064	congeneric	1
as_reported	GCA_033843025.1	Haloferax	Archaea	GCA_005406325.1	0.000358	same_strain	1
no_self_strain	GCA_033843025.1	Haloferax	Archaea	GCA_000337815.1	0.122589	congeneric	1
novel_species	GCA_033843025.1	Haloferax	Archaea	GCA_000337815.1	0.122589	congeneric	1
as_reported	GCA_035656455.1	Haloarcula	Archaea	GCA_029530365.1	0.106165	congeneric	1
no_self_strain	GCA_035656455.1	Haloarcula	Archaea	GCA_029530365.1	0.106165	congeneric	1
novel_species	GCA_035656455.1	Haloarcula	Archaea	GCA_029530365.1	0.106165	congeneric	1
as_reported	GCA_035666295.1	Haloarcula	Archaea	GCA_029278565.1	0.053673	congeneric	1
no_self_strain	GCA_035666295.1	Haloarcula	Archaea	GCA_029278565.1	0.053673	congeneric	1
novel_species	GCA_035666295.1	Haloarcula	Archaea	GCA_029278565.1	0.053673	congeneric	1
as_reported	GCA_036584055.1	Halalkalicoccus	Archaea	GCA_042663525.1	0.000358	same_species	1
no_self_strain	GCA_036584055.1	Halalkalicoccus	Archaea	GCA_042663525.1	0.000358	same_species	1
novel_species	GCA_036584055.1	Halalkalicoccus	Archaea	GCA_037081715.1	0.144106	congeneric	1
as_reported	GCA_037031165.1	Halobacterium	Archaea	GCA_009831555.1	0.194475	congeneric	1
no_self_strain	GCA_037031165.1	Halobacterium	Archaea	GCA_009831555.1	0.194475	congeneric	1
novel_species	GCA_037031165.1	Halobacterium	Archaea	GCA_009831555.1	0.194475	congeneric	1
as_reported	GCA_037031225.1	Halorientalis	Archaea	GCA_004118325.1	0.183979	congeneric	1
no_self_strain	GCA_037031225.1	Halorientalis	Archaea	GCA_004118325.1	0.183979	congeneric	1
novel_species	GCA_037031225.1	Halorientalis	Archaea	GCA_004118325.1	0.183979	congeneric	1
as_reported	GCA_037031285.1	Halobellus	Archaea	GCA_007655485.1	0.126871	congeneric	1
no_self_strain	GCA_037031285.1	Halobellus	Archaea	GCA_007655485.1	0.126871	congeneric	1
novel_species	GCA_037031285.1	Halobellus	Archaea	GCA_007655485.1	0.126871	congeneric	1
as_reported	GCA_037078405.1	Haloarcula	Archaea	GCA_000223905.1	0.109364	congeneric	1
no_self_strain	GCA_037078405.1	Haloarcula	Archaea	GCA_000223905.1	0.109364	congeneric	1
novel_species	GCA_037078405.1	Haloarcula	Archaea	GCA_000223905.1	0.109364	congeneric	1
as_reported	GCA_037081675.1	Halorubellus	Archaea	GCA_042662365.1	0.000000	same_species	1
no_self_strain	GCA_037081675.1	Halorubellus	Archaea	GCA_042662365.1	0.000000	same_species	1
novel_species	GCA_037081675.1	Halorubellus	Archaea	GCA_020567525.1	0.088270	congeneric	1
as_reported	GCA_037081715.1	Halalkalicoccus	Archaea	GCA_036584055.1	0.144106	congeneric	1
no_self_strain	GCA_037081715.1	Halalkalicoccus	Archaea	GCA_036584055.1	0.144106	congeneric	1
novel_species	GCA_037081715.1	Halalkalicoccus	Archaea	GCA_036584055.1	0.144106	congeneric	1
as_reported	GCA_037201915.1	Haloplanus	Archaea	GCA_009762275.1	0.166939	congeneric	1
no_self_strain	GCA_037201915.1	Haloplanus	Archaea	GCA_009762275.1	0.166939	congeneric	1
novel_species	GCA_037201915.1	Haloplanus	Archaea	GCA_009762275.1	0.166939	congeneric	1
as_reported	GCA_037914945.1	Haloterrigena	Archaea	GCA_000025325.1	0.103079	congeneric	1
no_self_strain	GCA_037914945.1	Haloterrigena	Archaea	GCA_000025325.1	0.103079	congeneric	1
novel_species	GCA_037914945.1	Haloterrigena	Archaea	GCA_000025325.1	0.103079	congeneric	1
as_reported	GCA_037996645.1	Halalkalicoccus	Archaea	GCA_042662025.1	0.000143	same_species	1
no_self_strain	GCA_037996645.1	Halalkalicoccus	Archaea	GCA_042662025.1	0.000143	same_species	1
novel_species	GCA_037996645.1	Halalkalicoccus	Archaea	GCA_003697815.1	0.170270	congeneric	1
as_reported	GCA_039520965.1	Halarchaeum	Archaea	GCA_017873775.1	0.116125	congeneric	1
no_self_strain	GCA_039520965.1	Halarchaeum	Archaea	GCA_017873775.1	0.116125	congeneric	1
novel_species	GCA_039520965.1	Halarchaeum	Archaea	GCA_017873775.1	0.116125	congeneric	1
as_reported	GCA_039522505.1	Halococcus	Archaea	GCA_022870485.1	0.000647	same_species	1
no_self_strain	GCA_039522505.1	Halococcus	Archaea	GCA_022870485.1	0.000647	same_species	1
novel_species	GCA_039522505.1	Halococcus	Archaea	GCA_052043925.1	0.048491	congeneric	1
as_reported	GCA_039522545.1	Halorubrum	Archaea	GCA_900113615.1	0.002643	same_species	1
no_self_strain	GCA_039522545.1	Halorubrum	Archaea	GCA_900113615.1	0.002643	same_species	1
novel_species	GCA_039522545.1	Halorubrum	Archaea	GCA_900182635.1	0.086039	congeneric	1
as_reported	GCA_039522565.1	Halorubrum	Archaea	GCA_042662405.1	0.000000	same_species	1
no_self_strain	GCA_039522565.1	Halorubrum	Archaea	GCA_042662405.1	0.000000	same_species	1
novel_species	GCA_039522565.1	Halorubrum	Archaea	GCA_013267195.1	0.110456	congeneric	1
as_reported	GCA_039522705.1	Halorubrum	Archaea	GCA_017873555.1	0.000215	same_species	1
no_self_strain	GCA_039522705.1	Halorubrum	Archaea	GCA_017873555.1	0.000215	same_species	1
novel_species	GCA_039522705.1	Halorubrum	Archaea	GCA_023702125.1	0.101742	congeneric	1
as_reported	GCA_039539865.1	Haloarcula	Archaea	GCA_032905985.1	0.000215	same_species	1
no_self_strain	GCA_039539865.1	Haloarcula	Archaea	GCA_032905985.1	0.000215	same_species	1
novel_species	GCA_039539865.1	Haloarcula	Archaea	GCA_042429525.1	0.039772	congeneric	1
as_reported	GCA_039544045.1	Haladaptatus	Archaea	GCA_020700235.1	0.000431	same_species	1
no_self_strain	GCA_039544045.1	Haladaptatus	Archaea	GCA_020700235.1	0.000431	same_species	1
novel_species	GCA_039544045.1	Haladaptatus	Archaea	GCA_900156425.1	0.122172	congeneric	1
as_reported	GCA_039545195.1	Haloarcula	Archaea	GCA_000336635.1	0.001230	same_species	1
no_self_strain	GCA_039545195.1	Haloarcula	Archaea	GCA_000336635.1	0.001230	same_species	1
novel_species	GCA_039545195.1	Haloarcula	Archaea	GCA_042429525.1	0.064084	congeneric	1
as_reported	GCA_039545215.1	Haloarcula	Archaea	GCA_000223905.1	0.000215	same_species	1
no_self_strain	GCA_039545215.1	Haloarcula	Archaea	GCA_000223905.1	0.000215	same_species	1
novel_species	GCA_039545215.1	Haloarcula	Archaea	GCA_000336615.1	0.042908	congeneric	1
as_reported	GCA_040025155.1	Halobaculum	Archaea	GCA_019880225.1	0.091441	congeneric	1
no_self_strain	GCA_040025155.1	Halobaculum	Archaea	GCA_019880225.1	0.091441	congeneric	1
novel_species	GCA_040025155.1	Halobaculum	Archaea	GCA_019880225.1	0.091441	congeneric	1
as_reported	GCA_041361345.1	Halonovum	Archaea	GCA_041361465.1	0.217957	congeneric	1
no_self_strain	GCA_041361345.1	Halonovum	Archaea	GCA_041361465.1	0.217957	congeneric	1
novel_species	GCA_041361345.1	Halonovum	Archaea	GCA_041361465.1	0.217957	congeneric	1
as_reported	GCA_041361465.1	Halonovum	Archaea	GCA_041361345.1	0.217957	congeneric	1
no_self_strain	GCA_041361465.1	Halonovum	Archaea	GCA_041361345.1	0.217957	congeneric	1
novel_species	GCA_041361465.1	Halonovum	Archaea	GCA_041361345.1	0.217957	congeneric	1
as_reported	GCA_041379815.1	Halorubrum	Archaea	GCA_000337035.1	0.101411	congeneric	1
no_self_strain	GCA_041379815.1	Halorubrum	Archaea	GCA_000337035.1	0.101411	congeneric	1
novel_species	GCA_041379815.1	Halorubrum	Archaea	GCA_000337035.1	0.101411	congeneric	1
as_reported	GCA_041477585.1	Halobellus	Archaea	GCA_900107195.1	0.168925	congeneric	1
no_self_strain	GCA_041477585.1	Halobellus	Archaea	GCA_900107195.1	0.168925	congeneric	1
novel_species	GCA_041477585.1	Halobellus	Archaea	GCA_900107195.1	0.168925	congeneric	1
as_reported	GCA_042429455.1	Haladaptatus	Archaea	GCA_020700235.1	0.020412	same_species	1
no_self_strain	GCA_042429455.1	Haladaptatus	Archaea	GCA_020700235.1	0.020412	same_species	1
novel_species	GCA_042429455.1	Haladaptatus	Archaea	GCA_900156425.1	0.152861	congeneric	1
as_reported	GCA_042429525.1	Haloarcula	Archaea	GCA_014647415.1	0.000358	same_species	1
no_self_strain	GCA_042429525.1	Haloarcula	Archaea	GCA_014647415.1	0.000358	same_species	1
novel_species	GCA_042429525.1	Haloarcula	Archaea	GCA_055384635.1	0.039626	congeneric	1
as_reported	GCA_042429545.1	Halobaculum	Archaea	GCA_019880245.1	0.000215	same_species	1
no_self_strain	GCA_042429545.1	Halobaculum	Archaea	GCA_019880245.1	0.000215	same_species	1
novel_species	GCA_042429545.1	Halobaculum	Archaea	GCA_019823105.1	0.055489	congeneric	1
as_reported	GCA_042647965.1	Halobacterium	Archaea	GCA_021233415.1	0.000000	same_species	1
no_self_strain	GCA_042647965.1	Halobacterium	Archaea	GCA_021233415.1	0.000000	same_species	1
novel_species	GCA_042647965.1	Halobacterium	Archaea	GCA_021729015.1	0.204210	congeneric	1
as_reported	GCA_042651705.1	Haloarchaeobius	Archaea	GCA_042683225.1	0.000071	same_species	1
no_self_strain	GCA_042651705.1	Haloarchaeobius	Archaea	GCA_042683225.1	0.000071	same_species	1
novel_species	GCA_042651705.1	Haloarchaeobius	Archaea	GCA_024495425.1	0.120520	congeneric	1
as_reported	GCA_042651865.1	Halobium	Archaea	GCA_026586625.1	0.000287	same_species	1
no_self_strain	GCA_042651865.1	Halobium	Archaea	GCA_026586625.1	0.000287	same_species	1
novel_species	GCA_042651865.1	Halobium	Archaea	GCA_900103715.1	0.263252	inter_genus	0
as_reported	GCA_042653245.1	Halorussus	Archaea	GCA_042653805.1	0.000071	same_species	1
no_self_strain	GCA_042653245.1	Halorussus	Archaea	GCA_042653805.1	0.000071	same_species	1
novel_species	GCA_042653245.1	Halorussus	Archaea	GCA_023238205.1	0.147842	congeneric	1
as_reported	GCA_042653805.1	Halorussus	Archaea	GCA_024218795.1	0.000071	same_species	1
no_self_strain	GCA_042653805.1	Halorussus	Archaea	GCA_024218795.1	0.000071	same_species	1
novel_species	GCA_042653805.1	Halorussus	Archaea	GCA_023238205.1	0.147300	congeneric	1
as_reported	GCA_042654825.1	Halosolutus	Archaea	GCA_023566055.1	0.000143	same_species	1
no_self_strain	GCA_042654825.1	Halosolutus	Archaea	GCA_023566055.1	0.000143	same_species	1
novel_species	GCA_042654825.1	Halosolutus	Archaea	GCA_022869805.1	0.143064	congeneric	1
as_reported	GCA_042657325.1	Halorubrum	Archaea	GCA_900113615.1	0.120930	congeneric	1
no_self_strain	GCA_042657325.1	Halorubrum	Archaea	GCA_900113615.1	0.120930	congeneric	1
novel_species	GCA_042657325.1	Halorubrum	Archaea	GCA_900113615.1	0.120930	congeneric	1
as_reported	GCA_042657525.1	Halorubrum	Archaea	GCA_024494685.1	0.000071	same_species	1
no_self_strain	GCA_042657525.1	Halorubrum	Archaea	GCA_024494685.1	0.000071	same_species	1
novel_species	GCA_042657525.1	Halorubrum	Archaea	GCA_001542905.1	0.091148	congeneric	1
as_reported	GCA_042658425.1	Halomarina	Archaea	GCA_023074835.1	0.000071	same_species	1
no_self_strain	GCA_042658425.1	Halomarina	Archaea	GCA_023074835.1	0.000071	same_species	1
novel_species	GCA_042658425.1	Halomarina	Archaea	GCA_042677885.1	0.172320	congeneric	1
as_reported	GCA_042661185.1	Halopenitus	Archaea	GCA_042662125.1	0.001157	same_species	1
no_self_strain	GCA_042661185.1	Halopenitus	Archaea	GCA_042662125.1	0.001157	same_species	1
novel_species	GCA_042661185.1	Halopenitus	Archaea	GCA_900108505.1	0.207018	congeneric	1
as_reported	GCA_042661825.1	Halalkalicoccus	Archaea	GCA_042663525.1	0.034863	same_species	1
no_self_strain	GCA_042661825.1	Halalkalicoccus	Archaea	GCA_042663525.1	0.034863	same_species	1
novel_species	GCA_042661825.1	Halalkalicoccus	Archaea	GCA_037081715.1	0.193631	congeneric	1
as_reported	GCA_042661865.1	Halorubrum	Archaea	GCA_055396225.1	0.010912	same_species	1
no_self_strain	GCA_042661865.1	Halorubrum	Archaea	GCA_055396225.1	0.010912	same_species	1
novel_species	GCA_042661865.1	Halorubrum	Archaea	GCA_017873815.1	0.138507	congeneric	1
as_reported	GCA_042661885.1	Halobaculum	Archaea	GCA_030127145.1	0.001450	same_species	1
no_self_strain	GCA_042661885.1	Halobaculum	Archaea	GCA_030127145.1	0.001450	same_species	1
novel_species	GCA_042661885.1	Halobaculum	Archaea	GCA_019880225.1	0.124706	congeneric	1
as_reported	GCA_042662005.1	Halobellus	Archaea	GCA_032113415.1	0.000792	same_species	1
no_self_strain	GCA_042662005.1	Halobellus	Archaea	GCA_032113415.1	0.000792	same_species	1
novel_species	GCA_042662005.1	Halobellus	Archaea	GCA_031823395.1	0.067478	congeneric	1
as_reported	GCA_042662025.1	Halalkalicoccus	Archaea	GCA_037996645.1	0.000143	same_species	1
no_self_strain	GCA_042662025.1	Halalkalicoccus	Archaea	GCA_037996645.1	0.000143	same_species	1
novel_species	GCA_042662025.1	Halalkalicoccus	Archaea	GCA_003697815.1	0.170949	congeneric	1
as_reported	GCA_042662105.1	Halobaculum	Archaea	GCA_042661885.1	0.028827	same_species	1
no_self_strain	GCA_042662105.1	Halobaculum	Archaea	GCA_042661885.1	0.028827	same_species	1
novel_species	GCA_042662105.1	Halobaculum	Archaea	GCA_019880225.1	0.156945	congeneric	1
as_reported	GCA_042662125.1	Halopenitus	Archaea	GCA_055397165.1	0.000575	same_species	1
no_self_strain	GCA_042662125.1	Halopenitus	Archaea	GCA_055397165.1	0.000575	same_species	1
novel_species	GCA_042662125.1	Halopenitus	Archaea	GCA_900108505.1	0.205138	congeneric	1
as_reported	GCA_042662245.1	Halomarina	Archaea	GCA_030553305.1	0.000071	same_species	1
no_self_strain	GCA_042662245.1	Halomarina	Archaea	GCA_030553305.1	0.000071	same_species	1
novel_species	GCA_042662245.1	Halomarina	Archaea	GCA_042664745.1	0.224396	congeneric	1
as_reported	GCA_042662365.1	Halorubellus	Archaea	GCA_037081675.1	0.000000	same_species	1
no_self_strain	GCA_042662365.1	Halorubellus	Archaea	GCA_037081675.1	0.000000	same_species	1
novel_species	GCA_042662365.1	Halorubellus	Archaea	GCA_020567525.1	0.088270	congeneric	1
as_reported	GCA_042662405.1	Halorubrum	Archaea	GCA_039522565.1	0.000000	same_species	1
no_self_strain	GCA_042662405.1	Halorubrum	Archaea	GCA_039522565.1	0.000000	same_species	1
novel_species	GCA_042662405.1	Halorubrum	Archaea	GCA_013267195.1	0.110456	congeneric	1
as_reported	GCA_042662525.1	Halorubrum	Archaea	GCA_054653475.1	0.000431	same_species	1
no_self_strain	GCA_042662525.1	Halorubrum	Archaea	GCA_054653475.1	0.000431	same_species	1
novel_species	GCA_042662525.1	Halorubrum	Archaea	GCA_055380345.1	0.135583	congeneric	1
as_reported	GCA_042662625.1	Halopelagius	Archaea	GCA_055398025.1	0.002192	same_species	1
no_self_strain	GCA_042662625.1	Halopelagius	Archaea	GCA_055398025.1	0.002192	same_species	1
novel_species	GCA_042662625.1	Halopelagius	Archaea	GCA_900100875.1	0.086591	congeneric	1
as_reported	GCA_042662845.1	Haloarcula	Archaea	GCA_030127105.1	0.034192	same_species	1
no_self_strain	GCA_042662845.1	Haloarcula	Archaea	GCA_030127105.1	0.034192	same_species	1
novel_species	GCA_042662845.1	Haloarcula	Archaea	GCA_042663445.1	0.173710	congeneric	1
as_reported	GCA_042662985.1	Halorussus	Archaea	GCA_029338395.1	0.026784	same_species	1
no_self_strain	GCA_042662985.1	Halorussus	Archaea	GCA_029338395.1	0.026784	same_species	1
novel_species	GCA_042662985.1	Halorussus	Archaea	GCA_005239435.1	0.202375	congeneric	1
as_reported	GCA_042663225.1	Haloferax	Archaea	GCA_001469865.1	0.179457	congeneric	1
no_self_strain	GCA_042663225.1	Haloferax	Archaea	GCA_001469865.1	0.179457	congeneric	1
novel_species	GCA_042663225.1	Haloferax	Archaea	GCA_001469865.1	0.179457	congeneric	1
as_reported	GCA_042663245.1	Halobaculum	Archaea	GCA_029338555.1	0.000358	same_species	1
no_self_strain	GCA_042663245.1	Halobaculum	Archaea	GCA_029338555.1	0.000358	same_species	1
novel_species	GCA_042663245.1	Halobaculum	Archaea	GCA_030127165.1	0.116516	congeneric	1
as_reported	GCA_042663265.1	Halobium	Archaea	GCA_026586625.1	0.000000	same_species	1
no_self_strain	GCA_042663265.1	Halobium	Archaea	GCA_026586625.1	0.000000	same_species	1
novel_species	GCA_042663265.1	Halobium	Archaea	GCA_900103715.1	0.263252	inter_genus	0
as_reported	GCA_042663285.1	Halorubrum	Archaea	GCA_026586675.1	0.000000	same_species	1
no_self_strain	GCA_042663285.1	Halorubrum	Archaea	GCA_026586675.1	0.000000	same_species	1
novel_species	GCA_042663285.1	Halorubrum	Archaea	GCA_007671725.1	0.110456	congeneric	1
as_reported	GCA_042663345.1	Haloferax	Archaea	GCA_000337795.1	0.060247	congeneric	1
no_self_strain	GCA_042663345.1	Haloferax	Archaea	GCA_000337795.1	0.060247	congeneric	1
novel_species	GCA_042663345.1	Haloferax	Archaea	GCA_000337795.1	0.060247	congeneric	1
as_reported	GCA_042663365.1	Halobaculum	Archaea	GCA_030127165.1	0.003250	same_species	1
no_self_strain	GCA_042663365.1	Halobaculum	Archaea	GCA_030127165.1	0.003250	same_species	1
novel_species	GCA_042663365.1	Halobaculum	Archaea	GCA_042663245.1	0.120112	congeneric	1
as_reported	GCA_042663425.1	Haloarcula	Archaea	GCA_029338275.1	0.002946	same_species	1
no_self_strain	GCA_042663425.1	Haloarcula	Archaea	GCA_029338275.1	0.002946	same_species	1
novel_species	GCA_042663425.1	Haloarcula	Archaea	GCA_029338255.1	0.145159	congeneric	1
as_reported	GCA_042663445.1	Haloarcula	Archaea	GCA_029278565.1	0.000792	same_species	1
no_self_strain	GCA_042663445.1	Haloarcula	Archaea	GCA_029278565.1	0.000792	same_species	1
novel_species	GCA_042663445.1	Haloarcula	Archaea	GCA_035666295.1	0.054032	congeneric	1
as_reported	GCA_042663465.1	Halosegnis	Archaea	GCA_029338355.1	0.000000	same_species	1
no_self_strain	GCA_042663465.1	Halosegnis	Archaea	GCA_029338355.1	0.000000	same_species	1
novel_species	GCA_042663465.1	Halosegnis	Archaea	GCA_009184545.1	0.226624	congeneric	1
as_reported	GCA_042663525.1	Halalkalicoccus	Archaea	GCA_036584055.1	0.000358	same_species	1
no_self_strain	GCA_042663525.1	Halalkalicoccus	Archaea	GCA_036584055.1	0.000358	same_species	1
novel_species	GCA_042663525.1	Halalkalicoccus	Archaea	GCA_037081715.1	0.144106	congeneric	1
as_reported	GCA_042663565.1	Halosimplex	Archaea	GCA_028747785.1	0.002043	same_species	1
no_self_strain	GCA_042663565.1	Halosimplex	Archaea	GCA_028747785.1	0.002043	same_species	1
novel_species	GCA_042663565.1	Halosimplex	Archaea	GCA_047715405.1	0.099774	congeneric	1
as_reported	GCA_042663605.1	Haloplanus	Archaea	GCA_054654675.1	0.001084	same_species	1
no_self_strain	GCA_042663605.1	Haloplanus	Archaea	GCA_054654675.1	0.001084	same_species	1
novel_species	GCA_042663605.1	Haloplanus	Archaea	GCA_023703775.1	0.146224	congeneric	1
as_reported	GCA_042663645.1	Halospeciosus	Archaea	GCA_029814175.1	0.003403	same_species	1
no_self_strain	GCA_042663645.1	Halospeciosus	Archaea	GCA_029814175.1	0.003403	same_species	1
novel_species	GCA_042663645.1	Halospeciosus	Archaea	GCA_014647155.1	0.269529	inter_genus	0
as_reported	GCA_042663725.1	Haloplanus	Archaea	GCA_045690335.1	0.047337	same_species	1
no_self_strain	GCA_042663725.1	Haloplanus	Archaea	GCA_045690335.1	0.047337	same_species	1
novel_species	GCA_042663725.1	Haloplanus	Archaea	GCA_023703775.1	0.211861	congeneric	1
as_reported	GCA_042663765.1	Halomarina	Archaea	GCA_029338575.1	0.000143	same_species	1
no_self_strain	GCA_042663765.1	Halomarina	Archaea	GCA_029338575.1	0.000143	same_species	1
novel_species	GCA_042663765.1	Halomarina	Archaea	GCA_024228315.1	0.136064	congeneric	1
as_reported	GCA_042663805.1	Halosegnis	Archaea	GCA_029338355.1	0.044770	same_species	1
no_self_strain	GCA_042663805.1	Halosegnis	Archaea	GCA_029338355.1	0.044770	same_species	1
novel_species	GCA_042663805.1	Halosegnis	Archaea	GCA_009184545.1	0.269529	congeneric	1
as_reported	GCA_042663865.1	Halospeciosus	Archaea	GCA_042663645.1	0.031963	same_species	1
no_self_strain	GCA_042663865.1	Halospeciosus	Archaea	GCA_042663645.1	0.031963	same_species	1
novel_species	GCA_042663865.1	Halospeciosus	Archaea	GCA_039520965.1	0.318142	inter_genus	0
as_reported	GCA_042664745.1	Halomarina	Archaea	GCA_029338575.1	0.000431	same_species	1
no_self_strain	GCA_042664745.1	Halomarina	Archaea	GCA_029338575.1	0.000431	same_species	1
novel_species	GCA_042664745.1	Halomarina	Archaea	GCA_024228315.1	0.135104	congeneric	1
as_reported	GCA_042665015.1	Halorubrum	Archaea	GCA_024494565.1	0.001303	same_species	1
no_self_strain	GCA_042665015.1	Halorubrum	Archaea	GCA_024494565.1	0.001303	same_species	1
novel_species	GCA_042665015.1	Halorubrum	Archaea	GCA_007671725.1	0.112681	congeneric	1
as_reported	GCA_042677845.1	Halorubrum	Archaea	GCA_024494655.1	0.000792	same_species	1
no_self_strain	GCA_042677845.1	Halorubrum	Archaea	GCA_024494655.1	0.000792	same_species	1
novel_species	GCA_042677845.1	Halorubrum	Archaea	GCA_055380345.1	0.114578	congeneric	1
as_reported	GCA_042677885.1	Halomarina	Archaea	GCA_023699475.1	0.000000	same_species	1
no_self_strain	GCA_042677885.1	Halomarina	Archaea	GCA_023699475.1	0.000000	same_species	1
novel_species	GCA_042677885.1	Halomarina	Archaea	GCA_009791395.1	0.160580	congeneric	1
as_reported	GCA_042677905.1	Halobellus	Archaea	GCA_024494595.1	0.006568	same_species	1
no_self_strain	GCA_042677905.1	Halobellus	Archaea	GCA_024494595.1	0.006568	same_species	1
novel_species	GCA_042677905.1	Halobellus	Archaea	GCA_900108165.1	0.103756	congeneric	1
as_reported	GCA_042677925.1	Haloarchaeobius	Archaea	GCA_024495425.1	0.000071	same_species	1
no_self_strain	GCA_042677925.1	Haloarchaeobius	Archaea	GCA_024495425.1	0.000071	same_species	1
novel_species	GCA_042677925.1	Haloarchaeobius	Archaea	GCA_024464185.1	0.101081	congeneric	1
as_reported	GCA_042677945.1	Haloplanus	Archaea	GCA_054654675.1	0.002192	same_species	1
no_self_strain	GCA_042677945.1	Haloplanus	Archaea	GCA_054654675.1	0.002192	same_species	1
novel_species	GCA_042677945.1	Haloplanus	Archaea	GCA_023703775.1	0.145690	congeneric	1
as_reported	GCA_042677985.1	Halohasta	Archaea	GCA_024494645.1	0.000215	same_species	1
no_self_strain	GCA_042677985.1	Halohasta	Archaea	GCA_024494645.1	0.000215	same_species	1
novel_species	GCA_042677985.1	Halohasta	Archaea	GCA_900109065.1	0.155174	congeneric	1
as_reported	GCA_042678025.1	Haloplanus	Archaea	GCA_024494725.1	0.000647	same_species	1
no_self_strain	GCA_042678025.1	Haloplanus	Archaea	GCA_024494725.1	0.000647	same_species	1
novel_species	GCA_042678025.1	Haloplanus	Archaea	GCA_024498175.1	0.118097	congeneric	1
as_reported	GCA_042678045.1	Haloarchaeobius	Archaea	GCA_000337475.1	0.107219	inter_genus	0
no_self_strain	GCA_042678045.1	Haloarchaeobius	Archaea	GCA_000337475.1	0.107219	inter_genus	0
novel_species	GCA_042678045.1	Haloarchaeobius	Archaea	GCA_000337475.1	0.107219	inter_genus	0
as_reported	GCA_042678065.1	Halobellus	Archaea	GCA_024464595.1	0.000720	same_species	1
no_self_strain	GCA_042678065.1	Halobellus	Archaea	GCA_024464595.1	0.000720	same_species	1
novel_species	GCA_042678065.1	Halobellus	Archaea	GCA_900108165.1	0.111561	congeneric	1
as_reported	GCA_042678165.1	Halorientalis	Archaea	GCA_023077655.1	0.001011	same_species	1
no_self_strain	GCA_042678165.1	Halorientalis	Archaea	GCA_023077655.1	0.001011	same_species	1
novel_species	GCA_042678165.1	Halorientalis	Archaea	GCA_005049285.1	0.169595	congeneric	1
as_reported	GCA_042678245.1	Halolamina	Archaea	GCA_026616205.1	0.000938	same_species	1
no_self_strain	GCA_042678245.1	Halolamina	Archaea	GCA_026616205.1	0.000938	same_species	1
novel_species	GCA_042678245.1	Halolamina	Archaea	GCA_017874235.1	0.155174	congeneric	1
as_reported	GCA_042683225.1	Haloarchaeobius	Archaea	GCA_042651705.1	0.000071	same_species	1
no_self_strain	GCA_042683225.1	Haloarchaeobius	Archaea	GCA_042651705.1	0.000071	same_species	1
novel_species	GCA_042683225.1	Haloarchaeobius	Archaea	GCA_024495425.1	0.120520	congeneric	1
as_reported	GCA_045690335.1	Haloplanus	Archaea	GCA_042663605.1	0.001157	same_species	1
no_self_strain	GCA_045690335.1	Haloplanus	Archaea	GCA_042663605.1	0.001157	same_species	1
novel_species	GCA_045690335.1	Haloplanus	Archaea	GCA_023703775.1	0.146224	congeneric	1
as_reported	GCA_047715405.1	Halosimplex	Archaea	GCA_042663565.1	0.099774	congeneric	1
no_self_strain	GCA_047715405.1	Halosimplex	Archaea	GCA_042663565.1	0.099774	congeneric	1
novel_species	GCA_047715405.1	Halosimplex	Archaea	GCA_042663565.1	0.099774	congeneric	1
as_reported	GCA_048595615.1	Haloplanus	Archaea	GCA_054780475.1	0.000431	same_species	1
no_self_strain	GCA_048595615.1	Haloplanus	Archaea	GCA_054780475.1	0.000431	same_species	1
novel_species	GCA_048595615.1	Haloplanus	Archaea	GCA_009762275.1	0.028098	congeneric	1
as_reported	GCA_049958835.2	Halosubterraneus	Archaea	GCA_055381565.1	0.215889	inter_genus	0
no_self_strain	GCA_049958835.2	Halosubterraneus	Archaea	GCA_055381565.1	0.215889	inter_genus	0
novel_species	GCA_049958835.2	Halosubterraneus	Archaea	GCA_055381565.1	0.215889	inter_genus	0
as_reported	GCA_050122995.1	Haloparvum	Archaea	GCA_055381565.1	0.000000	same_species	1
no_self_strain	GCA_050122995.1	Haloparvum	Archaea	GCA_055381565.1	0.000000	same_species	1
novel_species	GCA_050122995.1	Haloparvum	Archaea	GCA_001462205.1	0.054394	congeneric	1
as_reported	GCA_050954125.1	Halomicrococcus	Archaea	GCA_024227995.1	0.206074	congeneric	1
no_self_strain	GCA_050954125.1	Halomicrococcus	Archaea	GCA_024227995.1	0.206074	congeneric	1
novel_species	GCA_050954125.1	Halomicrococcus	Archaea	GCA_024227995.1	0.206074	congeneric	1
as_reported	GCA_051194195.1	Haladaptatus	Archaea	GCA_026248685.1	0.136548	congeneric	1
no_self_strain	GCA_051194195.1	Haladaptatus	Archaea	GCA_026248685.1	0.136548	congeneric	1
novel_species	GCA_051194195.1	Haladaptatus	Archaea	GCA_026248685.1	0.136548	congeneric	1
as_reported	GCA_051207395.1	Haloarchaeobius	Archaea	GCA_051208015.1	0.191137	congeneric	1
no_self_strain	GCA_051207395.1	Haloarchaeobius	Archaea	GCA_051208015.1	0.191137	congeneric	1
novel_species	GCA_051207395.1	Haloarchaeobius	Archaea	GCA_051208015.1	0.191137	congeneric	1
as_reported	GCA_051207415.1	Haloarchaeobius	Archaea	GCA_024464185.1	0.224396	congeneric	1
no_self_strain	GCA_051207415.1	Haloarchaeobius	Archaea	GCA_024464185.1	0.224396	congeneric	1
novel_species	GCA_051207415.1	Haloarchaeobius	Archaea	GCA_024464185.1	0.224396	congeneric	1
as_reported	GCA_051208015.1	Haloarchaeobius	Archaea	GCA_051207395.1	0.191137	congeneric	1
no_self_strain	GCA_051208015.1	Haloarchaeobius	Archaea	GCA_051207395.1	0.191137	congeneric	1
novel_species	GCA_051208015.1	Haloarchaeobius	Archaea	GCA_051207395.1	0.191137	congeneric	1
as_reported	GCA_051414035.1	Halosimplex	Archaea	GCA_047715405.1	0.112306	congeneric	1
no_self_strain	GCA_051414035.1	Halosimplex	Archaea	GCA_047715405.1	0.112306	congeneric	1
novel_species	GCA_051414035.1	Halosimplex	Archaea	GCA_047715405.1	0.112306	congeneric	1
as_reported	GCA_051414055.1	Halosimplex	Archaea	GCA_004698125.1	0.082013	congeneric	1
no_self_strain	GCA_051414055.1	Halosimplex	Archaea	GCA_004698125.1	0.082013	congeneric	1
novel_species	GCA_051414055.1	Halosimplex	Archaea	GCA_004698125.1	0.082013	congeneric	1
as_reported	GCA_051414075.1	Halosimplex	Archaea	GCA_004698125.1	0.097219	congeneric	1
no_self_strain	GCA_051414075.1	Halosimplex	Archaea	GCA_004698125.1	0.097219	congeneric	1
novel_species	GCA_051414075.1	Halosimplex	Archaea	GCA_004698125.1	0.097219	congeneric	1
as_reported	GCA_051801355.1	Haloarchaeobius	Archaea	GCA_055396915.1	0.148388	congeneric	1
no_self_strain	GCA_051801355.1	Haloarchaeobius	Archaea	GCA_055396915.1	0.148388	congeneric	1
novel_species	GCA_051801355.1	Haloarchaeobius	Archaea	GCA_055396915.1	0.148388	congeneric	1
as_reported	GCA_052043865.1	Halococcus	Archaea	GCA_000336935.1	0.002043	same_species	1
no_self_strain	GCA_052043865.1	Halococcus	Archaea	GCA_000336935.1	0.002043	same_species	1
novel_species	GCA_052043865.1	Halococcus	Archaea	GCA_000336915.1	0.105125	congeneric	1
as_reported	GCA_052043925.1	Halococcus	Archaea	GCA_000336695.1	0.007975	same_strain	1
no_self_strain	GCA_052043925.1	Halococcus	Archaea	GCA_039522505.1	0.048491	congeneric	1
novel_species	GCA_052043925.1	Halococcus	Archaea	GCA_039522505.1	0.048491	congeneric	1
as_reported	GCA_052060055.1	Haloarchaeobius	Archaea	GCA_024495425.1	0.114963	congeneric	1
no_self_strain	GCA_052060055.1	Haloarchaeobius	Archaea	GCA_024495425.1	0.114963	congeneric	1
novel_species	GCA_052060055.1	Haloarchaeobius	Archaea	GCA_024495425.1	0.114963	congeneric	1
as_reported	GCA_052315315.1	Cuniculiplasma	Archaea	GCA_900083515.1	0.330580	congeneric	1
no_self_strain	GCA_052315315.1	Cuniculiplasma	Archaea	GCA_900083515.1	0.330580	congeneric	1
novel_species	GCA_052315315.1	Cuniculiplasma	Archaea	GCA_900083515.1	0.330580	congeneric	1
as_reported	GCA_052315375.1	Caldiplasma	Archaea	GCA_052315315.1	0.347277	inter_genus	0
no_self_strain	GCA_052315375.1	Caldiplasma	Archaea	GCA_052315315.1	0.347277	inter_genus	0
novel_species	GCA_052315375.1	Caldiplasma	Archaea	GCA_052315315.1	0.347277	inter_genus	0
as_reported	GCA_054177585.1	Haladaptatus	Archaea	GCA_054177595.1	0.143584	congeneric	1
no_self_strain	GCA_054177585.1	Haladaptatus	Archaea	GCA_054177595.1	0.143584	congeneric	1
novel_species	GCA_054177585.1	Haladaptatus	Archaea	GCA_054177595.1	0.143584	congeneric	1
as_reported	GCA_054177595.1	Haladaptatus	Archaea	GCA_054177585.1	0.143584	congeneric	1
no_self_strain	GCA_054177595.1	Haladaptatus	Archaea	GCA_054177585.1	0.143584	congeneric	1
novel_species	GCA_054177595.1	Haladaptatus	Archaea	GCA_054177585.1	0.143584	congeneric	1
as_reported	GCA_054652895.1	Halolamina	Archaea	GCA_026616205.1	0.000358	same_species	1
no_self_strain	GCA_054652895.1	Halolamina	Archaea	GCA_026616205.1	0.000358	same_species	1
novel_species	GCA_054652895.1	Halolamina	Archaea	GCA_017874235.1	0.154591	congeneric	1
as_reported	GCA_054653435.1	Halostagnicola	Archaea	GCA_055379965.1	0.088270	congeneric	1
no_self_strain	GCA_054653435.1	Halostagnicola	Archaea	GCA_055379965.1	0.088270	congeneric	1
novel_species	GCA_054653435.1	Halostagnicola	Archaea	GCA_055379965.1	0.088270	congeneric	1
as_reported	GCA_054653455.1	Halolamina	Archaea	GCA_001282785.1	0.077682	congeneric	1
no_self_strain	GCA_054653455.1	Halolamina	Archaea	GCA_001282785.1	0.077682	congeneric	1
novel_species	GCA_054653455.1	Halolamina	Archaea	GCA_001282785.1	0.077682	congeneric	1
as_reported	GCA_054653475.1	Halorubrum	Archaea	GCA_042662525.1	0.000431	same_species	1
no_self_strain	GCA_054653475.1	Halorubrum	Archaea	GCA_042662525.1	0.000431	same_species	1
novel_species	GCA_054653475.1	Halorubrum	Archaea	GCA_055380345.1	0.135583	congeneric	1
as_reported	GCA_054654555.1	Halopiger	Archaea	GCA_054776195.1	0.000143	same_species	1
no_self_strain	GCA_054654555.1	Halopiger	Archaea	GCA_054776195.1	0.000143	same_species	1
novel_species	GCA_054654555.1	Halopiger	Archaea	GCA_000217715.1	0.108643	congeneric	1
as_reported	GCA_054654575.1	Halorubrum	Archaea	GCA_055396225.1	0.208930	congeneric	1
no_self_strain	GCA_054654575.1	Halorubrum	Archaea	GCA_055396225.1	0.208930	congeneric	1
novel_species	GCA_054654575.1	Halorubrum	Archaea	GCA_055396225.1	0.208930	congeneric	1
as_reported	GCA_054654675.1	Haloplanus	Archaea	GCA_042663605.1	0.001084	same_species	1
no_self_strain	GCA_054654675.1	Haloplanus	Archaea	GCA_042663605.1	0.001084	same_species	1
novel_species	GCA_054654675.1	Haloplanus	Archaea	GCA_023703775.1	0.145159	congeneric	1
as_reported	GCA_054776115.1	Halorubrum	Archaea	GCA_055380345.1	0.000431	same_species	1
no_self_strain	GCA_054776115.1	Halorubrum	Archaea	GCA_055380345.1	0.000431	same_species	1
novel_species	GCA_054776115.1	Halorubrum	Archaea	GCA_024494575.1	0.096280	congeneric	1
as_reported	GCA_054776195.1	Halopiger	Archaea	GCA_054654555.1	0.000143	same_species	1
no_self_strain	GCA_054776195.1	Halopiger	Archaea	GCA_054654555.1	0.000143	same_species	1
novel_species	GCA_054776195.1	Halopiger	Archaea	GCA_000217715.1	0.109002	congeneric	1
as_reported	GCA_054780475.1	Haloplanus	Archaea	GCA_048595615.1	0.000431	same_species	1
no_self_strain	GCA_054780475.1	Haloplanus	Archaea	GCA_048595615.1	0.000431	same_species	1
novel_species	GCA_054780475.1	Haloplanus	Archaea	GCA_009762275.1	0.028461	congeneric	1
as_reported	GCA_055378595.1	Halorubellus	Archaea	GCA_042662365.1	0.000358	same_species	1
no_self_strain	GCA_055378595.1	Halorubellus	Archaea	GCA_042662365.1	0.000358	same_species	1
novel_species	GCA_055378595.1	Halorubellus	Archaea	GCA_020567525.1	0.088270	congeneric	1
as_reported	GCA_055379965.1	Halostagnicola	Archaea	GCA_054653435.1	0.088270	congeneric	1
no_self_strain	GCA_055379965.1	Halostagnicola	Archaea	GCA_054653435.1	0.088270	congeneric	1
novel_species	GCA_055379965.1	Halostagnicola	Archaea	GCA_054653435.1	0.088270	congeneric	1
as_reported	GCA_055380345.1	Halorubrum	Archaea	GCA_054776115.1	0.000431	same_species	1
no_self_strain	GCA_055380345.1	Halorubrum	Archaea	GCA_054776115.1	0.000431	same_species	1
novel_species	GCA_055380345.1	Halorubrum	Archaea	GCA_024494575.1	0.096280	congeneric	1
as_reported	GCA_055381185.1	Halorubrum	Archaea	GCA_042663285.1	0.003327	same_species	1
no_self_strain	GCA_055381185.1	Halorubrum	Archaea	GCA_042663285.1	0.003327	same_species	1
novel_species	GCA_055381185.1	Halorubrum	Archaea	GCA_007671725.1	0.109726	congeneric	1
as_reported	GCA_055381565.1	Haloparvum	Archaea	GCA_050122995.1	0.000000	same_species	1
no_self_strain	GCA_055381565.1	Haloparvum	Archaea	GCA_050122995.1	0.000000	same_species	1
novel_species	GCA_055381565.1	Haloparvum	Archaea	GCA_001462205.1	0.054394	congeneric	1
as_reported	GCA_055382885.1	Halobium	Archaea	GCA_042651865.1	0.000431	same_species	1
no_self_strain	GCA_055382885.1	Halobium	Archaea	GCA_042651865.1	0.000431	same_species	1
novel_species	GCA_055382885.1	Halobium	Archaea	GCA_900103715.1	0.263252	inter_genus	0
as_reported	GCA_055384635.1	Haloarcula	Archaea	GCA_031624295.1	0.000143	same_species	1
no_self_strain	GCA_055384635.1	Haloarcula	Archaea	GCA_031624295.1	0.000143	same_species	1
novel_species	GCA_055384635.1	Haloarcula	Archaea	GCA_042429525.1	0.039626	congeneric	1
as_reported	GCA_055389685.1	Halorubrum	Archaea	GCA_039522565.1	0.000143	same_species	1
no_self_strain	GCA_055389685.1	Halorubrum	Archaea	GCA_039522565.1	0.000143	same_species	1
novel_species	GCA_055389685.1	Halorubrum	Archaea	GCA_013267195.1	0.110456	congeneric	1
as_reported	GCA_055390035.1	Halobacterium	Archaea	GCA_021729015.1	0.000143	same_species	1
no_self_strain	GCA_055390035.1	Halobacterium	Archaea	GCA_021729015.1	0.000143	same_species	1
novel_species	GCA_055390035.1	Halobacterium	Archaea	GCA_900110535.1	0.132280	congeneric	1
as_reported	GCA_055392325.1	Acidilobus	Archaea	GCA_000144915.1	0.012262	congeneric	1
no_self_strain	GCA_055392325.1	Acidilobus	Archaea	GCA_000144915.1	0.012262	congeneric	1
novel_species	GCA_055392325.1	Acidilobus	Archaea	GCA_000144915.1	0.012262	congeneric	1
as_reported	GCA_055395675.1	Halalkalicoccus	Archaea	GCA_042662025.1	0.000215	same_species	1
no_self_strain	GCA_055395675.1	Halalkalicoccus	Archaea	GCA_042662025.1	0.000215	same_species	1
novel_species	GCA_055395675.1	Halalkalicoccus	Archaea	GCA_003697815.1	0.170949	congeneric	1
as_reported	GCA_055396225.1	Halorubrum	Archaea	GCA_042661865.1	0.010912	same_species	1
no_self_strain	GCA_055396225.1	Halorubrum	Archaea	GCA_042661865.1	0.010912	same_species	1
novel_species	GCA_055396225.1	Halorubrum	Archaea	GCA_017873815.1	0.129087	congeneric	1
as_reported	GCA_055396915.1	Haloarchaeobius	Archaea	GCA_026616195.1	0.001746	same_species	1
no_self_strain	GCA_055396915.1	Haloarchaeobius	Archaea	GCA_026616195.1	0.001746	same_species	1
novel_species	GCA_055396915.1	Haloarchaeobius	Archaea	GCA_051801355.1	0.148388	congeneric	1
as_reported	GCA_055397165.1	Halopenitus	Archaea	GCA_042662125.1	0.000575	same_species	1
no_self_strain	GCA_055397165.1	Halopenitus	Archaea	GCA_042662125.1	0.000575	same_species	1
novel_species	GCA_055397165.1	Halopenitus	Archaea	GCA_900108505.1	0.204210	congeneric	1
as_reported	GCA_055398025.1	Halopelagius	Archaea	GCA_042662625.1	0.002192	same_species	1
no_self_strain	GCA_055398025.1	Halopelagius	Archaea	GCA_042662625.1	0.002192	same_species	1
novel_species	GCA_055398025.1	Halopelagius	Archaea	GCA_003351065.1	0.086314	congeneric	1
as_reported	GCA_900083515.1	Cuniculiplasma	Archaea	GCA_052315315.1	0.330580	congeneric	1
no_self_strain	GCA_900083515.1	Cuniculiplasma	Archaea	GCA_052315315.1	0.330580	congeneric	1
novel_species	GCA_900083515.1	Cuniculiplasma	Archaea	GCA_052315315.1	0.330580	congeneric	1
as_reported	GCA_900100875.1	Halopelagius	Archaea	GCA_003351065.1	0.000215	same_species	1
no_self_strain	GCA_900100875.1	Halopelagius	Archaea	GCA_003351065.1	0.000215	same_species	1
novel_species	GCA_900100875.1	Halopelagius	Archaea	GCA_055398025.1	0.086314	congeneric	1
as_reported	GCA_900102375.1	Halorubrum	Archaea	GCA_000337435.1	0.093826	congeneric	1
no_self_strain	GCA_900102375.1	Halorubrum	Archaea	GCA_000337435.1	0.093826	congeneric	1
novel_species	GCA_900102375.1	Halorubrum	Archaea	GCA_000337435.1	0.093826	congeneric	1
as_reported	GCA_900103715.1	Halogranum	Archaea	GCA_000283335.1	0.168925	congeneric	1
no_self_strain	GCA_900103715.1	Halogranum	Archaea	GCA_000283335.1	0.168925	congeneric	1
novel_species	GCA_900103715.1	Halogranum	Archaea	GCA_000283335.1	0.168925	congeneric	1
as_reported	GCA_900106715.1	Haloarcula	Archaea	GCA_000337775.1	0.000865	same_species	1
no_self_strain	GCA_900106715.1	Haloarcula	Archaea	GCA_000337775.1	0.000865	same_species	1
novel_species	GCA_900106715.1	Haloarcula	Archaea	GCA_000011085.1	0.078931	congeneric	1
as_reported	GCA_900107195.1	Halobellus	Archaea	GCA_041477585.1	0.168925	congeneric	1
no_self_strain	GCA_900107195.1	Halobellus	Archaea	GCA_041477585.1	0.168925	congeneric	1
novel_species	GCA_900107195.1	Halobellus	Archaea	GCA_041477585.1	0.168925	congeneric	1
as_reported	GCA_900107665.1	Haloplanus	Archaea	GCA_003688715.1	0.163077	congeneric	1
no_self_strain	GCA_900107665.1	Haloplanus	Archaea	GCA_003688715.1	0.163077	congeneric	1
novel_species	GCA_900107665.1	Haloplanus	Archaea	GCA_003688715.1	0.163077	congeneric	1
as_reported	GCA_900108165.1	Halobellus	Archaea	GCA_004799685.1	0.001377	same_species	1
no_self_strain	GCA_900108165.1	Halobellus	Archaea	GCA_004799685.1	0.001377	same_species	1
novel_species	GCA_900108165.1	Halobellus	Archaea	GCA_024494595.1	0.099451	congeneric	1
as_reported	GCA_900108505.1	Halopenitus	Archaea	GCA_055397165.1	0.204210	congeneric	1
no_self_strain	GCA_900108505.1	Halopenitus	Archaea	GCA_055397165.1	0.204210	congeneric	1
novel_species	GCA_900108505.1	Halopenitus	Archaea	GCA_055397165.1	0.204210	congeneric	1
as_reported	GCA_900109065.1	Halohasta	Archaea	GCA_002788215.1	0.000431	same_species	1
no_self_strain	GCA_900109065.1	Halohasta	Archaea	GCA_002788215.1	0.000431	same_species	1
novel_species	GCA_900109065.1	Halohasta	Archaea	GCA_024494645.1	0.155174	congeneric	1
as_reported	GCA_900110215.1	Halorientalis	Archaea	GCA_023698535.1	0.114963	congeneric	1
no_self_strain	GCA_900110215.1	Halorientalis	Archaea	GCA_023698535.1	0.114963	congeneric	1
novel_species	GCA_900110215.1	Halorientalis	Archaea	GCA_023698535.1	0.114963	congeneric	1
as_reported	GCA_900110465.1	Halogranum	Archaea	GCA_000283335.1	0.152291	congeneric	1
no_self_strain	GCA_900110465.1	Halogranum	Archaea	GCA_000283335.1	0.152291	congeneric	1
novel_species	GCA_900110465.1	Halogranum	Archaea	GCA_000283335.1	0.152291	congeneric	1
as_reported	GCA_900110535.1	Halobacterium	Archaea	GCA_055390035.1	0.132280	congeneric	1
no_self_strain	GCA_900110535.1	Halobacterium	Archaea	GCA_055390035.1	0.132280	congeneric	1
novel_species	GCA_900110535.1	Halobacterium	Archaea	GCA_055390035.1	0.132280	congeneric	1
as_reported	GCA_900111935.1	Halorubrum	Archaea	GCA_000337335.1	0.096592	congeneric	1
no_self_strain	GCA_900111935.1	Halorubrum	Archaea	GCA_000337335.1	0.096592	congeneric	1
novel_species	GCA_900111935.1	Halorubrum	Archaea	GCA_000337335.1	0.096592	congeneric	1
as_reported	GCA_900112175.1	Halogeometricum	Archaea	GCA_900115785.1	0.153434	congeneric	1
no_self_strain	GCA_900112175.1	Halogeometricum	Archaea	GCA_900115785.1	0.153434	congeneric	1
novel_species	GCA_900112175.1	Halogeometricum	Archaea	GCA_900115785.1	0.153434	congeneric	1
as_reported	GCA_900113245.1	Halopelagius	Archaea	GCA_003351065.1	0.131357	congeneric	1
no_self_strain	GCA_900113245.1	Halopelagius	Archaea	GCA_003351065.1	0.131357	congeneric	1
novel_species	GCA_900113245.1	Halopelagius	Archaea	GCA_003351065.1	0.131357	congeneric	1
as_reported	GCA_900113615.1	Halorubrum	Archaea	GCA_039522545.1	0.002643	same_species	1
no_self_strain	GCA_900113615.1	Halorubrum	Archaea	GCA_039522545.1	0.002643	same_species	1
novel_species	GCA_900113615.1	Halorubrum	Archaea	GCA_900182635.1	0.083866	congeneric	1
as_reported	GCA_900114435.1	Halomicrobium	Archaea	GCA_020405185.1	0.246162	congeneric	1
no_self_strain	GCA_900114435.1	Halomicrobium	Archaea	GCA_020405185.1	0.246162	congeneric	1
novel_species	GCA_900114435.1	Halomicrobium	Archaea	GCA_020405185.1	0.246162	congeneric	1
as_reported	GCA_900114455.1	Halogranum	Archaea	GCA_000283335.1	0.034863	same_species	1
no_self_strain	GCA_900114455.1	Halogranum	Archaea	GCA_000283335.1	0.034863	same_species	1
novel_species	GCA_900114455.1	Halogranum	Archaea	GCA_900110465.1	0.155761	congeneric	1
as_reported	GCA_900115675.1	Halolamina	Archaea	GCA_000739555.1	0.103417	congeneric	1
no_self_strain	GCA_900115675.1	Halolamina	Archaea	GCA_000739555.1	0.103417	congeneric	1
novel_species	GCA_900115675.1	Halolamina	Archaea	GCA_000739555.1	0.103417	congeneric	1
as_reported	GCA_900115785.1	Halogeometricum	Archaea	GCA_900112175.1	0.153434	congeneric	1
no_self_strain	GCA_900115785.1	Halogeometricum	Archaea	GCA_900112175.1	0.153434	congeneric	1
novel_species	GCA_900115785.1	Halogeometricum	Archaea	GCA_900112175.1	0.153434	congeneric	1
as_reported	GCA_900116205.1	Halostagnicola	Archaea	GCA_000517625.1	0.135104	congeneric	1
no_self_strain	GCA_900116205.1	Halostagnicola	Archaea	GCA_000517625.1	0.135104	congeneric	1
novel_species	GCA_900116205.1	Halostagnicola	Archaea	GCA_000517625.1	0.135104	congeneric	1
as_reported	GCA_900129775.1	Halobaculum	Archaea	GCA_019880225.1	0.137034	congeneric	1
no_self_strain	GCA_900129775.1	Halobaculum	Archaea	GCA_019880225.1	0.137034	congeneric	1
novel_species	GCA_900129775.1	Halobaculum	Archaea	GCA_019880225.1	0.137034	congeneric	1
as_reported	GCA_900142335.1	Haladaptatus	Archaea	GCA_000187225.2	0.000287	same_strain	1
no_self_strain	GCA_900142335.1	Haladaptatus	Archaea	GCA_900156425.1	0.189505	congeneric	1
novel_species	GCA_900142335.1	Haladaptatus	Archaea	GCA_900156425.1	0.189505	congeneric	1
as_reported	GCA_900156425.1	Haladaptatus	Archaea	GCA_000710615.1	0.082538	congeneric	1
no_self_strain	GCA_900156425.1	Haladaptatus	Archaea	GCA_000710615.1	0.082538	congeneric	1
novel_species	GCA_900156425.1	Haladaptatus	Archaea	GCA_000710615.1	0.082538	congeneric	1
as_reported	GCA_900182635.1	Halorubrum	Archaea	GCA_900113615.1	0.083866	congeneric	1
no_self_strain	GCA_900182635.1	Halorubrum	Archaea	GCA_900113615.1	0.083866	congeneric	1
novel_species	GCA_900182635.1	Halorubrum	Archaea	GCA_900113615.1	0.083866	congeneric	1
as_reported	GCA_900182765.1	Halobellus	Archaea	GCA_014646875.1	0.000071	same_species	1
no_self_strain	GCA_900182765.1	Halobellus	Archaea	GCA_014646875.1	0.000071	same_species	1
novel_species	GCA_900182765.1	Halobellus	Archaea	GCA_014212355.1	0.150599	congeneric	1
as_reported	GCA_900188065.1	Halorubrum	Archaea	GCA_054654575.1	0.235988	congeneric	1
no_self_strain	GCA_900188065.1	Halorubrum	Archaea	GCA_054654575.1	0.235988	congeneric	1
novel_species	GCA_900188065.1	Halorubrum	Archaea	GCA_054654575.1	0.235988	congeneric	1
as_reported	GCA_900188075.1	Halorubrum	Archaea	GCA_002379115.1	0.001524	same_species	1
no_self_strain	GCA_900188075.1	Halorubrum	Archaea	GCA_002379115.1	0.001524	same_species	1
novel_species	GCA_900188075.1	Halorubrum	Archaea	GCA_041379815.1	0.109726	congeneric	1
as_reported	GCA_900880625.1	Halorhabdus	Archaea	GCA_004944975.1	0.155761	congeneric	1
no_self_strain	GCA_900880625.1	Halorhabdus	Archaea	GCA_004944975.1	0.155761	congeneric	1
novel_species	GCA_900880625.1	Halorhabdus	Archaea	GCA_004944975.1	0.155761	congeneric	1
as_reported	GCA_965136395.1	Halobacterium	Archaea	GCA_004799605.1	0.000865	same_species	1
no_self_strain	GCA_965136395.1	Halobacterium	Archaea	GCA_004799605.1	0.000865	same_species	1
novel_species	GCA_965136395.1	Halobacterium	Archaea	GCA_900110535.1	0.190318	congeneric	1
as_reported	GCA_000007185.1	Methanopyrus	Archaea	GCA_000025285.1	0.493985	inter_genus	0
no_self_strain	GCA_000007185.1	Methanopyrus	Archaea	GCA_000025285.1	0.493985	inter_genus	0
novel_species	GCA_000007185.1	Methanopyrus	Archaea	GCA_000025285.1	0.493985	inter_genus	0
as_reported	GCA_000007345.1	Methanosarcina	Archaea	GCA_000970085.1	0.091148	congeneric	1
no_self_strain	GCA_000007345.1	Methanosarcina	Archaea	GCA_000970085.1	0.091148	congeneric	1
novel_species	GCA_000007345.1	Methanosarcina	Archaea	GCA_000970085.1	0.091148	congeneric	1
as_reported	GCA_000008265.1	Picrophilus	Archaea	GCA_900176435.1	0.013181	same_strain	1
no_self_strain	GCA_000008265.1	Picrophilus	Archaea	GCA_001399695.1	0.353354	inter_genus	0
novel_species	GCA_000008265.1	Picrophilus	Archaea	GCA_001399695.1	0.353354	inter_genus	0
as_reported	GCA_000008645.1	Methanothermobacter	Archaea	GCA_027554905.1	0.002643	same_species	1
no_self_strain	GCA_000008645.1	Methanothermobacter	Archaea	GCA_027554905.1	0.002643	same_species	1
novel_species	GCA_000008645.1	Methanothermobacter	Archaea	GCA_003385755.1	0.029318	congeneric	1
as_reported	GCA_028890305.1	Methanosphaera	Archaea	GCA_000012545.1	0.190318	congeneric	1
no_self_strain	GCA_028890305.1	Methanosphaera	Archaea	GCA_000012545.1	0.190318	congeneric	1
novel_species	GCA_028890305.1	Methanosphaera	Archaea	GCA_000012545.1	0.190318	congeneric	1
as_reported	GCA_000009965.1	Thermococcus	Archaea	GCA_001592435.1	0.088554	congeneric	1
no_self_strain	GCA_000009965.1	Thermococcus	Archaea	GCA_001592435.1	0.088554	congeneric	1
novel_species	GCA_000009965.1	Thermococcus	Archaea	GCA_001592435.1	0.088554	congeneric	1
as_reported	GCA_000007305.1	Pyrococcus	Archaea	GCA_008245085.1	0.001157	same_strain	1
no_self_strain	GCA_000007305.1	Pyrococcus	Archaea	GCA_050496105.1	0.007640	congeneric	1
novel_species	GCA_000007305.1	Pyrococcus	Archaea	GCA_050496105.1	0.007640	congeneric	1
as_reported	GCA_000011105.1	Pyrococcus	Archaea	GCA_000195935.2	0.154011	congeneric	1
no_self_strain	GCA_000011105.1	Pyrococcus	Archaea	GCA_000195935.2	0.154011	congeneric	1
novel_species	GCA_000011105.1	Pyrococcus	Archaea	GCA_000195935.2	0.154011	congeneric	1
as_reported	GCA_000011205.1	Sulfurisphaera	Archaea	GCA_039545175.1	0.000358	same_species	1
no_self_strain	GCA_000011205.1	Sulfurisphaera	Archaea	GCA_039545175.1	0.000358	same_species	1
novel_species	GCA_000011205.1	Sulfurisphaera	Archaea	GCA_009729055.1	0.048325	congeneric	1
as_reported	GCA_000012285.1	Sulfolobus	Archaea	GCA_028472365.1	0.000575	same_strain	1
no_self_strain	GCA_000012285.1	Sulfolobus	Archaea	GCA_041154675.1	0.311219	inter_genus	0
novel_species	GCA_000012285.1	Sulfolobus	Archaea	GCA_041154675.1	0.311219	inter_genus	0
as_reported	GCA_000012545.1	Methanosphaera	Archaea	GCA_028890305.1	0.190318	congeneric	1
no_self_strain	GCA_000012545.1	Methanosphaera	Archaea	GCA_028890305.1	0.190318	congeneric	1
novel_species	GCA_000012545.1	Methanosphaera	Archaea	GCA_028890305.1	0.190318	congeneric	1
as_reported	GCA_000013725.1	Methanococcoides	Archaea	GCA_031454185.1	0.099774	congeneric	1
no_self_strain	GCA_000013725.1	Methanococcoides	Archaea	GCA_031454185.1	0.099774	congeneric	1
novel_species	GCA_000013725.1	Methanococcoides	Archaea	GCA_031454185.1	0.099774	congeneric	1
as_reported	GCA_000014945.1	Methanothrix	Archaea	GCA_029167045.1	0.315792	inter_genus	0
no_self_strain	GCA_000014945.1	Methanothrix	Archaea	GCA_029167045.1	0.315792	inter_genus	0
novel_species	GCA_000014945.1	Methanothrix	Archaea	GCA_029167045.1	0.315792	inter_genus	0
as_reported	GCA_000015145.1	Hyperthermus	Archaea	GCA_055379715.1	0.286781	inter_genus	0
no_self_strain	GCA_000015145.1	Hyperthermus	Archaea	GCA_055379715.1	0.286781	inter_genus	0
novel_species	GCA_000015145.1	Hyperthermus	Archaea	GCA_055379715.1	0.286781	inter_genus	0
as_reported	GCA_000015205.1	Pyrobaculum	Archaea	GCA_055384425.1	0.033002	congeneric	1
no_self_strain	GCA_000015205.1	Pyrobaculum	Archaea	GCA_055384425.1	0.033002	congeneric	1
novel_species	GCA_000015205.1	Pyrobaculum	Archaea	GCA_055384425.1	0.033002	congeneric	1
as_reported	GCA_000007225.1	Pyrobaculum	Archaea	GCA_000234805.1	0.213857	congeneric	1
no_self_strain	GCA_000007225.1	Pyrobaculum	Archaea	GCA_000234805.1	0.213857	congeneric	1
novel_species	GCA_000007225.1	Pyrobaculum	Archaea	GCA_000234805.1	0.213857	congeneric	1
as_reported	GCA_000015805.1	Pyrobaculum	Archaea	GCA_000016385.1	0.224396	congeneric	1
no_self_strain	GCA_000015805.1	Pyrobaculum	Archaea	GCA_000016385.1	0.224396	congeneric	1
novel_species	GCA_000015805.1	Pyrobaculum	Archaea	GCA_000016385.1	0.224396	congeneric	1
as_reported	GCA_000015825.1	Methanoculleus	Archaea	GCA_025914035.1	0.000431	congeneric	1
no_self_strain	GCA_000015825.1	Methanoculleus	Archaea	GCA_025914035.1	0.000431	congeneric	1
novel_species	GCA_000015825.1	Methanoculleus	Archaea	GCA_025914035.1	0.000431	congeneric	1
as_reported	GCA_000013445.1	Methanospirillum	Archaea	GCA_018502485.1	0.185530	congeneric	1
no_self_strain	GCA_000013445.1	Methanospirillum	Archaea	GCA_018502485.1	0.185530	congeneric	1
novel_species	GCA_000013445.1	Methanospirillum	Archaea	GCA_018502485.1	0.185530	congeneric	1
as_reported	GCA_000015765.1	Methanocorpusculum	Archaea	GCA_000430905.1	0.114196	congeneric	1
no_self_strain	GCA_000015765.1	Methanocorpusculum	Archaea	GCA_000430905.1	0.114196	congeneric	1
novel_species	GCA_000015765.1	Methanocorpusculum	Archaea	GCA_000430905.1	0.114196	congeneric	1
as_reported	GCA_000015945.1	Staphylothermus	Archaea	GCA_000092465.1	0.106165	congeneric	1
no_self_strain	GCA_000015945.1	Staphylothermus	Archaea	GCA_000092465.1	0.106165	congeneric	1
novel_species	GCA_000015945.1	Staphylothermus	Archaea	GCA_000092465.1	0.106165	congeneric	1
as_reported	GCA_000016385.1	Pyrobaculum	Archaea	GCA_000247545.1	0.054940	congeneric	1
no_self_strain	GCA_000016385.1	Pyrobaculum	Archaea	GCA_000247545.1	0.054940	congeneric	1
novel_species	GCA_000016385.1	Pyrobaculum	Archaea	GCA_000247545.1	0.054940	congeneric	1
as_reported	GCA_000016525.1	Methanobrevibacter	Archaea	GCA_028743435.1	0.000000	same_strain	1
no_self_strain	GCA_000016525.1	Methanobrevibacter	Archaea	GCA_002252585.1	0.058690	congeneric	1
novel_species	GCA_000016525.1	Methanobrevibacter	Archaea	GCA_002252585.1	0.058690	congeneric	1
as_reported	GCA_000016605.1	Metallosphaera	Archaea	GCA_035610555.1	0.000287	same_strain	1
no_self_strain	GCA_000016605.1	Metallosphaera	Archaea	GCA_005222525.1	0.002794	same_species	1
novel_species	GCA_000016605.1	Metallosphaera	Archaea	GCA_022064045.1	0.099128	congeneric	1
as_reported	GCA_000017165.1	Methanococcus	Archaea	GCA_016907005.1	0.178722	congeneric	1
no_self_strain	GCA_000017165.1	Methanococcus	Archaea	GCA_016907005.1	0.178722	congeneric	1
novel_species	GCA_000017165.1	Methanococcus	Archaea	GCA_016907005.1	0.178722	congeneric	1
as_reported	GCA_000017185.1	Methanococcus	Archaea	GCA_049075655.1	0.215889	inter_genus	0
no_self_strain	GCA_000017185.1	Methanococcus	Archaea	GCA_049075655.1	0.215889	inter_genus	0
novel_species	GCA_000017185.1	Methanococcus	Archaea	GCA_049075655.1	0.215889	inter_genus	0
as_reported	GCA_000017625.1	Methanoregula	Archaea	GCA_000327485.1	0.300457	congeneric	1
no_self_strain	GCA_000017625.1	Methanoregula	Archaea	GCA_000327485.1	0.300457	congeneric	1
novel_species	GCA_000017625.1	Methanoregula	Archaea	GCA_000327485.1	0.300457	congeneric	1
as_reported	GCA_000018365.1	Thermococcus	Archaea	GCA_001647085.1	0.113057	congeneric	1
no_self_strain	GCA_000018365.1	Thermococcus	Archaea	GCA_001647085.1	0.113057	congeneric	1
novel_species	GCA_000018365.1	Thermococcus	Archaea	GCA_001647085.1	0.113057	congeneric	1
as_reported	GCA_000019805.1	Pyrobaculum	Archaea	GCA_000015205.1	0.143064	congeneric	1
no_self_strain	GCA_000019805.1	Pyrobaculum	Archaea	GCA_000015205.1	0.143064	congeneric	1
novel_species	GCA_000019805.1	Pyrobaculum	Archaea	GCA_000015205.1	0.143064	congeneric	1
as_reported	GCA_000021965.1	Methanosphaerula	Archaea	GCA_052055875.1	0.116516	congeneric	1
no_self_strain	GCA_000021965.1	Methanosphaerula	Archaea	GCA_052055875.1	0.116516	congeneric	1
novel_species	GCA_000021965.1	Methanosphaerula	Archaea	GCA_052055875.1	0.116516	congeneric	1
as_reported	GCA_000022365.1	Thermococcus	Archaea	GCA_000816105.1	0.121756	congeneric	1
no_self_strain	GCA_000022365.1	Thermococcus	Archaea	GCA_000816105.1	0.121756	congeneric	1
novel_species	GCA_000022365.1	Thermococcus	Archaea	GCA_000816105.1	0.121756	congeneric	1
as_reported	GCA_000022485.1	Saccharolobus	Archaea	GCA_019175345.1	0.059270	congeneric	1
no_self_strain	GCA_000022485.1	Saccharolobus	Archaea	GCA_019175345.1	0.059270	congeneric	1
novel_species	GCA_000022485.1	Saccharolobus	Archaea	GCA_019175345.1	0.059270	congeneric	1
as_reported	GCA_000022545.1	Thermococcus	Archaea	GCA_023746595.1	0.154011	congeneric	1
no_self_strain	GCA_000022545.1	Thermococcus	Archaea	GCA_023746595.1	0.154011	congeneric	1
novel_species	GCA_000022545.1	Thermococcus	Archaea	GCA_023746595.1	0.154011	congeneric	1
as_reported	GCA_000023985.1	Methanocaldococcus	Archaea	GCA_000739065.1	0.111561	congeneric	1
no_self_strain	GCA_000023985.1	Methanocaldococcus	Archaea	GCA_000739065.1	0.111561	congeneric	1
novel_species	GCA_000023985.1	Methanocaldococcus	Archaea	GCA_000739065.1	0.111561	congeneric	1
as_reported	GCA_000024185.1	Methanobrevibacter	Archaea	GCA_900114585.1	0.215889	congeneric	1
no_self_strain	GCA_000024185.1	Methanobrevibacter	Archaea	GCA_900114585.1	0.215889	congeneric	1
novel_species	GCA_000024185.1	Methanobrevibacter	Archaea	GCA_900114585.1	0.215889	congeneric	1
as_reported	GCA_000024625.1	Methanocaldococcus	Archaea	GCA_000091665.1	0.152291	congeneric	1
no_self_strain	GCA_000024625.1	Methanocaldococcus	Archaea	GCA_000091665.1	0.152291	congeneric	1
novel_species	GCA_000024625.1	Methanocaldococcus	Archaea	GCA_000091665.1	0.152291	congeneric	1
as_reported	GCA_000025625.1	Natrialba	Archaea	GCA_000337875.1	0.000647	same_strain	1
no_self_strain	GCA_000025625.1	Natrialba	Archaea	GCA_000337575.1	0.086314	congeneric	1
novel_species	GCA_000025625.1	Natrialba	Archaea	GCA_000337575.1	0.086314	congeneric	1
as_reported	GCA_000025865.1	Methanohalophilus	Archaea	GCA_003722055.1	0.069457	congeneric	1
no_self_strain	GCA_000025865.1	Methanohalophilus	Archaea	GCA_003722055.1	0.069457	congeneric	1
novel_species	GCA_000025865.1	Methanohalophilus	Archaea	GCA_003722055.1	0.069457	congeneric	1
as_reported	GCA_000026045.1	Natronomonas	Archaea	GCA_013839515.1	0.247497	congeneric	1
no_self_strain	GCA_000026045.1	Natronomonas	Archaea	GCA_013839515.1	0.247497	congeneric	1
novel_species	GCA_000026045.1	Natronomonas	Archaea	GCA_013839515.1	0.247497	congeneric	1
as_reported	GCA_000063445.1	Methanocella	Archaea	GCA_000011005.1	0.330580	congeneric	1
no_self_strain	GCA_000063445.1	Methanocella	Archaea	GCA_000011005.1	0.330580	congeneric	1
novel_species	GCA_000063445.1	Methanocella	Archaea	GCA_000011005.1	0.330580	congeneric	1
as_reported	GCA_000011005.1	Methanocella	Archaea	GCA_000251105.1	0.228896	congeneric	1
no_self_strain	GCA_000011005.1	Methanocella	Archaea	GCA_000251105.1	0.228896	congeneric	1
novel_species	GCA_000011005.1	Methanocella	Archaea	GCA_000251105.1	0.228896	congeneric	1
as_reported	GCA_000091665.1	Methanocaldococcus	Archaea	GCA_000739065.1	0.097851	congeneric	1
no_self_strain	GCA_000091665.1	Methanocaldococcus	Archaea	GCA_000739065.1	0.097851	congeneric	1
novel_species	GCA_000091665.1	Methanocaldococcus	Archaea	GCA_000739065.1	0.097851	congeneric	1
as_reported	GCA_000092305.1	Methanocaldococcus	Archaea	GCA_000024625.1	0.234776	congeneric	1
no_self_strain	GCA_000092305.1	Methanocaldococcus	Archaea	GCA_000024625.1	0.234776	congeneric	1
novel_species	GCA_000092305.1	Methanocaldococcus	Archaea	GCA_000024625.1	0.234776	congeneric	1
as_reported	GCA_000092465.1	Staphylothermus	Archaea	GCA_000015945.1	0.106165	congeneric	1
no_self_strain	GCA_000092465.1	Staphylothermus	Archaea	GCA_000015945.1	0.106165	congeneric	1
novel_species	GCA_000092465.1	Staphylothermus	Archaea	GCA_000015945.1	0.106165	congeneric	1
as_reported	GCA_000145295.1	Methanothermobacter	Archaea	GCA_027555065.1	0.000865	same_species	1
no_self_strain	GCA_000145295.1	Methanothermobacter	Archaea	GCA_027555065.1	0.000865	same_species	1
novel_species	GCA_000145295.1	Methanothermobacter	Archaea	GCA_003385755.1	0.118496	congeneric	1
as_reported	GCA_000147875.1	Methanolacinia	Archaea	GCA_000784355.1	0.064709	congeneric	1
no_self_strain	GCA_000147875.1	Methanolacinia	Archaea	GCA_000784355.1	0.064709	congeneric	1
novel_species	GCA_000147875.1	Methanolacinia	Archaea	GCA_000784355.1	0.064709	congeneric	1
as_reported	GCA_000151105.2	Thermococcus	Archaea	GCA_000517445.1	0.107928	congeneric	1
no_self_strain	GCA_000151105.2	Thermococcus	Archaea	GCA_000517445.1	0.107928	congeneric	1
novel_species	GCA_000151105.2	Thermococcus	Archaea	GCA_000517445.1	0.107928	congeneric	1
as_reported	GCA_000166095.1	Methanothermus	Archaea	GCA_055392295.1	0.005517	congeneric	1
no_self_strain	GCA_000166095.1	Methanothermus	Archaea	GCA_055392295.1	0.005517	congeneric	1
novel_species	GCA_000166095.1	Methanothermus	Archaea	GCA_055392295.1	0.005517	congeneric	1
as_reported	GCA_000179575.2	Methanothermococcus	Archaea	GCA_049075655.1	0.130443	congeneric	1
no_self_strain	GCA_000179575.2	Methanothermococcus	Archaea	GCA_049075655.1	0.130443	congeneric	1
novel_species	GCA_000179575.2	Methanothermococcus	Archaea	GCA_049075655.1	0.130443	congeneric	1
as_reported	GCA_000195935.2	Pyrococcus	Archaea	GCA_000011105.1	0.154011	congeneric	1
no_self_strain	GCA_000195935.2	Pyrococcus	Archaea	GCA_000011105.1	0.154011	congeneric	1
novel_species	GCA_000195935.2	Pyrococcus	Archaea	GCA_000011105.1	0.154011	congeneric	1
as_reported	GCA_000196655.1	Methanohalobium	Archaea	GCA_900111645.1	0.341470	inter_genus	0
no_self_strain	GCA_000196655.1	Methanohalobium	Archaea	GCA_900111645.1	0.341470	inter_genus	0
novel_species	GCA_000196655.1	Methanohalobium	Archaea	GCA_900111645.1	0.341470	inter_genus	0
as_reported	GCA_000204415.1	Methanothrix	Archaea	GCA_000014945.1	0.350280	congeneric	1
no_self_strain	GCA_000204415.1	Methanothrix	Archaea	GCA_000014945.1	0.350280	congeneric	1
novel_species	GCA_000204415.1	Methanothrix	Archaea	GCA_000014945.1	0.350280	congeneric	1
as_reported	GCA_000204925.1	Metallosphaera	Archaea	GCA_022064045.1	0.191962	congeneric	1
no_self_strain	GCA_000204925.1	Metallosphaera	Archaea	GCA_022064045.1	0.191962	congeneric	1
novel_species	GCA_000204925.1	Metallosphaera	Archaea	GCA_022064045.1	0.191962	congeneric	1
as_reported	GCA_000214415.1	Methanotorris	Archaea	GCA_000243455.2	0.106165	congeneric	1
no_self_strain	GCA_000214415.1	Methanotorris	Archaea	GCA_000243455.2	0.106165	congeneric	1
novel_species	GCA_000214415.1	Methanotorris	Archaea	GCA_000243455.2	0.106165	congeneric	1
as_reported	GCA_000214725.1	Methanobacterium	Archaea	GCA_017874455.1	0.211861	congeneric	1
no_self_strain	GCA_000214725.1	Methanobacterium	Archaea	GCA_017874455.1	0.211861	congeneric	1
novel_species	GCA_000214725.1	Methanobacterium	Archaea	GCA_017874455.1	0.211861	congeneric	1
as_reported	GCA_000215995.1	Pyrococcus	Archaea	GCA_000018365.1	0.199679	inter_genus	0
no_self_strain	GCA_000215995.1	Pyrococcus	Archaea	GCA_000018365.1	0.199679	inter_genus	0
novel_species	GCA_000215995.1	Pyrococcus	Archaea	GCA_000018365.1	0.199679	inter_genus	0
as_reported	GCA_000217995.1	Methanosalsum	Archaea	GCA_024808815.1	0.242244	congeneric	1
no_self_strain	GCA_000217995.1	Methanosalsum	Archaea	GCA_024808815.1	0.242244	congeneric	1
novel_species	GCA_000217995.1	Methanosalsum	Archaea	GCA_024808815.1	0.242244	congeneric	1
as_reported	GCA_000220175.2	Nitrosarchaeum	Archaea	GCA_025998175.1	0.207970	inter_genus	0
no_self_strain	GCA_000220175.2	Nitrosarchaeum	Archaea	GCA_025998175.1	0.207970	inter_genus	0
novel_species	GCA_000220175.2	Nitrosarchaeum	Archaea	GCA_025998175.1	0.207970	inter_genus	0
as_reported	GCA_000018465.1	Nitrosopumilus	Archaea	GCA_000875775.1	0.119705	congeneric	1
no_self_strain	GCA_000018465.1	Nitrosopumilus	Archaea	GCA_000875775.1	0.119705	congeneric	1
novel_species	GCA_000018465.1	Nitrosopumilus	Archaea	GCA_000875775.1	0.119705	congeneric	1
as_reported	GCA_000223395.1	Pyrolobus	Archaea	GCA_001462395.1	0.420773	inter_genus	0
no_self_strain	GCA_000223395.1	Pyrolobus	Archaea	GCA_001462395.1	0.420773	inter_genus	0
novel_species	GCA_000223395.1	Pyrolobus	Archaea	GCA_001462395.1	0.420773	inter_genus	0
as_reported	GCA_000226975.3	Natronobacterium	Archaea	GCA_000336655.1	0.001598	same_strain	1
no_self_strain	GCA_000226975.3	Natronobacterium	Archaea	GCA_900112205.1	0.049497	congeneric	1
novel_species	GCA_000226975.3	Natronobacterium	Archaea	GCA_900112205.1	0.049497	congeneric	1
as_reported	GCA_000230715.3	Natronobacterium	Archaea	GCA_900114025.1	0.000431	same_species	1
no_self_strain	GCA_000230715.3	Natronobacterium	Archaea	GCA_900114025.1	0.000431	same_species	1
novel_species	GCA_000230715.3	Natronobacterium	Archaea	GCA_900104065.1	0.150599	congeneric	1
as_reported	GCA_000230735.3	Natrinema	Archaea	GCA_000337635.1	0.001303	same_strain	1
no_self_strain	GCA_000230735.3	Natrinema	Archaea	GCA_031165565.1	0.053315	congeneric	1
novel_species	GCA_000230735.3	Natrinema	Archaea	GCA_031165565.1	0.053315	congeneric	1
as_reported	GCA_000234805.1	Pyrobaculum	Archaea	GCA_000007225.1	0.213857	congeneric	1
no_self_strain	GCA_000234805.1	Pyrobaculum	Archaea	GCA_000007225.1	0.213857	congeneric	1
novel_species	GCA_000234805.1	Pyrobaculum	Archaea	GCA_000007225.1	0.213857	congeneric	1
as_reported	GCA_000243255.1	Methanoplanus	Archaea	GCA_024662215.1	0.129537	congeneric	1
no_self_strain	GCA_000243255.1	Methanoplanus	Archaea	GCA_024662215.1	0.129537	congeneric	1
novel_species	GCA_000243255.1	Methanoplanus	Archaea	GCA_024662215.1	0.129537	congeneric	1
as_reported	GCA_000243455.2	Methanotorris	Archaea	GCA_047915675.1	0.000503	same_strain	1
no_self_strain	GCA_000243455.2	Methanotorris	Archaea	GCA_000214415.1	0.106165	congeneric	1
novel_species	GCA_000243455.2	Methanotorris	Archaea	GCA_000214415.1	0.106165	congeneric	1
as_reported	GCA_000246985.3	Thermococcus	Archaea	GCA_024054535.1	0.056978	congeneric	1
no_self_strain	GCA_000246985.3	Thermococcus	Archaea	GCA_024054535.1	0.056978	congeneric	1
novel_species	GCA_000246985.3	Thermococcus	Archaea	GCA_024054535.1	0.056978	congeneric	1
as_reported	GCA_000247545.1	Pyrobaculum	Archaea	GCA_000016385.1	0.054940	congeneric	1
no_self_strain	GCA_000247545.1	Pyrobaculum	Archaea	GCA_000016385.1	0.054940	congeneric	1
novel_species	GCA_000247545.1	Pyrobaculum	Archaea	GCA_000016385.1	0.054940	congeneric	1
as_reported	GCA_000251105.1	Methanocella	Archaea	GCA_000011005.1	0.228896	congeneric	1
no_self_strain	GCA_000251105.1	Methanocella	Archaea	GCA_000011005.1	0.228896	congeneric	1
novel_species	GCA_000251105.1	Methanocella	Archaea	GCA_000011005.1	0.228896	congeneric	1
as_reported	GCA_000258515.1	Thermococcus	Archaea	GCA_032304395.1	0.050346	congeneric	1
no_self_strain	GCA_000258515.1	Thermococcus	Archaea	GCA_032304395.1	0.050346	congeneric	1
novel_species	GCA_000258515.1	Thermococcus	Archaea	GCA_032304395.1	0.050346	congeneric	1
as_reported	GCA_000264495.1	Thermogladius	Archaea	GCA_000513855.1	0.369901	inter_genus	0
no_self_strain	GCA_000264495.1	Thermogladius	Archaea	GCA_000513855.1	0.369901	inter_genus	0
novel_species	GCA_000264495.1	Thermogladius	Archaea	GCA_000513855.1	0.369901	inter_genus	0
as_reported	GCA_000265525.1	Thermococcus	Archaea	GCA_002214465.1	0.121756	congeneric	1
no_self_strain	GCA_000265525.1	Thermococcus	Archaea	GCA_002214465.1	0.121756	congeneric	1
novel_species	GCA_000265525.1	Thermococcus	Archaea	GCA_002214465.1	0.121756	congeneric	1
as_reported	GCA_000275865.1	Methanofollis	Archaea	GCA_013377755.1	0.065339	congeneric	1
no_self_strain	GCA_000275865.1	Methanofollis	Archaea	GCA_013377755.1	0.065339	congeneric	1
novel_species	GCA_000275865.1	Methanofollis	Archaea	GCA_013377755.1	0.065339	congeneric	1
as_reported	GCA_000304355.2	Methanoculleus	Archaea	GCA_023195915.1	0.131357	congeneric	1
no_self_strain	GCA_000304355.2	Methanoculleus	Archaea	GCA_023195915.1	0.131357	congeneric	1
novel_species	GCA_000304355.2	Methanoculleus	Archaea	GCA_023195915.1	0.131357	congeneric	1
as_reported	GCA_000320505.2	Methanobrevibacter	Archaea	GCA_000621965.1	0.200571	congeneric	1
no_self_strain	GCA_000320505.2	Methanobrevibacter	Archaea	GCA_000621965.1	0.200571	congeneric	1
novel_species	GCA_000320505.2	Methanobrevibacter	Archaea	GCA_000621965.1	0.200571	congeneric	1
as_reported	GCA_000327485.1	Methanoregula	Archaea	GCA_000017625.1	0.300457	congeneric	1
no_self_strain	GCA_000327485.1	Methanoregula	Archaea	GCA_000017625.1	0.300457	congeneric	1
novel_species	GCA_000327485.1	Methanoregula	Archaea	GCA_000017625.1	0.300457	congeneric	1
as_reported	GCA_000328525.1	Halovivax	Archaea	GCA_000337515.1	0.074762	congeneric	1
no_self_strain	GCA_000328525.1	Halovivax	Archaea	GCA_000337515.1	0.074762	congeneric	1
novel_species	GCA_000328525.1	Halovivax	Archaea	GCA_000337515.1	0.074762	congeneric	1
as_reported	GCA_000328665.1	Methanomethylovorans	Archaea	GCA_024500045.1	0.258747	inter_genus	0
no_self_strain	GCA_000328665.1	Methanomethylovorans	Archaea	GCA_024500045.1	0.258747	inter_genus	0
novel_species	GCA_000328665.1	Methanomethylovorans	Archaea	GCA_024500045.1	0.258747	inter_genus	0
as_reported	GCA_000328685.1	Natronococcus	Archaea	GCA_000337675.1	0.125135	congeneric	1
no_self_strain	GCA_000328685.1	Natronococcus	Archaea	GCA_000337675.1	0.125135	congeneric	1
novel_species	GCA_000328685.1	Natronococcus	Archaea	GCA_000337675.1	0.125135	congeneric	1
as_reported	GCA_000336655.1	Natronobacterium	Archaea	GCA_000226975.3	0.001598	same_strain	1
no_self_strain	GCA_000336655.1	Natronobacterium	Archaea	GCA_900112205.1	0.050175	congeneric	1
novel_species	GCA_000336655.1	Natronobacterium	Archaea	GCA_900112205.1	0.050175	congeneric	1
as_reported	GCA_000337135.1	Natrialba	Archaea	GCA_000337575.1	0.092924	congeneric	1
no_self_strain	GCA_000337135.1	Natrialba	Archaea	GCA_000337575.1	0.092924	congeneric	1
novel_species	GCA_000337135.1	Natrialba	Archaea	GCA_000337575.1	0.092924	congeneric	1
as_reported	GCA_000337155.1	Natrinema	Archaea	GCA_000731985.1	0.001598	same_species	1
no_self_strain	GCA_000337155.1	Natrinema	Archaea	GCA_000731985.1	0.001598	same_species	1
novel_species	GCA_000337155.1	Natrinema	Archaea	GCA_000337615.1	0.067478	congeneric	1
as_reported	GCA_000337175.1	Natrinema	Archaea	GCA_000731985.1	0.075966	congeneric	1
no_self_strain	GCA_000337175.1	Natrinema	Archaea	GCA_000731985.1	0.075966	congeneric	1
novel_species	GCA_000337175.1	Natrinema	Archaea	GCA_000731985.1	0.075966	congeneric	1
as_reported	GCA_000337195.1	Natrinema	Archaea	GCA_020515625.1	0.150599	congeneric	1
no_self_strain	GCA_000337195.1	Natrinema	Archaea	GCA_020515625.1	0.150599	congeneric	1
novel_species	GCA_000337195.1	Natrinema	Archaea	GCA_020515625.1	0.150599	congeneric	1
as_reported	GCA_000337215.1	Natronolimnohabitans	Archaea	GCA_009834785.1	0.194475	inter_genus	0
no_self_strain	GCA_000337215.1	Natronolimnohabitans	Archaea	GCA_009834785.1	0.194475	inter_genus	0
novel_species	GCA_000337215.1	Natronolimnohabitans	Archaea	GCA_009834785.1	0.194475	inter_genus	0
as_reported	GCA_000337235.1	Natronorubrum	Archaea	GCA_000383975.1	0.001303	same_strain	1
no_self_strain	GCA_000337235.1	Natronorubrum	Archaea	GCA_052040145.1	0.093223	congeneric	1
novel_species	GCA_000337235.1	Natronorubrum	Archaea	GCA_052040145.1	0.093223	congeneric	1
as_reported	GCA_000337475.1	Natrinema	Archaea	GCA_004217335.1	0.065339	congeneric	1
no_self_strain	GCA_000337475.1	Natrinema	Archaea	GCA_004217335.1	0.065339	congeneric	1
novel_species	GCA_000337475.1	Natrinema	Archaea	GCA_004217335.1	0.065339	congeneric	1
as_reported	GCA_000337515.1	Halovivax	Archaea	GCA_000328525.1	0.074762	congeneric	1
no_self_strain	GCA_000337515.1	Halovivax	Archaea	GCA_000328525.1	0.074762	congeneric	1
novel_species	GCA_000337515.1	Halovivax	Archaea	GCA_000328525.1	0.074762	congeneric	1
as_reported	GCA_000337535.1	Natrialba	Archaea	GCA_052510705.1	0.001157	same_species	1
no_self_strain	GCA_000337535.1	Natrialba	Archaea	GCA_052510705.1	0.001157	same_species	1
novel_species	GCA_000337535.1	Natrialba	Archaea	GCA_000337595.1	0.050175	congeneric	1
as_reported	GCA_000337555.1	Natrialba	Archaea	GCA_000337595.1	0.071719	congeneric	1
no_self_strain	GCA_000337555.1	Natrialba	Archaea	GCA_000337595.1	0.071719	congeneric	1
novel_species	GCA_000337555.1	Natrialba	Archaea	GCA_000337595.1	0.071719	congeneric	1
as_reported	GCA_000337575.1	Natrialba	Archaea	GCA_000025625.1	0.086314	congeneric	1
no_self_strain	GCA_000337575.1	Natrialba	Archaea	GCA_000025625.1	0.086314	congeneric	1
novel_species	GCA_000337575.1	Natrialba	Archaea	GCA_000025625.1	0.086314	congeneric	1
as_reported	GCA_000337595.1	Natrialba	Archaea	GCA_000337535.1	0.050175	congeneric	1
no_self_strain	GCA_000337595.1	Natrialba	Archaea	GCA_000337535.1	0.050175	congeneric	1
novel_species	GCA_000337595.1	Natrialba	Archaea	GCA_000337535.1	0.050175	congeneric	1
as_reported	GCA_000337615.1	Natrinema	Archaea	GCA_000731985.1	0.067478	congeneric	1
no_self_strain	GCA_000337615.1	Natrinema	Archaea	GCA_000731985.1	0.067478	congeneric	1
novel_species	GCA_000337615.1	Natrinema	Archaea	GCA_000731985.1	0.067478	congeneric	1
as_reported	GCA_000337635.1	Natrinema	Archaea	GCA_000230735.3	0.001303	same_strain	1
no_self_strain	GCA_000337635.1	Natrinema	Archaea	GCA_031165565.1	0.054394	congeneric	1
novel_species	GCA_000337635.1	Natrinema	Archaea	GCA_031165565.1	0.054394	congeneric	1
as_reported	GCA_000337655.1	Natronobacterium	Archaea	GCA_900114025.1	0.001524	same_species	1
no_self_strain	GCA_000337655.1	Natronobacterium	Archaea	GCA_900114025.1	0.001524	same_species	1
novel_species	GCA_000337655.1	Natronobacterium	Archaea	GCA_900104065.1	0.150042	congeneric	1
as_reported	GCA_000337675.1	Natronococcus	Archaea	GCA_000328685.1	0.125135	congeneric	1
no_self_strain	GCA_000337675.1	Natronococcus	Archaea	GCA_000328685.1	0.125135	congeneric	1
novel_species	GCA_000337675.1	Natronococcus	Archaea	GCA_000328685.1	0.125135	congeneric	1
as_reported	GCA_000337695.1	Natronococcus	Archaea	GCA_000328685.1	0.143584	congeneric	1
no_self_strain	GCA_000337695.1	Natronococcus	Archaea	GCA_000328685.1	0.143584	congeneric	1
novel_species	GCA_000337695.1	Natronococcus	Archaea	GCA_000328685.1	0.143584	congeneric	1
as_reported	GCA_000337715.1	Natronorubrum	Archaea	GCA_004799645.1	0.004488	same_species	1
no_self_strain	GCA_000337715.1	Natronorubrum	Archaea	GCA_004799645.1	0.004488	same_species	1
novel_species	GCA_000337715.1	Natronorubrum	Archaea	GCA_000337735.1	0.103756	congeneric	1
as_reported	GCA_000337735.1	Natronorubrum	Archaea	GCA_004799645.1	0.100425	congeneric	1
no_self_strain	GCA_000337735.1	Natronorubrum	Archaea	GCA_004799645.1	0.100425	congeneric	1
novel_species	GCA_000337735.1	Natronorubrum	Archaea	GCA_004799645.1	0.100425	congeneric	1
as_reported	GCA_000337875.1	Natrialba	Archaea	GCA_000025625.1	0.000647	same_strain	1
no_self_strain	GCA_000337875.1	Natrialba	Archaea	GCA_000337575.1	0.086868	congeneric	1
novel_species	GCA_000337875.1	Natrialba	Archaea	GCA_000337575.1	0.086868	congeneric	1
as_reported	GCA_000363885.1	Methanocaldococcus	Archaea	GCA_000371805.1	0.008481	same_strain	1
no_self_strain	GCA_000363885.1	Methanocaldococcus	Archaea	GCA_902827225.1	0.250212	congeneric	1
novel_species	GCA_000363885.1	Methanocaldococcus	Archaea	GCA_902827225.1	0.250212	congeneric	1
as_reported	GCA_000371805.1	Methanocaldococcus	Archaea	GCA_000363885.1	0.008481	same_strain	1
no_self_strain	GCA_000371805.1	Methanocaldococcus	Archaea	GCA_902827225.1	0.238451	congeneric	1
novel_species	GCA_000371805.1	Methanocaldococcus	Archaea	GCA_902827225.1	0.238451	congeneric	1
as_reported	GCA_000376965.1	Methanothermococcus	Archaea	GCA_049075655.1	0.197917	congeneric	1
no_self_strain	GCA_000376965.1	Methanothermococcus	Archaea	GCA_049075655.1	0.197917	congeneric	1
novel_species	GCA_000376965.1	Methanothermococcus	Archaea	GCA_049075655.1	0.197917	congeneric	1
as_reported	GCA_000383975.1	Natronorubrum	Archaea	GCA_000337235.1	0.001303	same_strain	1
no_self_strain	GCA_000383975.1	Natronorubrum	Archaea	GCA_052040145.1	0.091148	congeneric	1
novel_species	GCA_000383975.1	Natronorubrum	Archaea	GCA_052040145.1	0.091148	congeneric	1
as_reported	GCA_000430905.1	Methanocorpusculum	Archaea	GCA_002287215.1	0.023010	congeneric	1
no_self_strain	GCA_000430905.1	Methanocorpusculum	Archaea	GCA_002287215.1	0.023010	congeneric	1
novel_species	GCA_000430905.1	Methanocorpusculum	Archaea	GCA_002287215.1	0.023010	congeneric	1
as_reported	GCA_000446015.1	Thermofilum	Archaea	GCA_000015225.1	0.288646	congeneric	1
no_self_strain	GCA_000446015.1	Thermofilum	Archaea	GCA_000015225.1	0.288646	congeneric	1
novel_species	GCA_000446015.1	Thermofilum	Archaea	GCA_000015225.1	0.288646	congeneric	1
as_reported	GCA_000015225.1	Thermofilum	Archaea	GCA_000446015.1	0.288646	congeneric	1
no_self_strain	GCA_000015225.1	Thermofilum	Archaea	GCA_000446015.1	0.288646	congeneric	1
novel_species	GCA_000015225.1	Thermofilum	Archaea	GCA_000446015.1	0.288646	congeneric	1
as_reported	GCA_000504205.1	Methanolobus	Archaea	GCA_900100715.1	0.112681	congeneric	1
no_self_strain	GCA_000504205.1	Methanolobus	Archaea	GCA_900100715.1	0.112681	congeneric	1
novel_species	GCA_000504205.1	Methanolobus	Archaea	GCA_900100715.1	0.112681	congeneric	1
as_reported	GCA_000517445.1	Thermococcus	Archaea	GCA_000151105.2	0.107928	congeneric	1
no_self_strain	GCA_000517445.1	Thermococcus	Archaea	GCA_000151105.2	0.107928	congeneric	1
novel_species	GCA_000517445.1	Thermococcus	Archaea	GCA_000151105.2	0.107928	congeneric	1
as_reported	GCA_000585495.1	Thermococcus	Archaea	GCA_900198835.1	0.071033	congeneric	1
no_self_strain	GCA_000585495.1	Thermococcus	Archaea	GCA_900198835.1	0.071033	congeneric	1
novel_species	GCA_000585495.1	Thermococcus	Archaea	GCA_900198835.1	0.071033	congeneric	1
as_reported	GCA_000591055.1	Natronomonas	Archaea	GCA_013839515.1	0.168925	congeneric	1
no_self_strain	GCA_000591055.1	Natronomonas	Archaea	GCA_013839515.1	0.168925	congeneric	1
novel_species	GCA_000591055.1	Natronomonas	Archaea	GCA_013839515.1	0.168925	congeneric	1
as_reported	GCA_000621965.1	Methanobrevibacter	Archaea	GCA_000320505.2	0.200571	congeneric	1
no_self_strain	GCA_000621965.1	Methanobrevibacter	Archaea	GCA_000320505.2	0.200571	congeneric	1
novel_species	GCA_000621965.1	Methanobrevibacter	Archaea	GCA_000320505.2	0.200571	congeneric	1
as_reported	GCA_000698785.1	Nitrososphaera	Archaea	GCA_000956175.1	0.455838	inter_genus	0
no_self_strain	GCA_000698785.1	Nitrososphaera	Archaea	GCA_000956175.1	0.455838	inter_genus	0
novel_species	GCA_000698785.1	Nitrososphaera	Archaea	GCA_000956175.1	0.455838	inter_genus	0
as_reported	GCA_000710605.1	Natrinema	Archaea	GCA_031165565.1	0.002643	same_species	1
no_self_strain	GCA_000710605.1	Natrinema	Archaea	GCA_031165565.1	0.002643	same_species	1
novel_species	GCA_000710605.1	Natrinema	Archaea	GCA_000230735.3	0.054394	congeneric	1
as_reported	GCA_000711215.1	Methanomicrobium	Archaea	GCA_029633915.1	0.298410	congeneric	1
no_self_strain	GCA_000711215.1	Methanomicrobium	Archaea	GCA_029633915.1	0.298410	congeneric	1
novel_species	GCA_000711215.1	Methanomicrobium	Archaea	GCA_029633915.1	0.298410	congeneric	1
as_reported	GCA_000711905.1	Methermicoccus	Archaea	GCA_031312535.1	0.431489	inter_genus	0
no_self_strain	GCA_000711905.1	Methermicoccus	Archaea	GCA_031312535.1	0.431489	inter_genus	0
novel_species	GCA_000711905.1	Methermicoccus	Archaea	GCA_031312535.1	0.431489	inter_genus	0
as_reported	GCA_000725425.1	Palaeococcus	Archaea	GCA_000151105.2	0.203289	inter_genus	0
no_self_strain	GCA_000725425.1	Palaeococcus	Archaea	GCA_000151105.2	0.203289	inter_genus	0
novel_species	GCA_000725425.1	Palaeococcus	Archaea	GCA_000151105.2	0.203289	inter_genus	0
as_reported	GCA_000731985.1	Natrinema	Archaea	GCA_000337155.1	0.001598	same_species	1
no_self_strain	GCA_000731985.1	Natrinema	Archaea	GCA_000337155.1	0.001598	same_species	1
novel_species	GCA_000731985.1	Natrinema	Archaea	GCA_000337615.1	0.067478	congeneric	1
as_reported	GCA_000739065.1	Methanocaldococcus	Archaea	GCA_000091665.1	0.097851	congeneric	1
no_self_strain	GCA_000739065.1	Methanocaldococcus	Archaea	GCA_000091665.1	0.097851	congeneric	1
novel_species	GCA_000739065.1	Methanocaldococcus	Archaea	GCA_000091665.1	0.097851	congeneric	1
as_reported	GCA_000744315.1	Methanosarcina	Archaea	GCA_000970245.1	0.027139	congeneric	1
no_self_strain	GCA_000744315.1	Methanosarcina	Archaea	GCA_000970245.1	0.027139	congeneric	1
novel_species	GCA_000744315.1	Methanosarcina	Archaea	GCA_000970245.1	0.027139	congeneric	1
as_reported	GCA_000745485.1	Methanobacterium	Archaea	GCA_000746075.1	0.000503	congeneric	1
no_self_strain	GCA_000745485.1	Methanobacterium	Archaea	GCA_000746075.1	0.000503	congeneric	1
novel_species	GCA_000745485.1	Methanobacterium	Archaea	GCA_000746075.1	0.000503	congeneric	1
as_reported	GCA_000746075.1	Methanobacterium	Archaea	GCA_000745485.1	0.000503	congeneric	1
no_self_strain	GCA_000746075.1	Methanobacterium	Archaea	GCA_000745485.1	0.000503	congeneric	1
novel_species	GCA_000746075.1	Methanobacterium	Archaea	GCA_000745485.1	0.000503	congeneric	1
as_reported	GCA_000765475.1	Methanococcoides	Archaea	GCA_900773915.1	0.000647	same_species	1
no_self_strain	GCA_000765475.1	Methanococcoides	Archaea	GCA_900773915.1	0.000647	same_species	1
novel_species	GCA_000765475.1	Methanococcoides	Archaea	GCA_021184045.1	0.053494	congeneric	1
as_reported	GCA_000769655.1	Thermococcus	Archaea	GCA_055389025.1	0.023343	congeneric	1
no_self_strain	GCA_000769655.1	Thermococcus	Archaea	GCA_055389025.1	0.023343	congeneric	1
novel_species	GCA_000769655.1	Thermococcus	Archaea	GCA_055389025.1	0.023343	congeneric	1
as_reported	GCA_000784335.1	Natrinema	Archaea	GCA_900110455.1	0.000503	same_species	1
no_self_strain	GCA_000784335.1	Natrinema	Archaea	GCA_900110455.1	0.000503	same_species	1
novel_species	GCA_000784335.1	Natrinema	Archaea	GCA_000337195.1	0.184752	congeneric	1
as_reported	GCA_000784355.1	Methanolacinia	Archaea	GCA_000147875.1	0.064709	congeneric	1
no_self_strain	GCA_000784355.1	Methanolacinia	Archaea	GCA_000147875.1	0.064709	congeneric	1
novel_species	GCA_000784355.1	Methanolacinia	Archaea	GCA_000147875.1	0.064709	congeneric	1
as_reported	GCA_000816105.1	Thermococcus	Archaea	GCA_000022365.1	0.121756	congeneric	1
no_self_strain	GCA_000816105.1	Thermococcus	Archaea	GCA_000022365.1	0.121756	congeneric	1
novel_species	GCA_000816105.1	Thermococcus	Archaea	GCA_000022365.1	0.121756	congeneric	1
as_reported	GCA_000875775.1	Nitrosopumilus	Archaea	GCA_000018465.1	0.119705	congeneric	1
no_self_strain	GCA_000875775.1	Nitrosopumilus	Archaea	GCA_000018465.1	0.119705	congeneric	1
novel_species	GCA_000875775.1	Nitrosopumilus	Archaea	GCA_000018465.1	0.119705	congeneric	1
as_reported	GCA_000956175.1	Nitrosopumilus	Archaea	GCA_003175215.1	0.116516	congeneric	1
no_self_strain	GCA_000956175.1	Nitrosopumilus	Archaea	GCA_003175215.1	0.116516	congeneric	1
novel_species	GCA_000956175.1	Nitrosopumilus	Archaea	GCA_003175215.1	0.116516	congeneric	1
as_reported	GCA_000966265.1	Palaeococcus	Archaea	GCA_002214485.1	0.204210	inter_genus	0
no_self_strain	GCA_000966265.1	Palaeococcus	Archaea	GCA_002214485.1	0.204210	inter_genus	0
novel_species	GCA_000966265.1	Palaeococcus	Archaea	GCA_002214485.1	0.204210	inter_genus	0
as_reported	GCA_000969885.1	Methanosarcina	Archaea	GCA_001304615.2	0.076208	congeneric	1
no_self_strain	GCA_000969885.1	Methanosarcina	Archaea	GCA_001304615.2	0.076208	congeneric	1
novel_species	GCA_000969885.1	Methanosarcina	Archaea	GCA_001304615.2	0.076208	congeneric	1
as_reported	GCA_000969905.1	Methanosarcina	Archaea	GCA_000970025.1	0.091148	congeneric	1
no_self_strain	GCA_000969905.1	Methanosarcina	Archaea	GCA_000970025.1	0.091148	congeneric	1
novel_species	GCA_000969905.1	Methanosarcina	Archaea	GCA_000970025.1	0.091148	congeneric	1
as_reported	GCA_000970025.1	Methanosarcina	Archaea	GCA_001316305.1	0.036227	same_species	1
no_self_strain	GCA_000970025.1	Methanosarcina	Archaea	GCA_001316305.1	0.036227	same_species	1
novel_species	GCA_000970025.1	Methanosarcina	Archaea	GCA_000969905.1	0.091148	congeneric	1
as_reported	GCA_000970085.1	Methanosarcina	Archaea	GCA_000007345.1	0.091148	congeneric	1
no_self_strain	GCA_000970085.1	Methanosarcina	Archaea	GCA_000007345.1	0.091148	congeneric	1
novel_species	GCA_000970085.1	Methanosarcina	Archaea	GCA_000007345.1	0.091148	congeneric	1
as_reported	GCA_000970205.1	Methanosarcina	Archaea	GCA_000970245.1	0.019053	same_species	1
no_self_strain	GCA_000970205.1	Methanosarcina	Archaea	GCA_000970245.1	0.019053	same_species	1
novel_species	GCA_000970205.1	Methanosarcina	Archaea	GCA_000744315.1	0.027737	congeneric	1
as_reported	GCA_000970245.1	Methanosarcina	Archaea	GCA_000970205.1	0.019053	same_species	1
no_self_strain	GCA_000970245.1	Methanosarcina	Archaea	GCA_000970205.1	0.019053	same_species	1
novel_species	GCA_000970245.1	Methanosarcina	Archaea	GCA_000744315.1	0.027139	congeneric	1
as_reported	GCA_000970285.1	Methanosarcina	Archaea	GCA_001316205.1	0.038188	same_strain	1
no_self_strain	GCA_000970285.1	Methanosarcina	Archaea	GCA_055385895.1	0.151724	congeneric	1
novel_species	GCA_000970285.1	Methanosarcina	Archaea	GCA_055385895.1	0.151724	congeneric	1
as_reported	GCA_000993805.1	Infirmifilum	Archaea	GCA_014876775.1	0.286781	congeneric	1
no_self_strain	GCA_000993805.1	Infirmifilum	Archaea	GCA_014876775.1	0.286781	congeneric	1
novel_species	GCA_000993805.1	Infirmifilum	Archaea	GCA_014876775.1	0.286781	congeneric	1
as_reported	GCA_001017125.1	Methanoculleus	Archaea	GCA_000015825.1	0.068132	congeneric	1
no_self_strain	GCA_001017125.1	Methanoculleus	Archaea	GCA_000015825.1	0.068132	congeneric	1
novel_species	GCA_001017125.1	Methanoculleus	Archaea	GCA_000015825.1	0.068132	congeneric	1
as_reported	GCA_001304615.2	Methanosarcina	Archaea	GCA_000969885.1	0.076208	congeneric	1
no_self_strain	GCA_001304615.2	Methanosarcina	Archaea	GCA_000969885.1	0.076208	congeneric	1
novel_species	GCA_001304615.2	Methanosarcina	Archaea	GCA_000969885.1	0.076208	congeneric	1
as_reported	GCA_001315825.1	Metallosphaera	Archaea	GCA_003201675.2	0.032611	same_strain	1
no_self_strain	GCA_001315825.1	Metallosphaera	Archaea	GCA_005222525.1	0.224396	congeneric	1
novel_species	GCA_001315825.1	Metallosphaera	Archaea	GCA_005222525.1	0.224396	congeneric	1
as_reported	GCA_001315845.1	Thermococcus	Archaea	GCA_002214365.1	0.154591	same_strain	1
no_self_strain	GCA_001315845.1	Thermococcus	Archaea	GCA_002214545.1	0.388812	congeneric	1
novel_species	GCA_001315845.1	Thermococcus	Archaea	GCA_002214545.1	0.388812	congeneric	1
as_reported	GCA_001315905.1	Thermococcus	Archaea	GCA_001592435.1	0.073577	same_species	1
no_self_strain	GCA_001315905.1	Thermococcus	Archaea	GCA_001592435.1	0.073577	same_species	1
novel_species	GCA_001315905.1	Thermococcus	Archaea	GCA_000009965.1	0.188699	congeneric	1
as_reported	GCA_001315945.1	Methanogenium	Archaea	GCA_054654835.1	0.052959	same_species	1
no_self_strain	GCA_001315945.1	Methanogenium	Archaea	GCA_054654835.1	0.052959	same_species	1
novel_species	GCA_001315945.1	Methanogenium	Archaea	GCA_026684035.1	0.260230	congeneric	1
as_reported	GCA_001315965.1	Methanoculleus	Archaea	GCA_019669965.1	0.081491	same_species	1
no_self_strain	GCA_001315965.1	Methanoculleus	Archaea	GCA_019669965.1	0.081491	same_species	1
novel_species	GCA_001315965.1	Methanoculleus	Archaea	GCA_025384765.1	0.197917	congeneric	1
as_reported	GCA_001316045.1	Sulfuracidifex	Archaea	GCA_009729515.1	0.027139	same_strain	1
no_self_strain	GCA_001316045.1	Sulfuracidifex	Archaea	GCA_008326425.1	0.234776	congeneric	1
novel_species	GCA_001316045.1	Sulfuracidifex	Archaea	GCA_008326425.1	0.234776	congeneric	1
as_reported	GCA_001316085.1	Sulfuracidifex	Archaea	GCA_008326425.1	0.017626	same_species	1
no_self_strain	GCA_001316085.1	Sulfuracidifex	Archaea	GCA_008326425.1	0.017626	same_species	1
novel_species	GCA_001316085.1	Sulfuracidifex	Archaea	GCA_009729515.1	0.213857	congeneric	1
as_reported	GCA_001316185.1	Natronolimnobius	Archaea	GCA_002177135.1	0.069457	same_species	1
no_self_strain	GCA_001316185.1	Natronolimnobius	Archaea	GCA_002177135.1	0.069457	same_species	1
novel_species	GCA_001316185.1	Natronolimnobius	Archaea	GCA_000217715.1	0.306804	inter_genus	0
as_reported	GCA_001316205.1	Methanosarcina	Archaea	GCA_000970285.1	0.038188	same_strain	1
no_self_strain	GCA_001316205.1	Methanosarcina	Archaea	GCA_055385895.1	0.204210	congeneric	1
novel_species	GCA_001316205.1	Methanosarcina	Archaea	GCA_055385895.1	0.204210	congeneric	1
as_reported	GCA_001316305.1	Methanosarcina	Archaea	GCA_000970025.1	0.036227	same_species	1
no_self_strain	GCA_001316305.1	Methanosarcina	Archaea	GCA_000970025.1	0.036227	same_species	1
novel_species	GCA_001316305.1	Methanosarcina	Archaea	GCA_000969905.1	0.135583	congeneric	1
as_reported	GCA_001316325.1	Methanobacterium	Archaea	GCA_029848115.1	0.035678	same_species	1
no_self_strain	GCA_001316325.1	Methanobacterium	Archaea	GCA_029848115.1	0.035678	same_species	1
novel_species	GCA_001316325.1	Methanobacterium	Archaea	GCA_002813695.1	0.211861	congeneric	1
as_reported	GCA_001316345.1	Methanobrevibacter	Archaea	GCA_002072215.1	0.051727	same_strain	1
no_self_strain	GCA_001316345.1	Methanobrevibacter	Archaea	GCA_001639285.1	0.333218	congeneric	1
novel_species	GCA_001316345.1	Methanobrevibacter	Archaea	GCA_001639285.1	0.333218	congeneric	1
as_reported	GCA_001412615.1	Pyrodictium	Archaea	GCA_036323395.1	0.152291	congeneric	1
no_self_strain	GCA_001412615.1	Pyrodictium	Archaea	GCA_036323395.1	0.152291	congeneric	1
novel_species	GCA_001412615.1	Pyrodictium	Archaea	GCA_036323395.1	0.152291	congeneric	1
as_reported	GCA_001418715.1	Thermococcus	Archaea	GCA_002214545.1	0.004566	same_species	1
no_self_strain	GCA_001418715.1	Thermococcus	Archaea	GCA_002214545.1	0.004566	same_species	1
novel_species	GCA_001418715.1	Thermococcus	Archaea	GCA_024707485.1	0.078931	congeneric	1
as_reported	GCA_001462395.1	Pyrodictium	Archaea	GCA_055379715.1	0.006486	congeneric	1
no_self_strain	GCA_001462395.1	Pyrodictium	Archaea	GCA_055379715.1	0.006486	congeneric	1
novel_species	GCA_001462395.1	Pyrodictium	Archaea	GCA_055379715.1	0.006486	congeneric	1
as_reported	GCA_001481685.1	Ignicoccus	Archaea	GCA_000017945.1	0.313485	congeneric	1
no_self_strain	GCA_001481685.1	Ignicoccus	Archaea	GCA_000017945.1	0.313485	congeneric	1
novel_species	GCA_001481685.1	Ignicoccus	Archaea	GCA_000017945.1	0.313485	congeneric	1
as_reported	GCA_000017945.1	Ignicoccus	Archaea	GCA_001481685.1	0.313485	congeneric	1
no_self_strain	GCA_000017945.1	Ignicoccus	Archaea	GCA_001481685.1	0.313485	congeneric	1
novel_species	GCA_000017945.1	Ignicoccus	Archaea	GCA_001481685.1	0.313485	congeneric	1
as_reported	GCA_001484195.1	Thermococcus	Archaea	GCA_008152015.1	0.051206	congeneric	1
no_self_strain	GCA_001484195.1	Thermococcus	Archaea	GCA_008152015.1	0.051206	congeneric	1
novel_species	GCA_001484195.1	Thermococcus	Archaea	GCA_008152015.1	0.051206	congeneric	1
as_reported	GCA_001571385.1	Methanofollis	Archaea	GCA_017357525.1	0.226624	congeneric	1
no_self_strain	GCA_001571385.1	Methanofollis	Archaea	GCA_017357525.1	0.226624	congeneric	1
novel_species	GCA_001571385.1	Methanofollis	Archaea	GCA_017357525.1	0.226624	congeneric	1
as_reported	GCA_001571405.1	Methanoculleus	Archaea	GCA_900101055.1	0.000647	same_species	1
no_self_strain	GCA_001571405.1	Methanoculleus	Archaea	GCA_900101055.1	0.000647	same_species	1
novel_species	GCA_001571405.1	Methanoculleus	Archaea	GCA_000015825.1	0.156945	congeneric	1
as_reported	GCA_001577775.1	Pyrococcus	Archaea	GCA_002214605.1	0.088838	inter_genus	0
no_self_strain	GCA_001577775.1	Pyrococcus	Archaea	GCA_002214605.1	0.088838	inter_genus	0
novel_species	GCA_001577775.1	Pyrococcus	Archaea	GCA_002214605.1	0.088838	inter_genus	0
as_reported	GCA_001592435.1	Thermococcus	Archaea	GCA_001315905.1	0.073577	same_species	1
no_self_strain	GCA_001592435.1	Thermococcus	Archaea	GCA_001315905.1	0.073577	same_species	1
novel_species	GCA_001592435.1	Thermococcus	Archaea	GCA_000009965.1	0.088554	congeneric	1
as_reported	GCA_001602375.1	Methanoculleus	Archaea	GCA_000015825.1	0.079184	congeneric	1
no_self_strain	GCA_001602375.1	Methanoculleus	Archaea	GCA_000015825.1	0.079184	congeneric	1
novel_species	GCA_001602375.1	Methanoculleus	Archaea	GCA_000015825.1	0.079184	congeneric	1
as_reported	GCA_001639265.1	Methanobrevibacter	Archaea	GCA_002072215.1	0.290539	congeneric	1
no_self_strain	GCA_001639265.1	Methanobrevibacter	Archaea	GCA_002072215.1	0.290539	congeneric	1
novel_species	GCA_001639265.1	Methanobrevibacter	Archaea	GCA_002072215.1	0.290539	congeneric	1
as_reported	GCA_001639275.1	Methanobrevibacter	Archaea	GCA_003814835.1	0.221131	congeneric	1
no_self_strain	GCA_001639275.1	Methanobrevibacter	Archaea	GCA_003814835.1	0.221131	congeneric	1
novel_species	GCA_001639275.1	Methanobrevibacter	Archaea	GCA_003814835.1	0.221131	congeneric	1
as_reported	GCA_001639285.1	Methanobrevibacter	Archaea	GCA_002072215.1	0.260230	congeneric	1
no_self_strain	GCA_001639285.1	Methanobrevibacter	Archaea	GCA_002072215.1	0.260230	congeneric	1
novel_species	GCA_001639285.1	Methanobrevibacter	Archaea	GCA_002072215.1	0.260230	congeneric	1
as_reported	GCA_001639295.1	Methanobrevibacter	Archaea	GCA_001639265.1	0.313485	congeneric	1
no_self_strain	GCA_001639295.1	Methanobrevibacter	Archaea	GCA_001639265.1	0.313485	congeneric	1
novel_species	GCA_001639295.1	Methanobrevibacter	Archaea	GCA_001639265.1	0.313485	congeneric	1
as_reported	GCA_001647085.1	Thermococcus	Archaea	GCA_000018365.1	0.113057	congeneric	1
no_self_strain	GCA_001647085.1	Thermococcus	Archaea	GCA_000018365.1	0.113057	congeneric	1
novel_species	GCA_001647085.1	Thermococcus	Archaea	GCA_000018365.1	0.113057	congeneric	1
as_reported	GCA_001888095.1	Methanohalophilus	Archaea	GCA_900177455.1	0.003403	same_strain	1
no_self_strain	GCA_001888095.1	Methanohalophilus	Archaea	GCA_002761295.1	0.003557	same_species	1
novel_species	GCA_001888095.1	Methanohalophilus	Archaea	GCA_900106905.1	0.062039	congeneric	1
as_reported	GCA_001889405.1	Methanohalophilus	Archaea	GCA_003722055.1	0.000143	same_species	1
no_self_strain	GCA_001889405.1	Methanohalophilus	Archaea	GCA_003722055.1	0.000143	same_species	1
novel_species	GCA_001889405.1	Methanohalophilus	Archaea	GCA_001888095.1	0.062241	congeneric	1
as_reported	GCA_001953745.1	Natrinema	Archaea	GCA_031165565.1	0.095969	congeneric	1
no_self_strain	GCA_001953745.1	Natrinema	Archaea	GCA_031165565.1	0.095969	congeneric	1
novel_species	GCA_001953745.1	Natrinema	Archaea	GCA_031165565.1	0.095969	congeneric	1
as_reported	GCA_001971705.1	Natronorubrum	Archaea	GCA_900156445.1	0.000143	same_species	1
no_self_strain	GCA_001971705.1	Natronorubrum	Archaea	GCA_900156445.1	0.000143	same_species	1
novel_species	GCA_001971705.1	Natronorubrum	Archaea	GCA_900108095.1	0.051553	congeneric	1
as_reported	GCA_002072215.1	Methanobrevibacter	Archaea	GCA_001316345.1	0.051727	same_strain	1
no_self_strain	GCA_002072215.1	Methanobrevibacter	Archaea	GCA_001639285.1	0.260230	congeneric	1
novel_species	GCA_002072215.1	Methanobrevibacter	Archaea	GCA_001639285.1	0.260230	congeneric	1
as_reported	GCA_002156705.1	Natrarchaeobaculum	Archaea	GCA_003430825.1	0.224396	congeneric	1
no_self_strain	GCA_002156705.1	Natrarchaeobaculum	Archaea	GCA_003430825.1	0.224396	congeneric	1
novel_species	GCA_002156705.1	Natrarchaeobaculum	Archaea	GCA_003430825.1	0.224396	congeneric	1
as_reported	GCA_002177135.1	Natronolimnobius	Archaea	GCA_001316185.1	0.069457	same_species	1
no_self_strain	GCA_002177135.1	Natronolimnobius	Archaea	GCA_001316185.1	0.069457	same_species	1
novel_species	GCA_002177135.1	Natronolimnobius	Archaea	GCA_003610195.1	0.221131	inter_genus	0
as_reported	GCA_002214365.1	Thermococcus	Archaea	GCA_001315845.1	0.154591	same_strain	1
no_self_strain	GCA_002214365.1	Thermococcus	Archaea	GCA_900109425.1	0.164348	congeneric	1
novel_species	GCA_002214365.1	Thermococcus	Archaea	GCA_900109425.1	0.164348	congeneric	1
as_reported	GCA_002214385.1	Thermococcus	Archaea	GCA_000258515.1	0.131357	congeneric	1
no_self_strain	GCA_002214385.1	Thermococcus	Archaea	GCA_000258515.1	0.131357	congeneric	1
novel_species	GCA_002214385.1	Thermococcus	Archaea	GCA_000258515.1	0.131357	congeneric	1
as_reported	GCA_002214465.1	Thermococcus	Archaea	GCA_002214565.1	0.095969	congeneric	1
no_self_strain	GCA_002214465.1	Thermococcus	Archaea	GCA_002214565.1	0.095969	congeneric	1
novel_species	GCA_002214465.1	Thermococcus	Archaea	GCA_002214565.1	0.095969	congeneric	1
as_reported	GCA_002214485.1	Thermococcus	Archaea	GCA_000265525.1	0.141012	congeneric	1
no_self_strain	GCA_002214485.1	Thermococcus	Archaea	GCA_000265525.1	0.141012	congeneric	1
novel_species	GCA_002214485.1	Thermococcus	Archaea	GCA_000265525.1	0.141012	congeneric	1
as_reported	GCA_002214505.1	Thermococcus	Archaea	GCA_002214485.1	0.145159	congeneric	1
no_self_strain	GCA_002214505.1	Thermococcus	Archaea	GCA_002214485.1	0.145159	congeneric	1
novel_species	GCA_002214505.1	Thermococcus	Archaea	GCA_002214485.1	0.145159	congeneric	1
as_reported	GCA_002214545.1	Thermococcus	Archaea	GCA_900109425.1	0.000143	same_species	1
no_self_strain	GCA_002214545.1	Thermococcus	Archaea	GCA_900109425.1	0.000143	same_species	1
novel_species	GCA_002214545.1	Thermococcus	Archaea	GCA_024707485.1	0.071949	congeneric	1
as_reported	GCA_002214565.1	Thermococcus	Archaea	GCA_002214465.1	0.095969	congeneric	1
no_self_strain	GCA_002214565.1	Thermococcus	Archaea	GCA_002214465.1	0.095969	congeneric	1
novel_species	GCA_002214565.1	Thermococcus	Archaea	GCA_002214465.1	0.095969	congeneric	1
as_reported	GCA_002214585.1	Thermococcus	Archaea	GCA_055386755.1	0.136064	congeneric	1
no_self_strain	GCA_002214585.1	Thermococcus	Archaea	GCA_055386755.1	0.136064	congeneric	1
novel_species	GCA_002214585.1	Thermococcus	Archaea	GCA_055386755.1	0.136064	congeneric	1
as_reported	GCA_002214605.1	Thermococcus	Archaea	GCA_001577775.1	0.088838	inter_genus	0
no_self_strain	GCA_002214605.1	Thermococcus	Archaea	GCA_001577775.1	0.088838	inter_genus	0
novel_species	GCA_002214605.1	Thermococcus	Archaea	GCA_001577775.1	0.088838	inter_genus	0
as_reported	GCA_002243045.1	Methanolobus	Archaea	GCA_031312535.1	0.164348	congeneric	1
no_self_strain	GCA_002243045.1	Methanolobus	Archaea	GCA_031312535.1	0.164348	congeneric	1
novel_species	GCA_002243045.1	Methanolobus	Archaea	GCA_031312535.1	0.164348	congeneric	1
as_reported	GCA_002252585.1	Methanobrevibacter	Archaea	GCA_028743435.1	0.058690	congeneric	1
no_self_strain	GCA_002252585.1	Methanobrevibacter	Archaea	GCA_028743435.1	0.058690	congeneric	1
novel_species	GCA_002252585.1	Methanobrevibacter	Archaea	GCA_028743435.1	0.058690	congeneric	1
as_reported	GCA_002287175.1	Methanobacterium	Archaea	GCA_027110455.1	0.072411	congeneric	1
no_self_strain	GCA_002287175.1	Methanobacterium	Archaea	GCA_027110455.1	0.072411	congeneric	1
novel_species	GCA_002287175.1	Methanobacterium	Archaea	GCA_027110455.1	0.072411	congeneric	1
as_reported	GCA_002287195.1	Methanosphaera	Archaea	GCA_003149675.1	0.002342	same_species	1
no_self_strain	GCA_002287195.1	Methanosphaera	Archaea	GCA_003149675.1	0.002342	same_species	1
novel_species	GCA_002287195.1	Methanosphaera	Archaea	GCA_000012545.1	0.235988	congeneric	1
as_reported	GCA_002287215.1	Methanocorpusculum	Archaea	GCA_000430905.1	0.023010	congeneric	1
no_self_strain	GCA_002287215.1	Methanocorpusculum	Archaea	GCA_000430905.1	0.023010	congeneric	1
novel_species	GCA_002287215.1	Methanocorpusculum	Archaea	GCA_000430905.1	0.023010	congeneric	1
as_reported	GCA_002287235.1	Methanosarcina	Archaea	GCA_000969905.1	0.128195	congeneric	1
no_self_strain	GCA_002287235.1	Methanosarcina	Archaea	GCA_000969905.1	0.128195	congeneric	1
novel_species	GCA_002287235.1	Methanosarcina	Archaea	GCA_000969905.1	0.128195	congeneric	1
as_reported	GCA_002494345.1	Natrinema	Archaea	GCA_017352095.1	0.059659	congeneric	1
no_self_strain	GCA_002494345.1	Natrinema	Archaea	GCA_017352095.1	0.059659	congeneric	1
novel_species	GCA_002494345.1	Natrinema	Archaea	GCA_017352095.1	0.059659	congeneric	1
as_reported	GCA_002572525.1	Natrinema	Archaea	GCA_013456555.2	0.132280	congeneric	1
no_self_strain	GCA_002572525.1	Natrinema	Archaea	GCA_013456555.2	0.132280	congeneric	1
novel_species	GCA_002572525.1	Natrinema	Archaea	GCA_013456555.2	0.132280	congeneric	1
as_reported	GCA_002761295.1	Methanohalophilus	Archaea	GCA_003722115.1	0.000215	same_species	1
no_self_strain	GCA_002761295.1	Methanohalophilus	Archaea	GCA_003722115.1	0.000215	same_species	1
novel_species	GCA_002761295.1	Methanohalophilus	Archaea	GCA_900106905.1	0.062647	congeneric	1
as_reported	GCA_002813695.1	Methanobacterium	Archaea	GCA_029848115.1	0.161198	congeneric	1
no_self_strain	GCA_002813695.1	Methanobacterium	Archaea	GCA_029848115.1	0.161198	congeneric	1
novel_species	GCA_002813695.1	Methanobacterium	Archaea	GCA_029848115.1	0.161198	congeneric	1
as_reported	GCA_002855455.1	Natronobacterium	Archaea	GCA_900114025.1	0.000358	same_species	1
no_self_strain	GCA_002855455.1	Natronobacterium	Archaea	GCA_900114025.1	0.000358	same_species	1
novel_species	GCA_002855455.1	Natronobacterium	Archaea	GCA_900104065.1	0.150042	congeneric	1
as_reported	GCA_002906575.1	Salinigranum	Archaea	GCA_007004735.1	0.166939	congeneric	1
no_self_strain	GCA_002906575.1	Salinigranum	Archaea	GCA_007004735.1	0.166939	congeneric	1
novel_species	GCA_002906575.1	Salinigranum	Archaea	GCA_007004735.1	0.166939	congeneric	1
as_reported	GCA_002945325.1	Methanococcus	Archaea	GCA_017875815.1	0.034998	same_species	1
no_self_strain	GCA_002945325.1	Methanococcus	Archaea	GCA_017875815.1	0.034998	same_species	1
novel_species	GCA_002945325.1	Methanococcus	Archaea	GCA_054506835.1	0.085764	congeneric	1
as_reported	GCA_003111605.1	Methanobrevibacter	Archaea	GCA_028743435.1	0.225504	congeneric	1
no_self_strain	GCA_003111605.1	Methanobrevibacter	Archaea	GCA_028743435.1	0.225504	congeneric	1
novel_species	GCA_003111605.1	Methanobrevibacter	Archaea	GCA_028743435.1	0.225504	congeneric	1
as_reported	GCA_003111625.1	Methanobrevibacter	Archaea	GCA_003814835.1	0.187898	congeneric	1
no_self_strain	GCA_003111625.1	Methanobrevibacter	Archaea	GCA_003814835.1	0.187898	congeneric	1
novel_species	GCA_003111625.1	Methanobrevibacter	Archaea	GCA_003814835.1	0.187898	congeneric	1
as_reported	GCA_003149675.1	Methanosphaera	Archaea	GCA_002287195.1	0.002342	same_species	1
no_self_strain	GCA_003149675.1	Methanosphaera	Archaea	GCA_002287195.1	0.002342	same_species	1
novel_species	GCA_003149675.1	Methanosphaera	Archaea	GCA_000012545.1	0.235988	congeneric	1
as_reported	GCA_003173335.1	Methanospirillum	Archaea	GCA_046244385.1	0.000358	same_species	1
no_self_strain	GCA_003173335.1	Methanospirillum	Archaea	GCA_046244385.1	0.000358	same_species	1
novel_species	GCA_003173335.1	Methanospirillum	Archaea	GCA_000013445.1	0.213857	congeneric	1
as_reported	GCA_003173355.1	Methanospirillum	Archaea	GCA_046195335.1	0.000503	same_species	1
no_self_strain	GCA_003173355.1	Methanospirillum	Archaea	GCA_046195335.1	0.000503	same_species	1
novel_species	GCA_003173355.1	Methanospirillum	Archaea	GCA_018502485.1	0.335911	congeneric	1
as_reported	GCA_003175215.1	Nitrosopumilus	Archaea	GCA_025998175.1	0.000647	same_species	1
no_self_strain	GCA_003175215.1	Nitrosopumilus	Archaea	GCA_025998175.1	0.000647	same_species	1
novel_species	GCA_003175215.1	Nitrosopumilus	Archaea	GCA_000956175.1	0.116516	congeneric	1
as_reported	GCA_003201675.2	Metallosphaera	Archaea	GCA_001315825.1	0.032611	same_strain	1
no_self_strain	GCA_003201675.2	Metallosphaera	Archaea	GCA_022064045.1	0.180198	congeneric	1
novel_species	GCA_003201675.2	Metallosphaera	Archaea	GCA_022064045.1	0.180198	congeneric	1
as_reported	GCA_003385755.1	Methanothermobacter	Archaea	GCA_027555045.1	0.021588	congeneric	1
no_self_strain	GCA_003385755.1	Methanothermobacter	Archaea	GCA_027555045.1	0.021588	congeneric	1
novel_species	GCA_003385755.1	Methanothermobacter	Archaea	GCA_027555045.1	0.021588	congeneric	1
as_reported	GCA_003430825.1	Natrarchaeobaculum	Archaea	GCA_000455345.1	0.215889	inter_genus	0
no_self_strain	GCA_003430825.1	Natrarchaeobaculum	Archaea	GCA_000455345.1	0.215889	inter_genus	0
novel_species	GCA_003430825.1	Natrarchaeobaculum	Archaea	GCA_000455345.1	0.215889	inter_genus	0
as_reported	GCA_003670115.1	Natronorubrum	Archaea	GCA_052040125.1	0.182451	congeneric	1
no_self_strain	GCA_003670115.1	Natronorubrum	Archaea	GCA_052040125.1	0.182451	congeneric	1
novel_species	GCA_003670115.1	Natronorubrum	Archaea	GCA_052040125.1	0.182451	congeneric	1
as_reported	GCA_003711245.1	Methanomethylophilus	Archaea	GCA_000300255.2	0.000071	same_species	1
no_self_strain	GCA_003711245.1	Methanomethylophilus	Archaea	GCA_000300255.2	0.000071	same_species	1
novel_species	GCA_003711245.1	Methanomethylophilus	Archaea	GCA_000800805.1	0.401593	inter_genus	0
as_reported	GCA_003722055.1	Methanohalophilus	Archaea	GCA_001889405.1	0.000143	same_species	1
no_self_strain	GCA_003722055.1	Methanohalophilus	Archaea	GCA_001889405.1	0.000143	same_species	1
novel_species	GCA_003722055.1	Methanohalophilus	Archaea	GCA_001888095.1	0.062241	congeneric	1
as_reported	GCA_003722115.1	Methanohalophilus	Archaea	GCA_002761295.1	0.000215	same_species	1
no_self_strain	GCA_003722115.1	Methanohalophilus	Archaea	GCA_002761295.1	0.000215	same_species	1
novel_species	GCA_003722115.1	Methanohalophilus	Archaea	GCA_900106905.1	0.062647	congeneric	1
as_reported	GCA_003814835.1	Methanobrevibacter	Archaea	GCA_003111625.1	0.187898	congeneric	1
no_self_strain	GCA_003814835.1	Methanobrevibacter	Archaea	GCA_003111625.1	0.187898	congeneric	1
novel_species	GCA_003814835.1	Methanobrevibacter	Archaea	GCA_003111625.1	0.187898	congeneric	1
as_reported	GCA_003841465.1	Natrarchaeobius	Archaea	GCA_003841485.1	0.186313	congeneric	1
no_self_strain	GCA_003841465.1	Natrarchaeobius	Archaea	GCA_003841485.1	0.186313	congeneric	1
novel_species	GCA_003841465.1	Natrarchaeobius	Archaea	GCA_003841485.1	0.186313	congeneric	1
as_reported	GCA_003841485.1	Natrarchaeobius	Archaea	GCA_003841465.1	0.186313	congeneric	1
no_self_strain	GCA_003841485.1	Natrarchaeobius	Archaea	GCA_003841465.1	0.186313	congeneric	1
novel_species	GCA_003841485.1	Natrarchaeobius	Archaea	GCA_003841465.1	0.186313	congeneric	1
as_reported	GCA_003841505.1	Natrarchaeobius	Archaea	GCA_008245225.1	0.197047	inter_genus	0
no_self_strain	GCA_003841505.1	Natrarchaeobius	Archaea	GCA_008245225.1	0.197047	inter_genus	0
novel_species	GCA_003841505.1	Natrarchaeobius	Archaea	GCA_008245225.1	0.197047	inter_genus	0
as_reported	GCA_003967175.1	Sulfodiicoccus	Archaea	GCA_014648235.1	0.005677	same_species	1
no_self_strain	GCA_003967175.1	Sulfodiicoccus	Archaea	GCA_014648235.1	0.005677	same_species	1
novel_species	GCA_003967175.1	Sulfodiicoccus	Archaea	GCA_022064045.1	0.373474	inter_genus	0
as_reported	GCA_004015825.1	Halovenus	Archaea	GCA_051414095.1	0.000575	same_species	1
no_self_strain	GCA_004015825.1	Halovenus	Archaea	GCA_051414095.1	0.000575	same_species	1
novel_species	GCA_004015825.1	Halovenus	Archaea	GCA_037080055.1	0.250212	congeneric	1
as_reported	GCA_004102725.1	Methanoculleus	Archaea	GCA_030464345.1	0.195326	congeneric	1
no_self_strain	GCA_004102725.1	Methanoculleus	Archaea	GCA_030464345.1	0.195326	congeneric	1
novel_species	GCA_004102725.1	Methanoculleus	Archaea	GCA_030464345.1	0.195326	congeneric	1
as_reported	GCA_004137855.1	Methanohalophilus	Archaea	GCA_001888095.1	0.070129	congeneric	1
no_self_strain	GCA_004137855.1	Methanohalophilus	Archaea	GCA_001888095.1	0.070129	congeneric	1
novel_species	GCA_004137855.1	Methanohalophilus	Archaea	GCA_001888095.1	0.070129	congeneric	1
as_reported	GCA_004217335.1	Natrinema	Archaea	GCA_000337475.1	0.065339	congeneric	1
no_self_strain	GCA_004217335.1	Natrinema	Archaea	GCA_000337475.1	0.065339	congeneric	1
novel_species	GCA_004217335.1	Natrinema	Archaea	GCA_000337475.1	0.065339	congeneric	1
as_reported	GCA_004297185.1	Methanofollis	Archaea	GCA_000275865.1	0.213857	congeneric	1
no_self_strain	GCA_004297185.1	Methanofollis	Archaea	GCA_000275865.1	0.213857	congeneric	1
novel_species	GCA_004297185.1	Methanofollis	Archaea	GCA_000275865.1	0.213857	congeneric	1
as_reported	GCA_004310395.1	Methanofervidicoccus	Archaea	GCA_000179575.2	0.260230	inter_genus	0
no_self_strain	GCA_004310395.1	Methanofervidicoccus	Archaea	GCA_000179575.2	0.260230	inter_genus	0
novel_species	GCA_004310395.1	Methanofervidicoccus	Archaea	GCA_000179575.2	0.260230	inter_genus	0
as_reported	GCA_004363215.1	Methanimicrococcus	Archaea	GCA_020011555.1	0.000865	same_species	1
no_self_strain	GCA_004363215.1	Methanimicrococcus	Archaea	GCA_020011555.1	0.000865	same_species	1
novel_species	GCA_004363215.1	Methanimicrococcus	Archaea	GCA_032594435.1	0.142033	congeneric	1
as_reported	GCA_004745425.1	Methanolobus	Archaea	GCA_013388255.1	0.161821	congeneric	1
no_self_strain	GCA_004745425.1	Methanolobus	Archaea	GCA_013388255.1	0.161821	congeneric	1
novel_species	GCA_004745425.1	Methanolobus	Archaea	GCA_013388255.1	0.161821	congeneric	1
as_reported	GCA_004799645.1	Natronorubrum	Archaea	GCA_000337715.1	0.004488	same_species	1
no_self_strain	GCA_004799645.1	Natronorubrum	Archaea	GCA_000337715.1	0.004488	same_species	1
novel_species	GCA_004799645.1	Natronorubrum	Archaea	GCA_000337735.1	0.100425	congeneric	1
as_reported	GCA_005222525.1	Metallosphaera	Archaea	GCA_000016605.1	0.002794	same_species	1
no_self_strain	GCA_005222525.1	Metallosphaera	Archaea	GCA_000016605.1	0.002794	same_species	1
novel_species	GCA_005222525.1	Metallosphaera	Archaea	GCA_022064045.1	0.098807	congeneric	1
as_reported	GCA_005239135.1	Natronomonas	Archaea	GCA_013839515.1	0.195326	congeneric	1
no_self_strain	GCA_005239135.1	Natronomonas	Archaea	GCA_013839515.1	0.195326	congeneric	1
novel_species	GCA_005239135.1	Natronomonas	Archaea	GCA_013839515.1	0.195326	congeneric	1
as_reported	GCA_006274605.1	Thermococcus	Archaea	GCA_008152015.1	0.086314	congeneric	1
no_self_strain	GCA_006274605.1	Thermococcus	Archaea	GCA_008152015.1	0.086314	congeneric	1
novel_species	GCA_006274605.1	Thermococcus	Archaea	GCA_008152015.1	0.086314	congeneric	1
as_reported	GCA_006543045.1	Salinadaptatus	Archaea	GCA_009834785.1	0.228896	inter_genus	0
no_self_strain	GCA_006543045.1	Salinadaptatus	Archaea	GCA_009834785.1	0.228896	inter_genus	0
novel_species	GCA_006543045.1	Salinadaptatus	Archaea	GCA_009834785.1	0.228896	inter_genus	0
as_reported	GCA_007004735.1	Salinigranum	Archaea	GCA_002906575.1	0.166939	congeneric	1
no_self_strain	GCA_007004735.1	Salinigranum	Archaea	GCA_002906575.1	0.166939	congeneric	1
novel_species	GCA_007004735.1	Salinigranum	Archaea	GCA_002906575.1	0.166939	congeneric	1
as_reported	GCA_008000775.2	Promethearchaeum	Archaea	GCA_025839675.1	0.384809	inter_genus	0
no_self_strain	GCA_008000775.2	Promethearchaeum	Archaea	GCA_025839675.1	0.384809	inter_genus	0
novel_species	GCA_008000775.2	Promethearchaeum	Archaea	GCA_025839675.1	0.384809	inter_genus	0
as_reported	GCA_025839675.1	Candidatus Lokiarchaeum	Archaea	GCA_008000775.2	0.384809	inter_genus	0
no_self_strain	GCA_025839675.1	Candidatus Lokiarchaeum	Archaea	GCA_008000775.2	0.384809	inter_genus	0
novel_species	GCA_025839675.1	Candidatus Lokiarchaeum	Archaea	GCA_008000775.2	0.384809	inter_genus	0
as_reported	GCA_008122205.1	Natronococcus	Archaea	GCA_023913515.1	0.123430	congeneric	1
no_self_strain	GCA_008122205.1	Natronococcus	Archaea	GCA_023913515.1	0.123430	congeneric	1
novel_species	GCA_008122205.1	Natronococcus	Archaea	GCA_023913515.1	0.123430	congeneric	1
as_reported	GCA_008152015.1	Thermococcus	Archaea	GCA_001484195.1	0.051206	congeneric	1
no_self_strain	GCA_008152015.1	Thermococcus	Archaea	GCA_001484195.1	0.051206	congeneric	1
novel_species	GCA_008152015.1	Thermococcus	Archaea	GCA_001484195.1	0.051206	congeneric	1
as_reported	GCA_008245085.1	Pyrococcus	Archaea	GCA_000007305.1	0.001157	same_strain	1
no_self_strain	GCA_008245085.1	Pyrococcus	Archaea	GCA_050496105.1	0.006486	congeneric	1
novel_species	GCA_008245085.1	Pyrococcus	Archaea	GCA_050496105.1	0.006486	congeneric	1
as_reported	GCA_008245225.1	Natrialba	Archaea	GCA_003841505.1	0.197047	inter_genus	0
no_self_strain	GCA_008245225.1	Natrialba	Archaea	GCA_003841505.1	0.197047	inter_genus	0
novel_species	GCA_008245225.1	Natrialba	Archaea	GCA_003841505.1	0.197047	inter_genus	0
as_reported	GCA_008326425.1	Sulfuracidifex	Archaea	GCA_001316085.1	0.017626	same_species	1
no_self_strain	GCA_008326425.1	Sulfuracidifex	Archaea	GCA_001316085.1	0.017626	same_species	1
novel_species	GCA_008326425.1	Sulfuracidifex	Archaea	GCA_009729515.1	0.195326	congeneric	1
as_reported	GCA_009176545.1	Salinigranum	Archaea	GCA_024228675.1	0.192793	congeneric	1
no_self_strain	GCA_009176545.1	Salinigranum	Archaea	GCA_024228675.1	0.192793	congeneric	1
novel_species	GCA_009176545.1	Salinigranum	Archaea	GCA_024228675.1	0.192793	congeneric	1
as_reported	GCA_009392895.1	Natronorubrum	Archaea	GCA_000337735.1	0.114578	congeneric	1
no_self_strain	GCA_009392895.1	Natronorubrum	Archaea	GCA_000337735.1	0.114578	congeneric	1
novel_species	GCA_009392895.1	Natronorubrum	Archaea	GCA_000337735.1	0.114578	congeneric	1
as_reported	GCA_009729035.1	Stygiolobus	Archaea	GCA_019704315.1	0.173710	congeneric	1
no_self_strain	GCA_009729035.1	Stygiolobus	Archaea	GCA_019704315.1	0.173710	congeneric	1
novel_species	GCA_009729035.1	Stygiolobus	Archaea	GCA_019704315.1	0.173710	congeneric	1
as_reported	GCA_009729055.1	Sulfurisphaera	Archaea	GCA_014202105.1	0.000503	same_species	1
no_self_strain	GCA_009729055.1	Sulfurisphaera	Archaea	GCA_014202105.1	0.000503	same_species	1
novel_species	GCA_009729055.1	Sulfurisphaera	Archaea	GCA_000011205.1	0.048325	congeneric	1
as_reported	GCA_009729515.1	Sulfuracidifex	Archaea	GCA_032834875.1	0.002043	same_strain	1
no_self_strain	GCA_009729515.1	Sulfuracidifex	Archaea	GCA_008326425.1	0.195326	congeneric	1
novel_species	GCA_009729515.1	Sulfuracidifex	Archaea	GCA_008326425.1	0.195326	congeneric	1
as_reported	GCA_009831455.1	Salinirussus	Archaea	GCA_042663385.1	0.286781	inter_genus	0
no_self_strain	GCA_009831455.1	Salinirussus	Archaea	GCA_042663385.1	0.286781	inter_genus	0
novel_species	GCA_009831455.1	Salinirussus	Archaea	GCA_042663385.1	0.286781	inter_genus	0
as_reported	GCA_009831575.1	Halovenus	Archaea	GCA_037080055.1	0.163077	congeneric	1
no_self_strain	GCA_009831575.1	Halovenus	Archaea	GCA_037080055.1	0.163077	congeneric	1
novel_species	GCA_009831575.1	Halovenus	Archaea	GCA_037080055.1	0.163077	congeneric	1
as_reported	GCA_009834785.1	Natronorubrum	Archaea	GCA_000383975.1	0.163711	congeneric	1
no_self_strain	GCA_009834785.1	Natronorubrum	Archaea	GCA_000383975.1	0.163711	congeneric	1
novel_species	GCA_009834785.1	Natronorubrum	Archaea	GCA_000383975.1	0.163711	congeneric	1
as_reported	GCA_013343295.1	Metallosphaera	Archaea	GCA_022064045.1	0.216918	congeneric	1
no_self_strain	GCA_013343295.1	Metallosphaera	Archaea	GCA_022064045.1	0.216918	congeneric	1
novel_species	GCA_013343295.1	Metallosphaera	Archaea	GCA_022064045.1	0.216918	congeneric	1
as_reported	GCA_013377755.1	Methanofollis	Archaea	GCA_000275865.1	0.065339	congeneric	1
no_self_strain	GCA_013377755.1	Methanofollis	Archaea	GCA_000275865.1	0.065339	congeneric	1
novel_species	GCA_013377755.1	Methanofollis	Archaea	GCA_000275865.1	0.065339	congeneric	1
as_reported	GCA_013388255.1	Methanolobus	Archaea	GCA_004745425.1	0.161821	congeneric	1
no_self_strain	GCA_013388255.1	Methanolobus	Archaea	GCA_004745425.1	0.161821	congeneric	1
novel_species	GCA_013388255.1	Methanolobus	Archaea	GCA_004745425.1	0.161821	congeneric	1
as_reported	GCA_013391085.1	Natronomonas	Archaea	GCA_037031205.1	0.119301	congeneric	1
no_self_strain	GCA_013391085.1	Natronomonas	Archaea	GCA_037031205.1	0.119301	congeneric	1
novel_species	GCA_013391085.1	Natronomonas	Archaea	GCA_037031205.1	0.119301	congeneric	1
as_reported	GCA_013391105.1	Natronomonas	Archaea	GCA_013391085.1	0.222209	congeneric	1
no_self_strain	GCA_013391105.1	Natronomonas	Archaea	GCA_013391085.1	0.222209	congeneric	1
novel_species	GCA_013391105.1	Natronomonas	Archaea	GCA_013391085.1	0.222209	congeneric	1
as_reported	GCA_013402815.2	Natrinema	Archaea	GCA_024227435.1	0.166939	congeneric	1
no_self_strain	GCA_013402815.2	Natrinema	Archaea	GCA_024227435.1	0.166939	congeneric	1
novel_species	GCA_013402815.2	Natrinema	Archaea	GCA_024227435.1	0.166939	congeneric	1
as_reported	GCA_013407145.1	Nitrosopumilus	Archaea	GCA_013407165.1	0.106165	congeneric	1
no_self_strain	GCA_013407145.1	Nitrosopumilus	Archaea	GCA_013407165.1	0.106165	congeneric	1
novel_species	GCA_013407145.1	Nitrosopumilus	Archaea	GCA_013407165.1	0.106165	congeneric	1
as_reported	GCA_013407165.1	Nitrosopumilus	Archaea	GCA_013407145.1	0.106165	congeneric	1
no_self_strain	GCA_013407165.1	Nitrosopumilus	Archaea	GCA_013407145.1	0.106165	congeneric	1
novel_species	GCA_013407165.1	Nitrosopumilus	Archaea	GCA_013407145.1	0.106165	congeneric	1
as_reported	GCA_013407185.1	Nitrosopumilus	Archaea	GCA_000956175.1	0.117303	congeneric	1
no_self_strain	GCA_013407185.1	Nitrosopumilus	Archaea	GCA_000956175.1	0.117303	congeneric	1
novel_species	GCA_013407185.1	Nitrosopumilus	Archaea	GCA_000956175.1	0.117303	congeneric	1
as_reported	GCA_013456555.2	Natrinema	Archaea	GCA_028618695.1	0.129989	congeneric	1
no_self_strain	GCA_013456555.2	Natrinema	Archaea	GCA_028618695.1	0.129989	congeneric	1
novel_species	GCA_013456555.2	Natrinema	Archaea	GCA_028618695.1	0.129989	congeneric	1
as_reported	GCA_013839515.1	Natronomonas	Archaea	GCA_000591055.1	0.168925	congeneric	1
no_self_strain	GCA_013839515.1	Natronomonas	Archaea	GCA_000591055.1	0.168925	congeneric	1
novel_species	GCA_013839515.1	Natronomonas	Archaea	GCA_000591055.1	0.168925	congeneric	1
as_reported	GCA_014202105.1	Sulfurisphaera	Archaea	GCA_009729055.1	0.000503	same_species	1
no_self_strain	GCA_014202105.1	Sulfurisphaera	Archaea	GCA_009729055.1	0.000503	same_species	1
novel_species	GCA_014202105.1	Sulfurisphaera	Archaea	GCA_000011205.1	0.048325	congeneric	1
as_reported	GCA_014646535.1	Thermocladium	Archaea	GCA_055398215.1	0.000720	same_species	1
no_self_strain	GCA_014646535.1	Thermocladium	Archaea	GCA_055398215.1	0.000720	same_species	1
novel_species	GCA_014646535.1	Thermocladium	Archaea	GCA_000018305.1	0.410843	inter_genus	0
as_reported	GCA_000018305.1	Caldivirga	Archaea	GCA_001748385.1	0.384809	inter_genus	0
no_self_strain	GCA_000018305.1	Caldivirga	Archaea	GCA_001748385.1	0.384809	inter_genus	0
novel_species	GCA_000018305.1	Caldivirga	Archaea	GCA_001748385.1	0.384809	inter_genus	0
as_reported	GCA_001315925.1	Thermocladium	Archaea	GCA_014646535.1	0.077682	same_species	1
no_self_strain	GCA_001315925.1	Thermocladium	Archaea	GCA_014646535.1	0.077682	same_species	1
as_reported	GCA_014646795.1	Thermogymnomonas	Archaea	GCA_055393465.1	0.000358	same_species	1
no_self_strain	GCA_014646795.1	Thermogymnomonas	Archaea	GCA_055393465.1	0.000358	same_species	1
novel_species	GCA_014646795.1	Thermogymnomonas	Archaea	GCA_038024865.1	0.415717	inter_genus	0
as_reported	GCA_014648235.1	Sulfodiicoccus	Archaea	GCA_003967175.1	0.005677	same_species	1
no_self_strain	GCA_014648235.1	Sulfodiicoccus	Archaea	GCA_003967175.1	0.005677	same_species	1
novel_species	GCA_014648235.1	Sulfodiicoccus	Archaea	GCA_022064045.1	0.369901	inter_genus	0
as_reported	GCA_014876775.1	Infirmifilum	Archaea	GCA_000993805.1	0.286781	congeneric	1
no_self_strain	GCA_014876775.1	Infirmifilum	Archaea	GCA_000993805.1	0.286781	congeneric	1
novel_species	GCA_014876775.1	Infirmifilum	Archaea	GCA_000993805.1	0.286781	congeneric	1
as_reported	GCA_016907005.1	Methanococcus	Archaea	GCA_017875815.1	0.001011	same_species	1
no_self_strain	GCA_016907005.1	Methanococcus	Archaea	GCA_017875815.1	0.001011	same_species	1
novel_species	GCA_016907005.1	Methanococcus	Archaea	GCA_054506835.1	0.082538	congeneric	1
as_reported	GCA_017094485.1	Natranaeroarchaeum	Archaea	GCA_023638055.1	0.090564	congeneric	1
no_self_strain	GCA_017094485.1	Natranaeroarchaeum	Archaea	GCA_023638055.1	0.090564	congeneric	1
novel_species	GCA_017094485.1	Natranaeroarchaeum	Archaea	GCA_023638055.1	0.090564	congeneric	1
as_reported	GCA_017352095.1	Natrinema	Archaea	GCA_002494345.1	0.059659	congeneric	1
no_self_strain	GCA_017352095.1	Natrinema	Archaea	GCA_002494345.1	0.059659	congeneric	1
novel_species	GCA_017352095.1	Natrinema	Archaea	GCA_002494345.1	0.059659	congeneric	1
as_reported	GCA_017357105.2	Natronosalvus	Archaea	GCA_024138145.1	0.087707	congeneric	1
no_self_strain	GCA_017357105.2	Natronosalvus	Archaea	GCA_024138145.1	0.087707	congeneric	1
novel_species	GCA_017357105.2	Natronosalvus	Archaea	GCA_024138145.1	0.087707	congeneric	1
as_reported	GCA_017357525.1	Methanofollis	Archaea	GCA_019633745.1	0.107219	congeneric	1
no_self_strain	GCA_017357525.1	Methanofollis	Archaea	GCA_019633745.1	0.107219	congeneric	1
novel_species	GCA_017357525.1	Methanofollis	Archaea	GCA_019633745.1	0.107219	congeneric	1
as_reported	GCA_017873335.1	Thermococcus	Archaea	GCA_001592435.1	0.103756	congeneric	1
no_self_strain	GCA_017873335.1	Thermococcus	Archaea	GCA_001592435.1	0.103756	congeneric	1
novel_species	GCA_017873335.1	Thermococcus	Archaea	GCA_001592435.1	0.103756	congeneric	1
as_reported	GCA_017873415.1	Methanolobus	Archaea	GCA_900100715.1	0.141521	congeneric	1
no_self_strain	GCA_017873415.1	Methanolobus	Archaea	GCA_900100715.1	0.141521	congeneric	1
novel_species	GCA_017873415.1	Methanolobus	Archaea	GCA_900100715.1	0.141521	congeneric	1
as_reported	GCA_017873625.1	Methanobacterium	Archaea	GCA_030296735.1	0.009509	same_species	1
no_self_strain	GCA_017873625.1	Methanobacterium	Archaea	GCA_030296735.1	0.009509	same_species	1
novel_species	GCA_017873625.1	Methanobacterium	Archaea	GCA_030296715.1	0.177991	congeneric	1
as_reported	GCA_017873855.1	Methanolinea	Archaea	GCA_001571405.1	0.363031	inter_genus	0
no_self_strain	GCA_017873855.1	Methanolinea	Archaea	GCA_001571405.1	0.363031	inter_genus	0
novel_species	GCA_017873855.1	Methanolinea	Archaea	GCA_001571405.1	0.363031	inter_genus	0
as_reported	GCA_017874375.1	Methanohalophilus	Archaea	GCA_052057775.1	0.269529	inter_genus	0
no_self_strain	GCA_017874375.1	Methanohalophilus	Archaea	GCA_052057775.1	0.269529	inter_genus	0
novel_species	GCA_017874375.1	Methanohalophilus	Archaea	GCA_052057775.1	0.269529	inter_genus	0
as_reported	GCA_017874455.1	Methanobacterium	Archaea	GCA_000214725.1	0.211861	congeneric	1
no_self_strain	GCA_017874455.1	Methanobacterium	Archaea	GCA_000214725.1	0.211861	congeneric	1
novel_species	GCA_017874455.1	Methanobacterium	Archaea	GCA_000214725.1	0.211861	congeneric	1
as_reported	GCA_017875815.1	Methanococcus	Archaea	GCA_016907005.1	0.001011	same_species	1
no_self_strain	GCA_017875815.1	Methanococcus	Archaea	GCA_016907005.1	0.001011	same_species	1
novel_species	GCA_017875815.1	Methanococcus	Archaea	GCA_054506835.1	0.083067	congeneric	1
as_reported	GCA_018132105.1	Methanocalculus	Archaea	GCA_024170505.1	0.097219	congeneric	1
no_self_strain	GCA_018132105.1	Methanocalculus	Archaea	GCA_024170505.1	0.097219	congeneric	1
novel_species	GCA_018132105.1	Methanocalculus	Archaea	GCA_024170505.1	0.097219	congeneric	1
as_reported	GCA_018141185.1	Methanobacterium	Archaea	GCA_054656995.1	0.025614	congeneric	1
no_self_strain	GCA_018141185.1	Methanobacterium	Archaea	GCA_054656995.1	0.025614	congeneric	1
novel_species	GCA_018141185.1	Methanobacterium	Archaea	GCA_054656995.1	0.025614	congeneric	1
as_reported	GCA_018502485.1	Methanospirillum	Archaea	GCA_000013445.1	0.185530	congeneric	1
no_self_strain	GCA_018502485.1	Methanospirillum	Archaea	GCA_000013445.1	0.185530	congeneric	1
novel_species	GCA_018502485.1	Methanospirillum	Archaea	GCA_000013445.1	0.185530	congeneric	1
as_reported	GCA_018687785.1	Methanovulcanius	Archaea	GCA_026684035.1	0.267929	inter_genus	0
no_self_strain	GCA_018687785.1	Methanovulcanius	Archaea	GCA_026684035.1	0.267929	inter_genus	0
novel_species	GCA_018687785.1	Methanovulcanius	Archaea	GCA_026684035.1	0.267929	inter_genus	0
as_reported	GCA_019175345.1	Saccharolobus	Archaea	GCA_000022485.1	0.059270	congeneric	1
no_self_strain	GCA_019175345.1	Saccharolobus	Archaea	GCA_000022485.1	0.059270	congeneric	1
novel_species	GCA_019175345.1	Saccharolobus	Archaea	GCA_000022485.1	0.059270	congeneric	1
as_reported	GCA_019633745.1	Methanofollis	Archaea	GCA_017357525.1	0.107219	congeneric	1
no_self_strain	GCA_019633745.1	Methanofollis	Archaea	GCA_017357525.1	0.107219	congeneric	1
novel_species	GCA_019633745.1	Methanofollis	Archaea	GCA_017357525.1	0.107219	congeneric	1
as_reported	GCA_019669965.1	Methanoculleus	Archaea	GCA_001315965.1	0.081491	same_species	1
no_self_strain	GCA_019669965.1	Methanoculleus	Archaea	GCA_001315965.1	0.081491	same_species	1
novel_species	GCA_019669965.1	Methanoculleus	Archaea	GCA_001602375.1	0.097851	congeneric	1
as_reported	GCA_019704315.1	Stygiolobus	Archaea	GCA_009729035.1	0.173710	congeneric	1
no_self_strain	GCA_019704315.1	Stygiolobus	Archaea	GCA_009729035.1	0.173710	congeneric	1
novel_species	GCA_019704315.1	Stygiolobus	Archaea	GCA_009729035.1	0.173710	congeneric	1
as_reported	GCA_019931065.1	Methanobacterium	Archaea	GCA_000214725.1	0.261732	congeneric	1
no_self_strain	GCA_019931065.1	Methanobacterium	Archaea	GCA_000214725.1	0.261732	congeneric	1
novel_species	GCA_019931065.1	Methanobacterium	Archaea	GCA_000214725.1	0.261732	congeneric	1
as_reported	GCA_020011555.1	Methanimicrococcus	Archaea	GCA_020685265.1	0.000647	same_species	1
no_self_strain	GCA_020011555.1	Methanimicrococcus	Archaea	GCA_020685265.1	0.000647	same_species	1
novel_species	GCA_020011555.1	Methanimicrococcus	Archaea	GCA_032594435.1	0.142547	congeneric	1
as_reported	GCA_020177375.1	Saliphagus	Archaea	GCA_042652265.1	0.000575	same_species	1
no_self_strain	GCA_020177375.1	Saliphagus	Archaea	GCA_042652265.1	0.000575	same_species	1
novel_species	GCA_020177375.1	Saliphagus	Archaea	GCA_029338335.1	0.276144	inter_genus	0
as_reported	GCA_020386975.1	Thermococcus	Archaea	GCA_024054535.1	0.098168	congeneric	1
no_self_strain	GCA_020386975.1	Thermococcus	Archaea	GCA_024054535.1	0.098168	congeneric	1
novel_species	GCA_020386975.1	Thermococcus	Archaea	GCA_024054535.1	0.098168	congeneric	1
as_reported	GCA_020405205.1	Natrinema	Archaea	GCA_029502005.1	0.068351	congeneric	1
no_self_strain	GCA_020405205.1	Natrinema	Archaea	GCA_029502005.1	0.068351	congeneric	1
novel_species	GCA_020405205.1	Natrinema	Archaea	GCA_029502005.1	0.068351	congeneric	1
as_reported	GCA_020515625.1	Natrinema	Archaea	GCA_000337155.1	0.144631	congeneric	1
no_self_strain	GCA_020515625.1	Natrinema	Archaea	GCA_000337155.1	0.144631	congeneric	1
novel_species	GCA_020515625.1	Natrinema	Archaea	GCA_000337155.1	0.144631	congeneric	1
as_reported	GCA_020567425.1	Salinirubrum	Archaea	GCA_042657545.1	0.000287	same_species	1
no_self_strain	GCA_020567425.1	Salinirubrum	Archaea	GCA_042657545.1	0.000287	same_species	1
novel_species	GCA_020567425.1	Salinirubrum	Archaea	GCA_900103715.1	0.248847	inter_genus	0
as_reported	GCA_020614395.1	Salarchaeum	Archaea	GCA_039522645.1	0.000000	same_species	1
no_self_strain	GCA_020614395.1	Salarchaeum	Archaea	GCA_039522645.1	0.000000	same_species	1
novel_species	GCA_020614395.1	Salarchaeum	Archaea	GCA_014647475.1	0.279589	inter_genus	0
as_reported	GCA_020685265.1	Methanimicrococcus	Archaea	GCA_020011555.1	0.000647	same_species	1
no_self_strain	GCA_020685265.1	Methanimicrococcus	Archaea	GCA_020011555.1	0.000647	same_species	1
novel_species	GCA_020685265.1	Methanimicrococcus	Archaea	GCA_032594435.1	0.142547	congeneric	1
as_reported	GCA_020886315.1	Saccharolobus	Archaea	GCA_000022485.1	0.221131	congeneric	1
no_self_strain	GCA_020886315.1	Saccharolobus	Archaea	GCA_000022485.1	0.221131	congeneric	1
novel_species	GCA_020886315.1	Saccharolobus	Archaea	GCA_000022485.1	0.221131	congeneric	1
as_reported	GCA_021023085.1	Methanooceanicella	Archaea	GCA_000251105.1	0.330580	inter_genus	0
no_self_strain	GCA_021023085.1	Methanooceanicella	Archaea	GCA_000251105.1	0.330580	inter_genus	0
novel_species	GCA_021023085.1	Methanooceanicella	Archaea	GCA_000251105.1	0.330580	inter_genus	0
as_reported	GCA_021184045.1	Methanococcoides	Archaea	GCA_000765475.1	0.053494	congeneric	1
no_self_strain	GCA_021184045.1	Methanococcoides	Archaea	GCA_000765475.1	0.053494	congeneric	1
novel_species	GCA_021184045.1	Methanococcoides	Archaea	GCA_000765475.1	0.053494	congeneric	1
as_reported	GCA_022064045.1	Metallosphaera	Archaea	GCA_005222525.1	0.098807	congeneric	1
no_self_strain	GCA_022064045.1	Metallosphaera	Archaea	GCA_005222525.1	0.098807	congeneric	1
novel_species	GCA_022064045.1	Metallosphaera	Archaea	GCA_005222525.1	0.098807	congeneric	1
as_reported	GCA_023008545.1	Natribaculum	Archaea	GCA_042651585.1	0.000720	same_species	1
no_self_strain	GCA_023008545.1	Natribaculum	Archaea	GCA_042651585.1	0.000720	same_species	1
novel_species	GCA_023008545.1	Natribaculum	Archaea	GCA_004217335.1	0.238451	inter_genus	0
as_reported	GCA_023093535.1	Halovivax	Archaea	GCA_042650185.1	0.209899	congeneric	1
no_self_strain	GCA_023093535.1	Halovivax	Archaea	GCA_042650185.1	0.209899	congeneric	1
novel_species	GCA_023093535.1	Halovivax	Archaea	GCA_042650185.1	0.209899	congeneric	1
as_reported	GCA_023167465.1	Methanothermobacter	Archaea	GCA_055397825.1	0.093223	congeneric	1
no_self_strain	GCA_023167465.1	Methanothermobacter	Archaea	GCA_055397825.1	0.093223	congeneric	1
novel_species	GCA_023167465.1	Methanothermobacter	Archaea	GCA_055397825.1	0.093223	congeneric	1
as_reported	GCA_023169545.1	Nanobdella	Archaea	GCA_920984865.1	0.410843	inter_genus	0
no_self_strain	GCA_023169545.1	Nanobdella	Archaea	GCA_920984865.1	0.410843	inter_genus	0
novel_species	GCA_023169545.1	Nanobdella	Archaea	GCA_920984865.1	0.410843	inter_genus	0
as_reported	GCA_920984865.1	Candidatus Nanopusillus	Archaea	GCA_023169545.1	0.410843	inter_genus	0
no_self_strain	GCA_920984865.1	Candidatus Nanopusillus	Archaea	GCA_023169545.1	0.410843	inter_genus	0
novel_species	GCA_920984865.1	Candidatus Nanopusillus	Archaea	GCA_023169545.1	0.410843	inter_genus	0
as_reported	GCA_023195915.1	Methanoculleus	Archaea	GCA_000304355.2	0.131357	congeneric	1
no_self_strain	GCA_023195915.1	Methanoculleus	Archaea	GCA_000304355.2	0.131357	congeneric	1
novel_species	GCA_023195915.1	Methanoculleus	Archaea	GCA_000304355.2	0.131357	congeneric	1
as_reported	GCA_023204835.1	Salinarchaeum	Archaea	GCA_054776155.1	0.127310	congeneric	1
no_self_strain	GCA_023204835.1	Salinarchaeum	Archaea	GCA_054776155.1	0.127310	congeneric	1
novel_species	GCA_023204835.1	Salinarchaeum	Archaea	GCA_054776155.1	0.127310	congeneric	1
as_reported	GCA_023638035.1	Natronocalculus	Archaea	GCA_005543295.1	0.240966	inter_genus	0
no_self_strain	GCA_023638035.1	Natronocalculus	Archaea	GCA_005543295.1	0.240966	inter_genus	0
novel_species	GCA_023638035.1	Natronocalculus	Archaea	GCA_005543295.1	0.240966	inter_genus	0
as_reported	GCA_023638055.1	Natranaeroarchaeum	Archaea	GCA_017094485.1	0.090564	congeneric	1
no_self_strain	GCA_023638055.1	Natranaeroarchaeum	Archaea	GCA_017094485.1	0.090564	congeneric	1
novel_species	GCA_023638055.1	Natranaeroarchaeum	Archaea	GCA_017094485.1	0.090564	congeneric	1
as_reported	GCA_023684405.1	Methanococcoides	Archaea	GCA_031454185.1	0.090564	congeneric	1
no_self_strain	GCA_023684405.1	Methanococcoides	Archaea	GCA_031454185.1	0.090564	congeneric	1
novel_species	GCA_023684405.1	Methanococcoides	Archaea	GCA_031454185.1	0.090564	congeneric	1
as_reported	GCA_023702065.1	Methanoculleus	Archaea	GCA_000015825.1	0.123430	congeneric	1
no_self_strain	GCA_023702065.1	Methanoculleus	Archaea	GCA_000015825.1	0.123430	congeneric	1
novel_species	GCA_023702065.1	Methanoculleus	Archaea	GCA_000015825.1	0.123430	congeneric	1
as_reported	GCA_023746595.1	Thermococcus	Archaea	GCA_000022545.1	0.154011	congeneric	1
no_self_strain	GCA_023746595.1	Thermococcus	Archaea	GCA_000022545.1	0.154011	congeneric	1
novel_species	GCA_023746595.1	Thermococcus	Archaea	GCA_000022545.1	0.154011	congeneric	1
as_reported	GCA_023913515.1	Natronococcus	Archaea	GCA_008122205.1	0.123430	congeneric	1
no_self_strain	GCA_023913515.1	Natronococcus	Archaea	GCA_008122205.1	0.123430	congeneric	1
novel_species	GCA_023913515.1	Natronococcus	Archaea	GCA_008122205.1	0.123430	congeneric	1
as_reported	GCA_023973145.1	Natronosalvus	Archaea	GCA_024204665.1	0.205138	congeneric	1
no_self_strain	GCA_023973145.1	Natronosalvus	Archaea	GCA_024204665.1	0.205138	congeneric	1
novel_species	GCA_023973145.1	Natronosalvus	Archaea	GCA_024204665.1	0.205138	congeneric	1
as_reported	GCA_024022995.1	Thermococcus	Archaea	GCA_024054535.1	0.117303	congeneric	1
no_self_strain	GCA_024022995.1	Thermococcus	Archaea	GCA_024054535.1	0.117303	congeneric	1
novel_species	GCA_024022995.1	Thermococcus	Archaea	GCA_024054535.1	0.117303	congeneric	1
as_reported	GCA_024054535.1	Thermococcus	Archaea	GCA_000246985.3	0.056978	congeneric	1
no_self_strain	GCA_024054535.1	Thermococcus	Archaea	GCA_000246985.3	0.056978	congeneric	1
novel_species	GCA_024054535.1	Thermococcus	Archaea	GCA_000246985.3	0.056978	congeneric	1
as_reported	GCA_024138145.1	Natronosalvus	Archaea	GCA_017357105.2	0.087707	congeneric	1
no_self_strain	GCA_024138145.1	Natronosalvus	Archaea	GCA_017357105.2	0.087707	congeneric	1
novel_species	GCA_024138145.1	Natronosalvus	Archaea	GCA_017357105.2	0.087707	congeneric	1
as_reported	GCA_024170505.1	Methanocalculus	Archaea	GCA_018132105.1	0.097219	congeneric	1
no_self_strain	GCA_024170505.1	Methanocalculus	Archaea	GCA_018132105.1	0.097219	congeneric	1
novel_species	GCA_024170505.1	Methanocalculus	Archaea	GCA_018132105.1	0.097219	congeneric	1
as_reported	GCA_024204665.1	Natronosalvus	Archaea	GCA_017357105.2	0.088554	congeneric	1
no_self_strain	GCA_024204665.1	Natronosalvus	Archaea	GCA_017357105.2	0.088554	congeneric	1
novel_species	GCA_024204665.1	Natronosalvus	Archaea	GCA_017357105.2	0.088554	congeneric	1
as_reported	GCA_024227435.1	Natrinema	Archaea	GCA_024266705.1	0.111191	congeneric	1
no_self_strain	GCA_024227435.1	Natrinema	Archaea	GCA_024266705.1	0.111191	congeneric	1
novel_species	GCA_024227435.1	Natrinema	Archaea	GCA_024266705.1	0.111191	congeneric	1
as_reported	GCA_024228675.1	Salinigranum	Archaea	GCA_007004735.1	0.191137	congeneric	1
no_self_strain	GCA_024228675.1	Salinigranum	Archaea	GCA_007004735.1	0.191137	congeneric	1
novel_species	GCA_024228675.1	Salinigranum	Archaea	GCA_007004735.1	0.191137	congeneric	1
as_reported	GCA_024266705.1	Natrinema	Archaea	GCA_024227435.1	0.111191	congeneric	1
no_self_strain	GCA_024266705.1	Natrinema	Archaea	GCA_024227435.1	0.111191	congeneric	1
novel_species	GCA_024266705.1	Natrinema	Archaea	GCA_024227435.1	0.111191	congeneric	1
as_reported	GCA_024296665.1	Salinilacihabitans	Archaea	GCA_024362525.1	0.238451	inter_genus	0
no_self_strain	GCA_024296665.1	Salinilacihabitans	Archaea	GCA_024362525.1	0.238451	inter_genus	0
novel_species	GCA_024296665.1	Salinilacihabitans	Archaea	GCA_024362525.1	0.238451	inter_genus	0
as_reported	GCA_024296685.1	Natrinema	Archaea	GCA_017352095.1	0.173710	congeneric	1
no_self_strain	GCA_024296685.1	Natrinema	Archaea	GCA_017352095.1	0.173710	congeneric	1
novel_species	GCA_024296685.1	Natrinema	Archaea	GCA_017352095.1	0.173710	congeneric	1
as_reported	GCA_024298845.1	Natronosalvus	Archaea	GCA_025517525.1	0.081231	congeneric	1
no_self_strain	GCA_024298845.1	Natronosalvus	Archaea	GCA_025517525.1	0.081231	congeneric	1
novel_species	GCA_024298845.1	Natronosalvus	Archaea	GCA_025517525.1	0.081231	congeneric	1
as_reported	GCA_024298905.1	Natronomonas	Archaea	GCA_013391085.1	0.230048	congeneric	1
no_self_strain	GCA_024298905.1	Natronomonas	Archaea	GCA_013391085.1	0.230048	congeneric	1
novel_species	GCA_024298905.1	Natronomonas	Archaea	GCA_013391085.1	0.230048	congeneric	1
as_reported	GCA_024300625.1	Halovivax	Archaea	GCA_023093535.1	0.227754	congeneric	1
no_self_strain	GCA_024300625.1	Halovivax	Archaea	GCA_023093535.1	0.227754	congeneric	1
novel_species	GCA_024300625.1	Halovivax	Archaea	GCA_023093535.1	0.227754	congeneric	1
as_reported	GCA_024300825.1	Natronomonas	Archaea	GCA_026712385.1	0.009943	same_species	1
no_self_strain	GCA_024300825.1	Natronomonas	Archaea	GCA_026712385.1	0.009943	same_species	1
novel_species	GCA_024300825.1	Natronomonas	Archaea	GCA_013391085.1	0.213857	congeneric	1
as_reported	GCA_024362485.1	Natronobeatus	Archaea	GCA_003430825.1	0.250212	inter_genus	0
no_self_strain	GCA_024362485.1	Natronobeatus	Archaea	GCA_003430825.1	0.250212	inter_genus	0
novel_species	GCA_024362485.1	Natronobeatus	Archaea	GCA_003430825.1	0.250212	inter_genus	0
as_reported	GCA_024362525.1	Natrononativus	Archaea	GCA_023913515.1	0.235988	inter_genus	0
no_self_strain	GCA_024362525.1	Natrononativus	Archaea	GCA_023913515.1	0.235988	inter_genus	0
novel_species	GCA_024362525.1	Natrononativus	Archaea	GCA_023913515.1	0.235988	inter_genus	0
as_reported	GCA_024372745.1	Methanocalculus	Archaea	GCA_055382585.1	0.144631	congeneric	1
no_self_strain	GCA_024372745.1	Methanocalculus	Archaea	GCA_055382585.1	0.144631	congeneric	1
novel_species	GCA_024372745.1	Methanocalculus	Archaea	GCA_055382585.1	0.144631	congeneric	1
as_reported	GCA_024449025.1	Natronomonas	Archaea	GCA_013839515.1	0.220064	congeneric	1
no_self_strain	GCA_024449025.1	Natronomonas	Archaea	GCA_013839515.1	0.220064	congeneric	1
novel_species	GCA_024449025.1	Natronomonas	Archaea	GCA_013839515.1	0.220064	congeneric	1
as_reported	GCA_024494695.1	Natronoarchaeum	Archaea	GCA_039522665.1	0.104096	congeneric	1
no_self_strain	GCA_024494695.1	Natronoarchaeum	Archaea	GCA_039522665.1	0.104096	congeneric	1
novel_species	GCA_024494695.1	Natronoarchaeum	Archaea	GCA_039522665.1	0.104096	congeneric	1
as_reported	GCA_024498195.1	Halovivax	Archaea	GCA_042650185.1	0.000143	same_species	1
no_self_strain	GCA_024498195.1	Halovivax	Archaea	GCA_042650185.1	0.000143	same_species	1
novel_species	GCA_024498195.1	Halovivax	Archaea	GCA_000328525.1	0.156351	congeneric	1
as_reported	GCA_024500045.1	Methanolobus	Archaea	GCA_013388255.1	0.207970	congeneric	1
no_self_strain	GCA_024500045.1	Methanolobus	Archaea	GCA_013388255.1	0.207970	congeneric	1
novel_species	GCA_024500045.1	Methanolobus	Archaea	GCA_013388255.1	0.207970	congeneric	1
as_reported	GCA_024662215.1	Methanoplanus	Archaea	GCA_000243255.1	0.129537	congeneric	1
no_self_strain	GCA_024662215.1	Methanoplanus	Archaea	GCA_000243255.1	0.129537	congeneric	1
novel_species	GCA_024662215.1	Methanoplanus	Archaea	GCA_000243255.1	0.129537	congeneric	1
as_reported	GCA_024707485.1	Thermococcus	Archaea	GCA_900109425.1	0.071949	congeneric	1
no_self_strain	GCA_024707485.1	Thermococcus	Archaea	GCA_900109425.1	0.071949	congeneric	1
novel_species	GCA_024707485.1	Thermococcus	Archaea	GCA_900109425.1	0.071949	congeneric	1
as_reported	GCA_024807035.1	Methanococcus	Archaea	GCA_002945325.1	0.286781	congeneric	1
no_self_strain	GCA_024807035.1	Methanococcus	Archaea	GCA_002945325.1	0.286781	congeneric	1
novel_species	GCA_024807035.1	Methanococcus	Archaea	GCA_002945325.1	0.286781	congeneric	1
as_reported	GCA_024808815.1	Methanosalsum	Archaea	GCA_000217995.1	0.242244	congeneric	1
no_self_strain	GCA_024808815.1	Methanosalsum	Archaea	GCA_000217995.1	0.242244	congeneric	1
novel_species	GCA_024808815.1	Methanosalsum	Archaea	GCA_000217995.1	0.242244	congeneric	1
as_reported	GCA_025231485.1	Salinirubellus	Archaea	GCA_042663705.1	0.000071	same_species	1
no_self_strain	GCA_025231485.1	Salinirubellus	Archaea	GCA_042663705.1	0.000071	same_species	1
novel_species	GCA_025231485.1	Salinirubellus	Archaea	GCA_024298825.1	0.271149	inter_genus	0
as_reported	GCA_025384765.1	Methanoculleus	Archaea	GCA_019669965.1	0.102743	congeneric	1
no_self_strain	GCA_025384765.1	Methanoculleus	Archaea	GCA_019669965.1	0.102743	congeneric	1
novel_species	GCA_025384765.1	Methanoculleus	Archaea	GCA_019669965.1	0.102743	congeneric	1
as_reported	GCA_025397995.1	Methanothermobacter	Archaea	GCA_027554905.1	0.151160	congeneric	1
no_self_strain	GCA_025397995.1	Methanothermobacter	Archaea	GCA_027554905.1	0.151160	congeneric	1
novel_species	GCA_025397995.1	Methanothermobacter	Archaea	GCA_027554905.1	0.151160	congeneric	1
as_reported	GCA_025517485.1	Natronoglomus	Archaea	GCA_029338335.1	0.147300	inter_genus	0
no_self_strain	GCA_025517485.1	Natronoglomus	Archaea	GCA_029338335.1	0.147300	inter_genus	0
novel_species	GCA_025517485.1	Natronoglomus	Archaea	GCA_029338335.1	0.147300	inter_genus	0
as_reported	GCA_025517525.1	Natronosalvus	Archaea	GCA_024298845.1	0.081231	congeneric	1
no_self_strain	GCA_025517525.1	Natronosalvus	Archaea	GCA_024298845.1	0.081231	congeneric	1
novel_species	GCA_025517525.1	Natronosalvus	Archaea	GCA_024298845.1	0.081231	congeneric	1
as_reported	GCA_025629245.1	Natronobiforma	Archaea	GCA_054783865.1	0.000287	same_species	1
no_self_strain	GCA_025629245.1	Natronobiforma	Archaea	GCA_054783865.1	0.000287	same_species	1
novel_species	GCA_025629245.1	Natronobiforma	Archaea	GCA_024362525.1	0.269529	inter_genus	0
as_reported	GCA_025914035.1	Methanoculleus	Archaea	GCA_000015825.1	0.000431	congeneric	1
no_self_strain	GCA_025914035.1	Methanoculleus	Archaea	GCA_000015825.1	0.000431	congeneric	1
novel_species	GCA_025914035.1	Methanoculleus	Archaea	GCA_000015825.1	0.000431	congeneric	1
as_reported	GCA_025998175.1	Nitrosopumilus	Archaea	GCA_003175215.1	0.000647	same_species	1
no_self_strain	GCA_025998175.1	Nitrosopumilus	Archaea	GCA_003175215.1	0.000647	same_species	1
novel_species	GCA_025998175.1	Nitrosopumilus	Archaea	GCA_000956175.1	0.116516	congeneric	1
as_reported	GCA_026410925.1	Halovenus	Archaea	GCA_042662325.1	0.024581	same_species	1
no_self_strain	GCA_026410925.1	Halovenus	Archaea	GCA_042662325.1	0.024581	same_species	1
novel_species	GCA_026410925.1	Halovenus	Archaea	GCA_900100385.1	0.143064	congeneric	1
as_reported	GCA_026586665.1	Halovenus	Archaea	GCA_042663305.1	0.000071	same_species	1
no_self_strain	GCA_026586665.1	Halovenus	Archaea	GCA_042663305.1	0.000071	same_species	1
novel_species	GCA_026586665.1	Halovenus	Archaea	GCA_900100385.1	0.202375	congeneric	1
as_reported	GCA_026684035.1	Methanogenium	Archaea	GCA_054654835.1	0.170270	congeneric	1
no_self_strain	GCA_026684035.1	Methanogenium	Archaea	GCA_054654835.1	0.170270	congeneric	1
novel_species	GCA_026684035.1	Methanogenium	Archaea	GCA_054654835.1	0.170270	congeneric	1
as_reported	GCA_026712385.1	Natronomonas	Archaea	GCA_024300825.1	0.009943	same_species	1
no_self_strain	GCA_026712385.1	Natronomonas	Archaea	GCA_024300825.1	0.009943	same_species	1
novel_species	GCA_026712385.1	Natronomonas	Archaea	GCA_013391085.1	0.221131	congeneric	1
as_reported	GCA_026891935.1	Methanocorpusculum	Archaea	GCA_026891975.1	0.090274	congeneric	1
no_self_strain	GCA_026891935.1	Methanocorpusculum	Archaea	GCA_026891975.1	0.090274	congeneric	1
novel_species	GCA_026891935.1	Methanocorpusculum	Archaea	GCA_026891975.1	0.090274	congeneric	1
as_reported	GCA_026891975.1	Methanocorpusculum	Archaea	GCA_026891935.1	0.090274	congeneric	1
no_self_strain	GCA_026891975.1	Methanocorpusculum	Archaea	GCA_026891935.1	0.090274	congeneric	1
novel_species	GCA_026891975.1	Methanocorpusculum	Archaea	GCA_026891935.1	0.090274	congeneric	1
as_reported	GCA_027110455.1	Methanobacterium	Archaea	GCA_000746075.1	0.000503	congeneric	1
no_self_strain	GCA_027110455.1	Methanobacterium	Archaea	GCA_000746075.1	0.000503	congeneric	1
novel_species	GCA_027110455.1	Methanobacterium	Archaea	GCA_000746075.1	0.000503	congeneric	1
as_reported	GCA_027554905.1	Methanothermobacter	Archaea	GCA_000008645.1	0.002643	same_species	1
no_self_strain	GCA_027554905.1	Methanothermobacter	Archaea	GCA_000008645.1	0.002643	same_species	1
novel_species	GCA_027554905.1	Methanothermobacter	Archaea	GCA_003385755.1	0.026784	congeneric	1
as_reported	GCA_027555045.1	Methanothermobacter	Archaea	GCA_027554905.1	0.020095	same_species	1
no_self_strain	GCA_027555045.1	Methanothermobacter	Archaea	GCA_027554905.1	0.020095	same_species	1
novel_species	GCA_027555045.1	Methanothermobacter	Archaea	GCA_003385755.1	0.021588	congeneric	1
as_reported	GCA_027555065.1	Methanothermobacter	Archaea	GCA_000145295.1	0.000865	same_species	1
no_self_strain	GCA_027555065.1	Methanothermobacter	Archaea	GCA_000145295.1	0.000865	same_species	1
novel_species	GCA_027555065.1	Methanothermobacter	Archaea	GCA_003385755.1	0.118097	congeneric	1
as_reported	GCA_027594145.1	Methanococcoides	Archaea	GCA_031454185.1	0.019053	same_species	1
no_self_strain	GCA_027594145.1	Methanococcoides	Archaea	GCA_031454185.1	0.019053	same_species	1
novel_species	GCA_027594145.1	Methanococcoides	Archaea	GCA_023684405.1	0.116125	congeneric	1
as_reported	GCA_028472365.1	Sulfolobus	Archaea	GCA_000012285.1	0.000575	same_strain	1
no_self_strain	GCA_028472365.1	Sulfolobus	Archaea	GCA_041154675.1	0.308992	inter_genus	0
novel_species	GCA_028472365.1	Sulfolobus	Archaea	GCA_041154675.1	0.308992	inter_genus	0
as_reported	GCA_028618695.1	Natrinema	Archaea	GCA_042661765.1	0.000000	same_species	1
no_self_strain	GCA_028618695.1	Natrinema	Archaea	GCA_042661765.1	0.000000	same_species	1
novel_species	GCA_028618695.1	Natrinema	Archaea	GCA_013456555.2	0.129989	congeneric	1
as_reported	GCA_028743435.1	Methanobrevibacter	Archaea	GCA_000016525.1	0.000000	same_strain	1
no_self_strain	GCA_028743435.1	Methanobrevibacter	Archaea	GCA_002252585.1	0.058690	congeneric	1
novel_species	GCA_028743435.1	Methanobrevibacter	Archaea	GCA_002252585.1	0.058690	congeneric	1
as_reported	GCA_028912405.1	Methanogenium	Archaea	GCA_026684035.1	0.177991	congeneric	1
no_self_strain	GCA_028912405.1	Methanogenium	Archaea	GCA_026684035.1	0.177991	congeneric	1
novel_species	GCA_028912405.1	Methanogenium	Archaea	GCA_026684035.1	0.177991	congeneric	1
as_reported	GCA_029502005.1	Natrinema	Archaea	GCA_020405205.1	0.068351	congeneric	1
no_self_strain	GCA_029502005.1	Natrinema	Archaea	GCA_020405205.1	0.068351	congeneric	1
novel_species	GCA_029502005.1	Natrinema	Archaea	GCA_020405205.1	0.068351	congeneric	1
as_reported	GCA_029633915.1	Methanomicrobium	Archaea	GCA_032878975.1	0.276144	inter_genus	0
no_self_strain	GCA_029633915.1	Methanomicrobium	Archaea	GCA_032878975.1	0.276144	inter_genus	0
novel_species	GCA_029633915.1	Methanomicrobium	Archaea	GCA_032878975.1	0.276144	inter_genus	0
as_reported	GCA_029848115.1	Methanobacterium	Archaea	GCA_001316325.1	0.035678	same_species	1
no_self_strain	GCA_029848115.1	Methanobacterium	Archaea	GCA_001316325.1	0.035678	same_species	1
novel_species	GCA_029848115.1	Methanobacterium	Archaea	GCA_002813695.1	0.161198	congeneric	1
as_reported	GCA_030186535.1	Ignisphaera	Archaea	GCA_000145985.1	0.406139	congeneric	1
no_self_strain	GCA_030186535.1	Ignisphaera	Archaea	GCA_000145985.1	0.406139	congeneric	1
novel_species	GCA_030186535.1	Ignisphaera	Archaea	GCA_000145985.1	0.406139	congeneric	1
as_reported	GCA_000145985.1	Ignisphaera	Archaea	GCA_030186535.1	0.406139	congeneric	1
no_self_strain	GCA_000145985.1	Ignisphaera	Archaea	GCA_030186535.1	0.406139	congeneric	1
novel_species	GCA_000145985.1	Ignisphaera	Archaea	GCA_030186535.1	0.406139	congeneric	1
as_reported	GCA_030296715.1	Methanobacterium	Archaea	GCA_017873625.1	0.177991	congeneric	1
no_self_strain	GCA_030296715.1	Methanobacterium	Archaea	GCA_017873625.1	0.177991	congeneric	1
novel_species	GCA_030296715.1	Methanobacterium	Archaea	GCA_017873625.1	0.177991	congeneric	1
as_reported	GCA_030296735.1	Methanobacterium	Archaea	GCA_017873625.1	0.009509	same_species	1
no_self_strain	GCA_030296735.1	Methanobacterium	Archaea	GCA_017873625.1	0.009509	same_species	1
novel_species	GCA_030296735.1	Methanobacterium	Archaea	GCA_030296715.1	0.180943	congeneric	1
as_reported	GCA_030323845.1	Methanobacterium	Archaea	GCA_029848115.1	0.277855	congeneric	1
no_self_strain	GCA_030323845.1	Methanobacterium	Archaea	GCA_029848115.1	0.277855	congeneric	1
novel_species	GCA_030323845.1	Methanobacterium	Archaea	GCA_029848115.1	0.277855	congeneric	1
as_reported	GCA_030464345.1	Methanoculleus	Archaea	GCA_004102725.1	0.195326	congeneric	1
no_self_strain	GCA_030464345.1	Methanoculleus	Archaea	GCA_004102725.1	0.195326	congeneric	1
novel_species	GCA_030464345.1	Methanoculleus	Archaea	GCA_004102725.1	0.195326	congeneric	1
as_reported	GCA_030464365.1	Methanoculleus	Archaea	GCA_025914035.1	0.081751	congeneric	1
no_self_strain	GCA_030464365.1	Methanoculleus	Archaea	GCA_025914035.1	0.081751	congeneric	1
novel_species	GCA_030464365.1	Methanoculleus	Archaea	GCA_025914035.1	0.081751	congeneric	1
as_reported	GCA_030505615.1	Salinibaculum	Archaea	GCA_037645885.1	0.150042	congeneric	1
no_self_strain	GCA_030505615.1	Salinibaculum	Archaea	GCA_037645885.1	0.150042	congeneric	1
novel_species	GCA_030505615.1	Salinibaculum	Archaea	GCA_037645885.1	0.150042	congeneric	1
as_reported	GCA_030734185.1	Salinirarus	Archaea	GCA_042677945.1	0.242244	inter_genus	0
no_self_strain	GCA_030734185.1	Salinirarus	Archaea	GCA_042677945.1	0.242244	inter_genus	0
novel_species	GCA_030734185.1	Salinirarus	Archaea	GCA_042677945.1	0.242244	inter_genus	0
as_reported	GCA_030734285.1	Natronococcus	Archaea	GCA_023913515.1	0.130443	congeneric	1
no_self_strain	GCA_030734285.1	Natronococcus	Archaea	GCA_023913515.1	0.130443	congeneric	1
novel_species	GCA_030734285.1	Natronococcus	Archaea	GCA_023913515.1	0.130443	congeneric	1
as_reported	GCA_031165565.1	Natrinema	Archaea	GCA_000710605.1	0.002643	same_species	1
no_self_strain	GCA_031165565.1	Natrinema	Archaea	GCA_000710605.1	0.002643	same_species	1
novel_species	GCA_031165565.1	Natrinema	Archaea	GCA_000230735.3	0.053315	congeneric	1
as_reported	GCA_031312535.1	Methanolobus	Archaea	GCA_031312595.1	0.159965	congeneric	1
no_self_strain	GCA_031312535.1	Methanolobus	Archaea	GCA_031312595.1	0.159965	congeneric	1
novel_species	GCA_031312535.1	Methanolobus	Archaea	GCA_031312595.1	0.159965	congeneric	1
as_reported	GCA_031312595.1	Methanolobus	Archaea	GCA_900100715.1	0.098807	congeneric	1
no_self_strain	GCA_031312595.1	Methanolobus	Archaea	GCA_900100715.1	0.098807	congeneric	1
novel_species	GCA_031312595.1	Methanolobus	Archaea	GCA_900100715.1	0.098807	congeneric	1
as_reported	GCA_031454185.1	Methanococcoides	Archaea	GCA_027594145.1	0.019053	same_species	1
no_self_strain	GCA_031454185.1	Methanococcoides	Archaea	GCA_027594145.1	0.019053	same_species	1
novel_species	GCA_031454185.1	Methanococcoides	Archaea	GCA_023684405.1	0.090564	congeneric	1
as_reported	GCA_031461075.1	Methanosarcina	Archaea	GCA_000969905.1	0.167597	congeneric	1
no_self_strain	GCA_031461075.1	Methanosarcina	Archaea	GCA_000969905.1	0.167597	congeneric	1
novel_species	GCA_031461075.1	Methanosarcina	Archaea	GCA_000969905.1	0.167597	congeneric	1
as_reported	GCA_031852275.1	Halovalidus	Archaea	GCA_023913515.1	0.237213	inter_genus	0
no_self_strain	GCA_031852275.1	Halovalidus	Archaea	GCA_023913515.1	0.237213	inter_genus	0
novel_species	GCA_031852275.1	Halovalidus	Archaea	GCA_023913515.1	0.237213	inter_genus	0
as_reported	GCA_032304395.1	Thermococcus	Archaea	GCA_055384795.1	0.000143	same_species	1
no_self_strain	GCA_032304395.1	Thermococcus	Archaea	GCA_055384795.1	0.000143	same_species	1
novel_species	GCA_032304395.1	Thermococcus	Archaea	GCA_000258515.1	0.050346	congeneric	1
as_reported	GCA_032594095.1	Methanimicrococcus	Archaea	GCA_032594435.1	0.142033	congeneric	1
no_self_strain	GCA_032594095.1	Methanimicrococcus	Archaea	GCA_032594435.1	0.142033	congeneric	1
novel_species	GCA_032594095.1	Methanimicrococcus	Archaea	GCA_032594435.1	0.142033	congeneric	1
as_reported	GCA_032594115.1	Methanolapillus	Archaea	GCA_032714475.1	0.118496	congeneric	1
no_self_strain	GCA_032594115.1	Methanolapillus	Archaea	GCA_032714475.1	0.118496	congeneric	1
novel_species	GCA_032594115.1	Methanolapillus	Archaea	GCA_032714475.1	0.118496	congeneric	1
as_reported	GCA_032594355.1	Methanolapillus	Archaea	GCA_032594115.1	0.168258	congeneric	1
no_self_strain	GCA_032594355.1	Methanolapillus	Archaea	GCA_032594115.1	0.168258	congeneric	1
novel_species	GCA_032594355.1	Methanolapillus	Archaea	GCA_032594115.1	0.168258	congeneric	1
as_reported	GCA_032594435.1	Methanimicrococcus	Archaea	GCA_032714515.1	0.123009	congeneric	1
no_self_strain	GCA_032594435.1	Methanimicrococcus	Archaea	GCA_032714515.1	0.123009	congeneric	1
novel_species	GCA_032594435.1	Methanimicrococcus	Archaea	GCA_032714515.1	0.123009	congeneric	1
as_reported	GCA_032714475.1	Methanolapillus	Archaea	GCA_032594115.1	0.118496	congeneric	1
no_self_strain	GCA_032714475.1	Methanolapillus	Archaea	GCA_032594115.1	0.118496	congeneric	1
novel_species	GCA_032714475.1	Methanolapillus	Archaea	GCA_032594115.1	0.118496	congeneric	1
as_reported	GCA_032714495.1	Methanorbis	Archaea	GCA_032714615.1	0.066401	congeneric	1
no_self_strain	GCA_032714495.1	Methanorbis	Archaea	GCA_032714615.1	0.066401	congeneric	1
novel_species	GCA_032714495.1	Methanorbis	Archaea	GCA_032714615.1	0.066401	congeneric	1
as_reported	GCA_032714515.1	Methanimicrococcus	Archaea	GCA_032594435.1	0.123009	congeneric	1
no_self_strain	GCA_032714515.1	Methanimicrococcus	Archaea	GCA_032594435.1	0.123009	congeneric	1
novel_species	GCA_032714515.1	Methanimicrococcus	Archaea	GCA_032594435.1	0.123009	congeneric	1
as_reported	GCA_032714615.1	Methanorbis	Archaea	GCA_032714495.1	0.066401	congeneric	1
no_self_strain	GCA_032714615.1	Methanorbis	Archaea	GCA_032714495.1	0.066401	congeneric	1
novel_species	GCA_032714615.1	Methanorbis	Archaea	GCA_032714495.1	0.066401	congeneric	1
as_reported	GCA_032834875.1	Sulfuracidifex	Archaea	GCA_009729515.1	0.002043	same_strain	1
no_self_strain	GCA_032834875.1	Sulfuracidifex	Archaea	GCA_008326425.1	0.199679	congeneric	1
novel_species	GCA_032834875.1	Sulfuracidifex	Archaea	GCA_008326425.1	0.199679	congeneric	1
as_reported	GCA_032878975.1	Methanochimaera	Archaea	GCA_029633915.1	0.276144	inter_genus	0
no_self_strain	GCA_032878975.1	Methanochimaera	Archaea	GCA_029633915.1	0.276144	inter_genus	0
novel_species	GCA_032878975.1	Methanochimaera	Archaea	GCA_029633915.1	0.276144	inter_genus	0
as_reported	GCA_032944295.1	Methanoculleus	Archaea	GCA_025914035.1	0.110090	congeneric	1
no_self_strain	GCA_032944295.1	Methanoculleus	Archaea	GCA_025914035.1	0.110090	congeneric	1
novel_species	GCA_032944295.1	Methanoculleus	Archaea	GCA_025914035.1	0.110090	congeneric	1
as_reported	GCA_033097485.1	Pyrofollis	Archaea	GCA_036323395.1	0.315792	inter_genus	0
no_self_strain	GCA_033097485.1	Pyrofollis	Archaea	GCA_036323395.1	0.315792	inter_genus	0
novel_species	GCA_033097485.1	Pyrofollis	Archaea	GCA_036323395.1	0.315792	inter_genus	0
as_reported	GCA_033472595.1	Methanoculleus	Archaea	GCA_000015825.1	0.185530	congeneric	1
no_self_strain	GCA_033472595.1	Methanoculleus	Archaea	GCA_000015825.1	0.185530	congeneric	1
novel_species	GCA_033472595.1	Methanoculleus	Archaea	GCA_000015825.1	0.185530	congeneric	1
as_reported	GCA_035610555.1	Metallosphaera	Archaea	GCA_000016605.1	0.000287	same_strain	1
no_self_strain	GCA_035610555.1	Metallosphaera	Archaea	GCA_005222525.1	0.003098	same_species	1
novel_species	GCA_035610555.1	Metallosphaera	Archaea	GCA_022064045.1	0.099451	congeneric	1
as_reported	GCA_036323395.1	Pyrodictium	Archaea	GCA_001412615.1	0.152291	congeneric	1
no_self_strain	GCA_036323395.1	Pyrodictium	Archaea	GCA_001412615.1	0.152291	congeneric	1
novel_species	GCA_036323395.1	Pyrodictium	Archaea	GCA_001412615.1	0.152291	congeneric	1
as_reported	GCA_036429475.1	Natronorarus	Archaea	GCA_042663525.1	0.308992	inter_genus	0
no_self_strain	GCA_036429475.1	Natronorarus	Archaea	GCA_042663525.1	0.308992	inter_genus	0
novel_species	GCA_036429475.1	Natronorarus	Archaea	GCA_042663525.1	0.308992	inter_genus	0
as_reported	GCA_037031205.1	Natronomonas	Archaea	GCA_013391085.1	0.119301	congeneric	1
no_self_strain	GCA_037031205.1	Natronomonas	Archaea	GCA_013391085.1	0.119301	congeneric	1
novel_species	GCA_037031205.1	Natronomonas	Archaea	GCA_013391085.1	0.119301	congeneric	1
as_reported	GCA_037080055.1	Halovenus	Archaea	GCA_051414135.1	0.156351	congeneric	1
no_self_strain	GCA_037080055.1	Halovenus	Archaea	GCA_051414135.1	0.156351	congeneric	1
novel_species	GCA_037080055.1	Halovenus	Archaea	GCA_051414135.1	0.156351	congeneric	1
as_reported	GCA_037335815.1	Salinirubellus	Archaea	GCA_042664605.1	0.001157	same_species	1
no_self_strain	GCA_037335815.1	Salinirubellus	Archaea	GCA_042664605.1	0.001157	same_species	1
novel_species	GCA_037335815.1	Salinirubellus	Archaea	GCA_042663705.1	0.286781	congeneric	1
as_reported	GCA_037338445.1	Salinibaculum	Archaea	GCA_042663385.1	0.002417	same_species	1
no_self_strain	GCA_037338445.1	Salinibaculum	Archaea	GCA_042663385.1	0.002417	same_species	1
novel_species	GCA_037338445.1	Salinibaculum	Archaea	GCA_037645885.1	0.230048	congeneric	1
as_reported	GCA_037645885.1	Salinibaculum	Archaea	GCA_030505615.1	0.150042	congeneric	1
no_self_strain	GCA_037645885.1	Salinibaculum	Archaea	GCA_030505615.1	0.150042	congeneric	1
novel_species	GCA_037645885.1	Salinibaculum	Archaea	GCA_030505615.1	0.150042	congeneric	1
as_reported	GCA_038024865.1	Oxyplasma	Archaea	GCA_055393465.1	0.415717	inter_genus	0
no_self_strain	GCA_038024865.1	Oxyplasma	Archaea	GCA_055393465.1	0.415717	inter_genus	0
novel_species	GCA_038024865.1	Oxyplasma	Archaea	GCA_055393465.1	0.415717	inter_genus	0
as_reported	GCA_038432375.1	Methanococcoides	Archaea	GCA_052057775.1	0.098168	congeneric	1
no_self_strain	GCA_038432375.1	Methanococcoides	Archaea	GCA_052057775.1	0.098168	congeneric	1
novel_species	GCA_038432375.1	Methanococcoides	Archaea	GCA_052057775.1	0.098168	congeneric	1
as_reported	GCA_038751955.1	Methanocalculus	Archaea	GCA_024372745.1	0.216918	congeneric	1
no_self_strain	GCA_038751955.1	Methanocalculus	Archaea	GCA_024372745.1	0.216918	congeneric	1
novel_species	GCA_038751955.1	Methanocalculus	Archaea	GCA_024372745.1	0.216918	congeneric	1
as_reported	GCA_039522645.1	Salarchaeum	Archaea	GCA_020614395.1	0.000000	same_species	1
no_self_strain	GCA_039522645.1	Salarchaeum	Archaea	GCA_020614395.1	0.000000	same_species	1
novel_species	GCA_039522645.1	Salarchaeum	Archaea	GCA_014647475.1	0.279589	inter_genus	0
as_reported	GCA_039522665.1	Natronoarchaeum	Archaea	GCA_055381615.1	0.000071	same_species	1
no_self_strain	GCA_039522665.1	Natronoarchaeum	Archaea	GCA_055381615.1	0.000071	same_species	1
novel_species	GCA_039522665.1	Natronoarchaeum	Archaea	GCA_024494695.1	0.104096	congeneric	1
as_reported	GCA_039545175.1	Sulfurisphaera	Archaea	GCA_000011205.1	0.000358	same_species	1
no_self_strain	GCA_039545175.1	Sulfurisphaera	Archaea	GCA_000011205.1	0.000358	same_species	1
novel_species	GCA_039545175.1	Sulfurisphaera	Archaea	GCA_009729055.1	0.048491	congeneric	1
as_reported	GCA_041154675.1	Sulfurisphaera	Archaea	GCA_009729055.1	0.166939	congeneric	1
no_self_strain	GCA_041154675.1	Sulfurisphaera	Archaea	GCA_009729055.1	0.166939	congeneric	1
novel_species	GCA_041154675.1	Sulfurisphaera	Archaea	GCA_009729055.1	0.166939	congeneric	1
as_reported	GCA_042650185.1	Halovivax	Archaea	GCA_024498195.1	0.000143	same_species	1
no_self_strain	GCA_042650185.1	Halovivax	Archaea	GCA_024498195.1	0.000143	same_species	1
novel_species	GCA_042650185.1	Halovivax	Archaea	GCA_000328525.1	0.156351	congeneric	1
as_reported	GCA_042651585.1	Natribaculum	Archaea	GCA_023008545.1	0.000720	same_species	1
no_self_strain	GCA_042651585.1	Natribaculum	Archaea	GCA_023008545.1	0.000720	same_species	1
novel_species	GCA_042651585.1	Natribaculum	Archaea	GCA_004217335.1	0.239702	inter_genus	0
as_reported	GCA_042652265.1	Saliphagus	Archaea	GCA_020177375.1	0.000575	same_species	1
no_self_strain	GCA_042652265.1	Saliphagus	Archaea	GCA_020177375.1	0.000575	same_species	1
novel_species	GCA_042652265.1	Saliphagus	Archaea	GCA_029338335.1	0.276144	inter_genus	0
as_reported	GCA_042657545.1	Salinirubrum	Archaea	GCA_020567425.1	0.000287	same_species	1
no_self_strain	GCA_042657545.1	Salinirubrum	Archaea	GCA_020567425.1	0.000287	same_species	1
novel_species	GCA_042657545.1	Salinirubrum	Archaea	GCA_900103715.1	0.248847	inter_genus	0
as_reported	GCA_042661765.1	Natrinema	Archaea	GCA_028618695.1	0.000000	same_species	1
no_self_strain	GCA_042661765.1	Natrinema	Archaea	GCA_028618695.1	0.000000	same_species	1
novel_species	GCA_042661765.1	Natrinema	Archaea	GCA_013456555.2	0.129989	congeneric	1
as_reported	GCA_042661785.1	Natronoarchaeum	Archaea	GCA_055381615.1	0.008397	same_species	1
no_self_strain	GCA_042661785.1	Natronoarchaeum	Archaea	GCA_055381615.1	0.008397	same_species	1
novel_species	GCA_042661785.1	Natronoarchaeum	Archaea	GCA_024494695.1	0.112681	congeneric	1
as_reported	GCA_042662185.1	Salinirubellus	Archaea	GCA_042664605.1	0.000720	same_species	1
no_self_strain	GCA_042662185.1	Salinirubellus	Archaea	GCA_042664605.1	0.000720	same_species	1
novel_species	GCA_042662185.1	Salinirubellus	Archaea	GCA_025231485.1	0.286781	congeneric	1
as_reported	GCA_042662325.1	Halovenus	Archaea	GCA_026410925.1	0.024581	same_species	1
no_self_strain	GCA_042662325.1	Halovenus	Archaea	GCA_026410925.1	0.024581	same_species	1
novel_species	GCA_042662325.1	Halovenus	Archaea	GCA_900100385.1	0.177991	congeneric	1
as_reported	GCA_042663145.1	Halovenus	Archaea	GCA_042663305.1	0.000071	same_species	1
no_self_strain	GCA_042663145.1	Halovenus	Archaea	GCA_042663305.1	0.000071	same_species	1
novel_species	GCA_042663145.1	Halovenus	Archaea	GCA_900100385.1	0.202375	congeneric	1
as_reported	GCA_042663305.1	Halovenus	Archaea	GCA_042663145.1	0.000071	same_species	1
no_self_strain	GCA_042663305.1	Halovenus	Archaea	GCA_042663145.1	0.000071	same_species	1
novel_species	GCA_042663305.1	Halovenus	Archaea	GCA_900100385.1	0.202375	congeneric	1
as_reported	GCA_042663385.1	Salinibaculum	Archaea	GCA_037338445.1	0.002417	same_species	1
no_self_strain	GCA_042663385.1	Salinibaculum	Archaea	GCA_037338445.1	0.002417	same_species	1
novel_species	GCA_042663385.1	Salinibaculum	Archaea	GCA_037645885.1	0.227754	congeneric	1
as_reported	GCA_042663705.1	Salinirubellus	Archaea	GCA_025231485.1	0.000071	same_species	1
no_self_strain	GCA_042663705.1	Salinirubellus	Archaea	GCA_025231485.1	0.000071	same_species	1
novel_species	GCA_042663705.1	Salinirubellus	Archaea	GCA_024298825.1	0.271149	inter_genus	0
as_reported	GCA_042664605.1	Salinirubellus	Archaea	GCA_042662185.1	0.000720	same_species	1
no_self_strain	GCA_042664605.1	Salinirubellus	Archaea	GCA_042662185.1	0.000720	same_species	1
novel_species	GCA_042664605.1	Salinirubellus	Archaea	GCA_042663705.1	0.288646	congeneric	1
as_reported	GCA_042664645.1	Salinirubellus	Archaea	GCA_025231485.1	0.000143	same_species	1
no_self_strain	GCA_042664645.1	Salinirubellus	Archaea	GCA_025231485.1	0.000143	same_species	1
novel_species	GCA_042664645.1	Salinirubellus	Archaea	GCA_024298825.1	0.271149	inter_genus	0
as_reported	GCA_046195335.1	Methanospirillum	Archaea	GCA_003173355.1	0.000503	same_species	1
no_self_strain	GCA_046195335.1	Methanospirillum	Archaea	GCA_003173355.1	0.000503	same_species	1
novel_species	GCA_046195335.1	Methanospirillum	Archaea	GCA_018502485.1	0.335911	congeneric	1
as_reported	GCA_046197875.1	Methanobrevibacter	Archaea	GCA_003111605.1	0.335911	congeneric	1
no_self_strain	GCA_046197875.1	Methanobrevibacter	Archaea	GCA_003111605.1	0.335911	congeneric	1
novel_species	GCA_046197875.1	Methanobrevibacter	Archaea	GCA_003111605.1	0.335911	congeneric	1
as_reported	GCA_046244385.1	Methanospirillum	Archaea	GCA_003173335.1	0.000358	same_species	1
no_self_strain	GCA_046244385.1	Methanospirillum	Archaea	GCA_003173335.1	0.000358	same_species	1
novel_species	GCA_046244385.1	Methanospirillum	Archaea	GCA_000013445.1	0.213857	congeneric	1
as_reported	GCA_046529725.1	Methanosarcina	Archaea	GCA_000970205.1	0.134153	congeneric	1
no_self_strain	GCA_046529725.1	Methanosarcina	Archaea	GCA_000970205.1	0.134153	congeneric	1
novel_species	GCA_046529725.1	Methanosarcina	Archaea	GCA_000970205.1	0.134153	congeneric	1
as_reported	GCA_047495555.1	Methanobacterium	Archaea	GCA_050433505.1	0.197047	congeneric	1
no_self_strain	GCA_047495555.1	Methanobacterium	Archaea	GCA_050433505.1	0.197047	congeneric	1
novel_species	GCA_047495555.1	Methanobacterium	Archaea	GCA_050433505.1	0.197047	congeneric	1
as_reported	GCA_047915675.1	Methanotorris	Archaea	GCA_000243455.2	0.000503	same_strain	1
no_self_strain	GCA_047915675.1	Methanotorris	Archaea	GCA_000214415.1	0.106515	congeneric	1
novel_species	GCA_047915675.1	Methanotorris	Archaea	GCA_000214415.1	0.106515	congeneric	1
as_reported	GCA_049075655.1	Methanothermococcus	Archaea	GCA_000179575.2	0.130443	congeneric	1
no_self_strain	GCA_049075655.1	Methanothermococcus	Archaea	GCA_000179575.2	0.130443	congeneric	1
novel_species	GCA_049075655.1	Methanothermococcus	Archaea	GCA_000179575.2	0.130443	congeneric	1
as_reported	GCA_049554935.1	Methanocaldococcus	Archaea	GCA_055386235.1	0.001820	same_species	1
no_self_strain	GCA_049554935.1	Methanocaldococcus	Archaea	GCA_055386235.1	0.001820	same_species	1
novel_species	GCA_049554935.1	Methanocaldococcus	Archaea	GCA_902827225.1	0.242244	congeneric	1
as_reported	GCA_050433505.1	Methanobacterium	Archaea	GCA_047495555.1	0.197047	congeneric	1
no_self_strain	GCA_050433505.1	Methanobacterium	Archaea	GCA_047495555.1	0.197047	congeneric	1
novel_species	GCA_050433505.1	Methanobacterium	Archaea	GCA_047495555.1	0.197047	congeneric	1
as_reported	GCA_050496105.1	Pyrococcus	Archaea	GCA_055382135.1	0.000000	same_species	1
no_self_strain	GCA_050496105.1	Pyrococcus	Archaea	GCA_055382135.1	0.000000	same_species	1
novel_species	GCA_050496105.1	Pyrococcus	Archaea	GCA_008245085.1	0.006486	congeneric	1
as_reported	GCA_050886295.1	Tardisphaera	Archaea	GCA_046635845.1	0.114578	congeneric	1
no_self_strain	GCA_050886295.1	Tardisphaera	Archaea	GCA_046635845.1	0.114578	congeneric	1
novel_species	GCA_050886295.1	Tardisphaera	Archaea	GCA_046635845.1	0.114578	congeneric	1
as_reported	GCA_046635845.1	Tardisphaera	Archaea	GCA_050886295.1	0.114578	congeneric	1
no_self_strain	GCA_046635845.1	Tardisphaera	Archaea	GCA_050886295.1	0.114578	congeneric	1
novel_species	GCA_046635845.1	Tardisphaera	Archaea	GCA_050886295.1	0.114578	congeneric	1
as_reported	GCA_051351675.1	Natronorubrum	Archaea	GCA_052040125.1	0.122589	congeneric	1
no_self_strain	GCA_051351675.1	Natronorubrum	Archaea	GCA_052040125.1	0.122589	congeneric	1
novel_species	GCA_051351675.1	Natronorubrum	Archaea	GCA_052040125.1	0.122589	congeneric	1
as_reported	GCA_051414095.1	Halovenus	Archaea	GCA_004015825.1	0.000575	same_species	1
no_self_strain	GCA_051414095.1	Halovenus	Archaea	GCA_004015825.1	0.000575	same_species	1
novel_species	GCA_051414095.1	Halovenus	Archaea	GCA_037080055.1	0.250212	congeneric	1
as_reported	GCA_051414115.1	Halovenus	Archaea	GCA_009831455.1	0.292461	inter_genus	0
no_self_strain	GCA_051414115.1	Halovenus	Archaea	GCA_009831455.1	0.292461	inter_genus	0
novel_species	GCA_051414115.1	Halovenus	Archaea	GCA_009831455.1	0.292461	inter_genus	0
as_reported	GCA_051414135.1	Halovenus	Archaea	GCA_037080055.1	0.156351	congeneric	1
no_self_strain	GCA_051414135.1	Halovenus	Archaea	GCA_037080055.1	0.156351	congeneric	1
novel_species	GCA_051414135.1	Halovenus	Archaea	GCA_037080055.1	0.156351	congeneric	1
as_reported	GCA_052040125.1	Natronorubrum	Archaea	GCA_052040145.1	0.083067	congeneric	1
no_self_strain	GCA_052040125.1	Natronorubrum	Archaea	GCA_052040145.1	0.083067	congeneric	1
novel_species	GCA_052040125.1	Natronorubrum	Archaea	GCA_052040145.1	0.083067	congeneric	1
as_reported	GCA_052040145.1	Natronorubrum	Archaea	GCA_052040125.1	0.083067	congeneric	1
no_self_strain	GCA_052040145.1	Natronorubrum	Archaea	GCA_052040125.1	0.083067	congeneric	1
novel_species	GCA_052040145.1	Natronorubrum	Archaea	GCA_052040125.1	0.083067	congeneric	1
as_reported	GCA_052055875.1	Methanosphaerula	Archaea	GCA_000021965.1	0.116516	congeneric	1
no_self_strain	GCA_052055875.1	Methanosphaerula	Archaea	GCA_000021965.1	0.116516	congeneric	1
novel_species	GCA_052055875.1	Methanosphaerula	Archaea	GCA_000021965.1	0.116516	congeneric	1
as_reported	GCA_052056915.1	Methanosarcina	Archaea	GCA_055385895.1	0.234776	congeneric	1
no_self_strain	GCA_052056915.1	Methanosarcina	Archaea	GCA_055385895.1	0.234776	congeneric	1
novel_species	GCA_052056915.1	Methanosarcina	Archaea	GCA_055385895.1	0.234776	congeneric	1
as_reported	GCA_052057765.1	Methanosarcina	Archaea	GCA_000007345.1	0.097534	congeneric	1
no_self_strain	GCA_052057765.1	Methanosarcina	Archaea	GCA_000007345.1	0.097534	congeneric	1
novel_species	GCA_052057765.1	Methanosarcina	Archaea	GCA_000007345.1	0.097534	congeneric	1
as_reported	GCA_052057775.1	Methanococcoides	Archaea	GCA_038432375.1	0.098168	congeneric	1
no_self_strain	GCA_052057775.1	Methanococcoides	Archaea	GCA_038432375.1	0.098168	congeneric	1
novel_species	GCA_052057775.1	Methanococcoides	Archaea	GCA_038432375.1	0.098168	congeneric	1
as_reported	GCA_052510705.1	Natrialba	Archaea	GCA_000337535.1	0.001157	same_species	1
no_self_strain	GCA_052510705.1	Natrialba	Archaea	GCA_000337535.1	0.001157	same_species	1
novel_species	GCA_052510705.1	Natrialba	Archaea	GCA_000337595.1	0.050175	congeneric	1
as_reported	GCA_054506835.1	Methanococcus	Archaea	GCA_016907005.1	0.082538	congeneric	1
no_self_strain	GCA_054506835.1	Methanococcus	Archaea	GCA_016907005.1	0.082538	congeneric	1
novel_species	GCA_054506835.1	Methanococcus	Archaea	GCA_016907005.1	0.082538	congeneric	1
as_reported	GCA_054654835.1	Methanogenium	Archaea	GCA_001315945.1	0.052959	same_species	1
no_self_strain	GCA_054654835.1	Methanogenium	Archaea	GCA_001315945.1	0.052959	same_species	1
novel_species	GCA_054654835.1	Methanogenium	Archaea	GCA_026684035.1	0.170270	congeneric	1
as_reported	GCA_054656995.1	Methanobacterium	Archaea	GCA_018141185.1	0.025614	congeneric	1
no_self_strain	GCA_054656995.1	Methanobacterium	Archaea	GCA_018141185.1	0.025614	congeneric	1
novel_species	GCA_054656995.1	Methanobacterium	Archaea	GCA_018141185.1	0.025614	congeneric	1
as_reported	GCA_054657575.1	Stetteria	Archaea	GCA_055392325.1	0.431489	inter_genus	0
no_self_strain	GCA_054657575.1	Stetteria	Archaea	GCA_055392325.1	0.431489	inter_genus	0
novel_species	GCA_054657575.1	Stetteria	Archaea	GCA_055392325.1	0.431489	inter_genus	0
as_reported	GCA_054657655.1	Thermococcus	Archaea	GCA_900198835.1	0.045402	congeneric	1
no_self_strain	GCA_054657655.1	Thermococcus	Archaea	GCA_900198835.1	0.045402	congeneric	1
novel_species	GCA_054657655.1	Thermococcus	Archaea	GCA_900198835.1	0.045402	congeneric	1
as_reported	GCA_054657855.1	Thermococcus	Archaea	GCA_002214465.1	0.210875	congeneric	1
no_self_strain	GCA_054657855.1	Thermococcus	Archaea	GCA_002214465.1	0.210875	congeneric	1
novel_species	GCA_054657855.1	Thermococcus	Archaea	GCA_002214465.1	0.210875	congeneric	1
as_reported	GCA_054776155.1	Salinarchaeum	Archaea	GCA_055390775.1	0.000215	same_species	1
no_self_strain	GCA_054776155.1	Salinarchaeum	Archaea	GCA_055390775.1	0.000215	same_species	1
novel_species	GCA_054776155.1	Salinarchaeum	Archaea	GCA_023204835.1	0.127310	congeneric	1
as_reported	GCA_054783865.1	Natronobiforma	Archaea	GCA_025629245.1	0.000287	same_species	1
no_self_strain	GCA_054783865.1	Natronobiforma	Archaea	GCA_025629245.1	0.000287	same_species	1
novel_species	GCA_054783865.1	Natronobiforma	Archaea	GCA_024362525.1	0.269529	inter_genus	0
as_reported	GCA_055378175.1	Halovenus	Archaea	GCA_026586665.1	0.000215	same_species	1
no_self_strain	GCA_055378175.1	Halovenus	Archaea	GCA_026586665.1	0.000215	same_species	1
novel_species	GCA_055378175.1	Halovenus	Archaea	GCA_900100385.1	0.201469	congeneric	1
as_reported	GCA_055379315.1	Natronobiforma	Archaea	GCA_025629245.1	0.000865	same_species	1
no_self_strain	GCA_055379315.1	Natronobiforma	Archaea	GCA_025629245.1	0.000865	same_species	1
novel_species	GCA_055379315.1	Natronobiforma	Archaea	GCA_024362525.1	0.269529	inter_genus	0
as_reported	GCA_055379715.1	Pyrodictium	Archaea	GCA_001462395.1	0.006486	congeneric	1
no_self_strain	GCA_055379715.1	Pyrodictium	Archaea	GCA_001462395.1	0.006486	congeneric	1
novel_species	GCA_055379715.1	Pyrodictium	Archaea	GCA_001462395.1	0.006486	congeneric	1
as_reported	GCA_055380485.1	Methanobacterium	Archaea	GCA_018141185.1	0.251593	congeneric	1
no_self_strain	GCA_055380485.1	Methanobacterium	Archaea	GCA_018141185.1	0.251593	congeneric	1
novel_species	GCA_055380485.1	Methanobacterium	Archaea	GCA_018141185.1	0.251593	congeneric	1
as_reported	GCA_055381305.1	Methanobacterium	Archaea	GCA_029848115.1	0.195326	congeneric	1
no_self_strain	GCA_055381305.1	Methanobacterium	Archaea	GCA_029848115.1	0.195326	congeneric	1
novel_species	GCA_055381305.1	Methanobacterium	Archaea	GCA_029848115.1	0.195326	congeneric	1
as_reported	GCA_055381615.1	Natronoarchaeum	Archaea	GCA_039522665.1	0.000071	same_species	1
no_self_strain	GCA_055381615.1	Natronoarchaeum	Archaea	GCA_039522665.1	0.000071	same_species	1
novel_species	GCA_055381615.1	Natronoarchaeum	Archaea	GCA_024494695.1	0.104438	congeneric	1
as_reported	GCA_055382135.1	Pyrococcus	Archaea	GCA_050496105.1	0.000000	same_species	1
no_self_strain	GCA_055382135.1	Pyrococcus	Archaea	GCA_050496105.1	0.000000	same_species	1
novel_species	GCA_055382135.1	Pyrococcus	Archaea	GCA_008245085.1	0.006486	congeneric	1
as_reported	GCA_055382585.1	Methanocalculus	Archaea	GCA_024372745.1	0.144631	congeneric	1
no_self_strain	GCA_055382585.1	Methanocalculus	Archaea	GCA_024372745.1	0.144631	congeneric	1
novel_species	GCA_055382585.1	Methanocalculus	Archaea	GCA_024372745.1	0.144631	congeneric	1
as_reported	GCA_055382595.1	Thermodiscus	Archaea	GCA_000011125.1	0.397196	inter_genus	0
no_self_strain	GCA_055382595.1	Thermodiscus	Archaea	GCA_000011125.1	0.397196	inter_genus	0
novel_species	GCA_055382595.1	Thermodiscus	Archaea	GCA_000011125.1	0.397196	inter_genus	0
as_reported	GCA_055384425.1	Pyrobaculum	Archaea	GCA_000015205.1	0.033002	congeneric	1
no_self_strain	GCA_055384425.1	Pyrobaculum	Archaea	GCA_000015205.1	0.033002	congeneric	1
novel_species	GCA_055384425.1	Pyrobaculum	Archaea	GCA_000015205.1	0.033002	congeneric	1
as_reported	GCA_055384795.1	Thermococcus	Archaea	GCA_032304395.1	0.000143	same_species	1
no_self_strain	GCA_055384795.1	Thermococcus	Archaea	GCA_032304395.1	0.000143	same_species	1
novel_species	GCA_055384795.1	Thermococcus	Archaea	GCA_000258515.1	0.050346	congeneric	1
as_reported	GCA_055385895.1	Methanosarcina	Archaea	GCA_000970285.1	0.151724	congeneric	1
no_self_strain	GCA_055385895.1	Methanosarcina	Archaea	GCA_000970285.1	0.151724	congeneric	1
novel_species	GCA_055385895.1	Methanosarcina	Archaea	GCA_000970285.1	0.151724	congeneric	1
as_reported	GCA_055386235.1	Methanocaldococcus	Archaea	GCA_049554935.1	0.001820	same_species	1
no_self_strain	GCA_055386235.1	Methanocaldococcus	Archaea	GCA_049554935.1	0.001820	same_species	1
novel_species	GCA_055386235.1	Methanocaldococcus	Archaea	GCA_902827225.1	0.240966	congeneric	1
as_reported	GCA_055386755.1	Thermococcus	Archaea	GCA_002214585.1	0.136064	congeneric	1
no_self_strain	GCA_055386755.1	Thermococcus	Archaea	GCA_002214585.1	0.136064	congeneric	1
novel_species	GCA_055386755.1	Thermococcus	Archaea	GCA_002214585.1	0.136064	congeneric	1
as_reported	GCA_055387505.1	Methanobacterium	Archaea	GCA_000745485.1	0.202375	congeneric	1
no_self_strain	GCA_055387505.1	Methanobacterium	Archaea	GCA_000745485.1	0.202375	congeneric	1
novel_species	GCA_055387505.1	Methanobacterium	Archaea	GCA_000745485.1	0.202375	congeneric	1
as_reported	GCA_055389025.1	Thermococcus	Archaea	GCA_000769655.1	0.023343	congeneric	1
no_self_strain	GCA_055389025.1	Thermococcus	Archaea	GCA_000769655.1	0.023343	congeneric	1
novel_species	GCA_055389025.1	Thermococcus	Archaea	GCA_000769655.1	0.023343	congeneric	1
as_reported	GCA_055390775.1	Salinarchaeum	Archaea	GCA_054776155.1	0.000215	same_species	1
no_self_strain	GCA_055390775.1	Salinarchaeum	Archaea	GCA_054776155.1	0.000215	same_species	1
novel_species	GCA_055390775.1	Salinarchaeum	Archaea	GCA_023204835.1	0.127751	congeneric	1
as_reported	GCA_055392295.1	Methanothermus	Archaea	GCA_000166095.1	0.005517	congeneric	1
no_self_strain	GCA_055392295.1	Methanothermus	Archaea	GCA_000166095.1	0.005517	congeneric	1
novel_species	GCA_055392295.1	Methanothermus	Archaea	GCA_000166095.1	0.005517	congeneric	1
as_reported	GCA_055392585.1	Thermococcus	Archaea	GCA_024707485.1	0.103417	congeneric	1
no_self_strain	GCA_055392585.1	Thermococcus	Archaea	GCA_024707485.1	0.103417	congeneric	1
novel_species	GCA_055392585.1	Thermococcus	Archaea	GCA_024707485.1	0.103417	congeneric	1
as_reported	GCA_055393685.1	Thermococcus	Archaea	GCA_024054535.1	0.069013	congeneric	1
no_self_strain	GCA_055393685.1	Thermococcus	Archaea	GCA_024054535.1	0.069013	congeneric	1
novel_species	GCA_055393685.1	Thermococcus	Archaea	GCA_024054535.1	0.069013	congeneric	1
as_reported	GCA_055394095.1	Methanosarcina	Archaea	GCA_052056915.1	0.251593	congeneric	1
no_self_strain	GCA_055394095.1	Methanosarcina	Archaea	GCA_052056915.1	0.251593	congeneric	1
novel_species	GCA_055394095.1	Methanosarcina	Archaea	GCA_052056915.1	0.251593	congeneric	1
as_reported	GCA_055397825.1	Methanothermobacter	Archaea	GCA_023167465.1	0.093223	congeneric	1
no_self_strain	GCA_055397825.1	Methanothermobacter	Archaea	GCA_023167465.1	0.093223	congeneric	1
novel_species	GCA_055397825.1	Methanothermobacter	Archaea	GCA_023167465.1	0.093223	congeneric	1
as_reported	GCA_055398215.1	Thermocladium	Archaea	GCA_014646535.1	0.000720	same_species	1
no_self_strain	GCA_055398215.1	Thermocladium	Archaea	GCA_014646535.1	0.000720	same_species	1
novel_species	GCA_055398215.1	Thermocladium	Archaea	GCA_000018305.1	0.406139	inter_genus	0
as_reported	GCA_055398255.1	Sulfophobococcus	Archaea	GCA_000092185.1	0.369901	inter_genus	0
no_self_strain	GCA_055398255.1	Sulfophobococcus	Archaea	GCA_000092185.1	0.369901	inter_genus	0
novel_species	GCA_055398255.1	Sulfophobococcus	Archaea	GCA_000092185.1	0.369901	inter_genus	0
as_reported	GCA_900079115.1	Saccharolobus	Archaea	GCA_019175345.1	0.098807	congeneric	1
no_self_strain	GCA_900079115.1	Saccharolobus	Archaea	GCA_019175345.1	0.098807	congeneric	1
novel_species	GCA_900079115.1	Saccharolobus	Archaea	GCA_019175345.1	0.098807	congeneric	1
as_reported	GCA_900100385.1	Halovenus	Archaea	GCA_026410925.1	0.143064	congeneric	1
no_self_strain	GCA_900100385.1	Halovenus	Archaea	GCA_026410925.1	0.143064	congeneric	1
novel_species	GCA_900100385.1	Halovenus	Archaea	GCA_026410925.1	0.143064	congeneric	1
as_reported	GCA_900100715.1	Methanolobus	Archaea	GCA_031312595.1	0.098807	congeneric	1
no_self_strain	GCA_900100715.1	Methanolobus	Archaea	GCA_031312595.1	0.098807	congeneric	1
novel_species	GCA_900100715.1	Methanolobus	Archaea	GCA_031312595.1	0.098807	congeneric	1
as_reported	GCA_900101055.1	Methanoculleus	Archaea	GCA_001571405.1	0.000647	same_species	1
no_self_strain	GCA_900101055.1	Methanoculleus	Archaea	GCA_001571405.1	0.000647	same_species	1
novel_species	GCA_900101055.1	Methanoculleus	Archaea	GCA_025914035.1	0.156945	congeneric	1
as_reported	GCA_900103415.1	Methanobrevibacter	Archaea	GCA_003111625.1	0.242244	congeneric	1
no_self_strain	GCA_900103415.1	Methanobrevibacter	Archaea	GCA_003111625.1	0.242244	congeneric	1
novel_species	GCA_900103415.1	Methanobrevibacter	Archaea	GCA_003111625.1	0.242244	congeneric	1
as_reported	GCA_900104065.1	Natronobacterium	Archaea	GCA_000337655.1	0.150042	congeneric	1
no_self_strain	GCA_900104065.1	Natronobacterium	Archaea	GCA_000337655.1	0.150042	congeneric	1
novel_species	GCA_900104065.1	Natronobacterium	Archaea	GCA_000337655.1	0.150042	congeneric	1
as_reported	GCA_900106905.1	Methanohalophilus	Archaea	GCA_003722055.1	0.000215	same_species	1
no_self_strain	GCA_900106905.1	Methanohalophilus	Archaea	GCA_003722055.1	0.000215	same_species	1
novel_species	GCA_900106905.1	Methanohalophilus	Archaea	GCA_001888095.1	0.062039	congeneric	1
as_reported	GCA_900108095.1	Natronorubrum	Archaea	GCA_900156445.1	0.051206	congeneric	1
no_self_strain	GCA_900108095.1	Natronorubrum	Archaea	GCA_900156445.1	0.051206	congeneric	1
novel_species	GCA_900108095.1	Natronorubrum	Archaea	GCA_900156445.1	0.051206	congeneric	1
as_reported	GCA_900109425.1	Thermococcus	Archaea	GCA_002214545.1	0.000143	same_species	1
no_self_strain	GCA_900109425.1	Thermococcus	Archaea	GCA_002214545.1	0.000143	same_species	1
novel_species	GCA_900109425.1	Thermococcus	Archaea	GCA_024707485.1	0.071949	congeneric	1
as_reported	GCA_900110455.1	Natrinema	Archaea	GCA_000784335.1	0.000503	same_species	1
no_self_strain	GCA_900110455.1	Natrinema	Archaea	GCA_000784335.1	0.000503	same_species	1
novel_species	GCA_900110455.1	Natrinema	Archaea	GCA_000337195.1	0.184752	congeneric	1
as_reported	GCA_900110865.1	Natrinema	Archaea	GCA_029502005.1	0.160580	congeneric	1
no_self_strain	GCA_900110865.1	Natrinema	Archaea	GCA_029502005.1	0.160580	congeneric	1
novel_species	GCA_900110865.1	Natrinema	Archaea	GCA_029502005.1	0.160580	congeneric	1
as_reported	GCA_900111645.1	Methanococcoides	Archaea	GCA_900773955.1	0.000287	same_species	1
no_self_strain	GCA_900111645.1	Methanococcoides	Archaea	GCA_900773955.1	0.000287	same_species	1
novel_species	GCA_900111645.1	Methanococcoides	Archaea	GCA_000765475.1	0.094129	congeneric	1
as_reported	GCA_900112205.1	Natronobacterium	Archaea	GCA_000226975.3	0.049497	congeneric	1
no_self_strain	GCA_900112205.1	Natronobacterium	Archaea	GCA_000226975.3	0.049497	congeneric	1
novel_species	GCA_900112205.1	Natronobacterium	Archaea	GCA_000226975.3	0.049497	congeneric	1
as_reported	GCA_900114025.1	Natronobacterium	Archaea	GCA_002855455.1	0.000358	same_species	1
no_self_strain	GCA_900114025.1	Natronobacterium	Archaea	GCA_002855455.1	0.000358	same_species	1
novel_species	GCA_900114025.1	Natronobacterium	Archaea	GCA_900104065.1	0.150599	congeneric	1
as_reported	GCA_900114585.1	Methanobrevibacter	Archaea	GCA_000024185.1	0.215889	congeneric	1
no_self_strain	GCA_900114585.1	Methanobrevibacter	Archaea	GCA_000024185.1	0.215889	congeneric	1
novel_species	GCA_900114585.1	Methanobrevibacter	Archaea	GCA_000024185.1	0.215889	congeneric	1
as_reported	GCA_900114835.1	Methanolobus	Archaea	GCA_031312535.1	0.166939	congeneric	1
no_self_strain	GCA_900114835.1	Methanolobus	Archaea	GCA_031312535.1	0.166939	congeneric	1
novel_species	GCA_900114835.1	Methanolobus	Archaea	GCA_031312535.1	0.166939	congeneric	1
as_reported	GCA_900156445.1	Natronorubrum	Archaea	GCA_001971705.1	0.000143	same_species	1
no_self_strain	GCA_900156445.1	Natronorubrum	Archaea	GCA_001971705.1	0.000143	same_species	1
novel_species	GCA_900156445.1	Natronorubrum	Archaea	GCA_900108095.1	0.051206	congeneric	1
as_reported	GCA_900176435.1	Picrophilus	Archaea	GCA_000008265.1	0.013181	same_strain	1
no_self_strain	GCA_900176435.1	Picrophilus	Archaea	GCA_001399695.1	0.353354	inter_genus	0
novel_species	GCA_900176435.1	Picrophilus	Archaea	GCA_001399695.1	0.353354	inter_genus	0
as_reported	GCA_900177455.1	Methanohalophilus	Archaea	GCA_003722115.1	0.000215	same_strain	1
no_self_strain	GCA_900177455.1	Methanohalophilus	Archaea	GCA_002761295.1	0.000287	same_species	1
novel_species	GCA_900177455.1	Methanohalophilus	Archaea	GCA_900106905.1	0.062647	congeneric	1
as_reported	GCA_900198835.1	Thermococcus	Archaea	GCA_054657655.1	0.045402	congeneric	1
no_self_strain	GCA_900198835.1	Thermococcus	Archaea	GCA_054657655.1	0.045402	congeneric	1
novel_species	GCA_900198835.1	Thermococcus	Archaea	GCA_054657655.1	0.045402	congeneric	1
as_reported	GCA_900215575.1	Natronoarchaeum	Archaea	GCA_024494695.1	0.145690	congeneric	1
no_self_strain	GCA_900215575.1	Natronoarchaeum	Archaea	GCA_024494695.1	0.145690	congeneric	1
novel_species	GCA_900215575.1	Natronoarchaeum	Archaea	GCA_024494695.1	0.145690	congeneric	1
as_reported	GCA_900773915.1	Methanococcoides	Archaea	GCA_000765475.1	0.000647	same_species	1
no_self_strain	GCA_900773915.1	Methanococcoides	Archaea	GCA_000765475.1	0.000647	same_species	1
novel_species	GCA_900773915.1	Methanococcoides	Archaea	GCA_021184045.1	0.053852	congeneric	1
as_reported	GCA_900773955.1	Methanococcoides	Archaea	GCA_900111645.1	0.000287	same_species	1
no_self_strain	GCA_900773955.1	Methanococcoides	Archaea	GCA_900111645.1	0.000287	same_species	1
novel_species	GCA_900773955.1	Methanococcoides	Archaea	GCA_000765475.1	0.094433	congeneric	1
as_reported	GCA_902827225.1	Methanocaldococcus	Archaea	GCA_000091665.1	0.140506	congeneric	1
no_self_strain	GCA_902827225.1	Methanocaldococcus	Archaea	GCA_000091665.1	0.140506	congeneric	1
novel_species	GCA_902827225.1	Methanocaldococcus	Archaea	GCA_000091665.1	0.140506	congeneric	1
as_reported	GCA_904067545.1	Thermococcus	Archaea	GCA_008152015.1	0.099128	congeneric	1
no_self_strain	GCA_904067545.1	Thermococcus	Archaea	GCA_008152015.1	0.099128	congeneric	1
novel_species	GCA_904067545.1	Thermococcus	Archaea	GCA_008152015.1	0.099128	congeneric	1
as_reported	GCA_000011185.1	Thermoplasma	Archaea	GCA_000195915.1	0.258747	congeneric	1
no_self_strain	GCA_000011185.1	Thermoplasma	Archaea	GCA_000195915.1	0.258747	congeneric	1
novel_species	GCA_000011185.1	Thermoplasma	Archaea	GCA_000195915.1	0.258747	congeneric	1
as_reported	GCA_000092185.1	Thermosphaera	Archaea	GCA_014962245.1	0.118496	congeneric	1
no_self_strain	GCA_000092185.1	Thermosphaera	Archaea	GCA_014962245.1	0.118496	congeneric	1
novel_species	GCA_000092185.1	Thermosphaera	Archaea	GCA_014962245.1	0.118496	congeneric	1
as_reported	GCA_000148385.1	Vulcanisaeta	Archaea	GCA_014646555.1	0.139003	congeneric	1
no_self_strain	GCA_000148385.1	Vulcanisaeta	Archaea	GCA_014646555.1	0.139003	congeneric	1
novel_species	GCA_000148385.1	Vulcanisaeta	Archaea	GCA_014646555.1	0.139003	congeneric	1
as_reported	GCA_000190315.1	Vulcanisaeta	Archaea	GCA_000148385.1	0.141012	congeneric	1
no_self_strain	GCA_000190315.1	Vulcanisaeta	Archaea	GCA_000148385.1	0.141012	congeneric	1
novel_species	GCA_000190315.1	Vulcanisaeta	Archaea	GCA_000148385.1	0.141012	congeneric	1
as_reported	GCA_000195915.1	Thermoplasma	Archaea	GCA_000011185.1	0.258747	congeneric	1
no_self_strain	GCA_000195915.1	Thermoplasma	Archaea	GCA_000011185.1	0.258747	congeneric	1
novel_species	GCA_000195915.1	Thermoplasma	Archaea	GCA_000011185.1	0.258747	congeneric	1
as_reported	GCA_000253055.1	Thermoproteus	Archaea	GCA_055392855.1	0.233576	congeneric	1
no_self_strain	GCA_000253055.1	Thermoproteus	Archaea	GCA_055392855.1	0.233576	congeneric	1
novel_species	GCA_000253055.1	Thermoproteus	Archaea	GCA_055392855.1	0.233576	congeneric	1
as_reported	GCA_001316025.1	Vulcanisaeta	Archaea	GCA_014646555.1	0.033528	same_strain	1
no_self_strain	GCA_001316025.1	Vulcanisaeta	Archaea	GCA_000148385.1	0.175118	congeneric	1
novel_species	GCA_001316025.1	Vulcanisaeta	Archaea	GCA_000148385.1	0.175118	congeneric	1
as_reported	GCA_001316105.1	Thermogymnomonas	Archaea	GCA_014646795.1	0.064709	same_species	1
no_self_strain	GCA_001316105.1	Thermogymnomonas	Archaea	GCA_014646795.1	0.064709	same_species	1
as_reported	GCA_001748385.1	Vulcanisaeta	Archaea	GCA_000148385.1	0.247497	congeneric	1
no_self_strain	GCA_001748385.1	Vulcanisaeta	Archaea	GCA_000148385.1	0.247497	congeneric	1
novel_species	GCA_001748385.1	Vulcanisaeta	Archaea	GCA_000148385.1	0.247497	congeneric	1
as_reported	GCA_014646555.1	Vulcanisaeta	Archaea	GCA_026000775.1	0.000938	same_strain	1
no_self_strain	GCA_014646555.1	Vulcanisaeta	Archaea	GCA_000148385.1	0.139003	congeneric	1
novel_species	GCA_014646555.1	Vulcanisaeta	Archaea	GCA_000148385.1	0.139003	congeneric	1
as_reported	GCA_014962245.1	Thermosphaera	Archaea	GCA_000092185.1	0.118496	congeneric	1
no_self_strain	GCA_014962245.1	Thermosphaera	Archaea	GCA_000092185.1	0.118496	congeneric	1
novel_species	GCA_014962245.1	Thermosphaera	Archaea	GCA_000092185.1	0.118496	congeneric	1
as_reported	GCA_026000775.1	Vulcanisaeta	Archaea	GCA_014646555.1	0.000938	same_strain	1
no_self_strain	GCA_026000775.1	Vulcanisaeta	Archaea	GCA_000148385.1	0.139501	congeneric	1
novel_species	GCA_026000775.1	Vulcanisaeta	Archaea	GCA_000148385.1	0.139501	congeneric	1
as_reported	GCA_055392855.1	Thermoproteus	Archaea	GCA_000253055.1	0.233576	congeneric	1
no_self_strain	GCA_055392855.1	Thermoproteus	Archaea	GCA_000253055.1	0.233576	congeneric	1
novel_species	GCA_055392855.1	Thermoproteus	Archaea	GCA_000253055.1	0.233576	congeneric	1
as_reported	GCA_055393465.1	Thermogymnomonas	Archaea	GCA_014646795.1	0.000358	same_species	1
no_self_strain	GCA_055393465.1	Thermogymnomonas	Archaea	GCA_014646795.1	0.000358	same_species	1
novel_species	GCA_055393465.1	Thermogymnomonas	Archaea	GCA_038024865.1	0.415717	inter_genus	0
