acc_a	acc_b	class	genus_a	genus_b	conserved_a	proteins_a	conserved_b	proteins_b	pocp	mash_dist	aai	prot_dist
GCA_001400635.1	GCA_001401215.1	congeneric	Pseudomonas	Pseudomonas	4794	5205	4804	5215	92.1113	0.031477		
GCA_001418025.1	GCA_014201515.1	congeneric	Anoxybacillus	Anoxybacillus	2450	2617	2443	2702	91.9910	0.048035		
GCA_001418655.1	GCA_014656275.1	congeneric	Streptomyces	Streptomyces	8409	9368	8198	8995	90.4373	0.035846		
GCA_001642805.2	GCA_034424255.1	congeneric	Serratia	Serratia	4275	4748	4276	4755	89.9821	0.050312		
GCA_000181535.1	GCA_001639065.2	congeneric	Vibrio	Vibrio	4531	5066	4486	5034	89.2772	0.044639		
GCA_021173085.2	GCA_023955645.1	congeneric	Ralstonia	Ralstonia	4392	4826	4442	5136	88.6770	0.064098		
GCA_902459595.1	GCA_902459665.1	congeneric	Pandoraea	Pandoraea	3960	4337	4001	4646	88.6230	0.038462		
GCA_014656275.1	GCA_016598615.1	congeneric	Streptomyces	Streptomyces	8116	8995	8264	9740	87.4299	0.049995		
GCA_055383075.1	GCA_055396975.1	congeneric	Symbiobacterium	Symbiobacterium	2979	3457	2936	3322	87.2548	0.102631		
GCA_000382005.1	GCA_012641725.1	congeneric	Pseudoalteromonas	Pseudoalteromonas	4046	4528	4067	4777	87.1897	0.036262		
GCA_021173085.2	GCA_958405935.1	congeneric	Ralstonia	Ralstonia	4248	4826	4286	4962	87.1884	0.077740		
GCA_001611855.1	GCA_002086715.1	congeneric	Mycobacteroides	Mycobacteroides	4202	4632	4204	5117	86.2242	0.129876		
GCA_020404845.1	GCA_027947575.1	congeneric	Streptomyces	Streptomyces	6238	7263	6287	7298	86.0174	0.059574		
GCA_023955645.1	GCA_958405935.1	congeneric	Ralstonia	Ralstonia	4347	5136	4335	4962	85.9774	0.078703		
GCA_001418655.1	GCA_016598615.1	congeneric	Streptomyces	Streptomyces	8242	9368	8177	9740	85.9274	0.051356		
GCA_021390235.1	GCA_042430785.1	congeneric	Streptomyces	Streptomyces	6823	8369	6601	7315	85.5904	0.042584		
GCA_001969825.1	GCA_023278185.1	congeneric	Bradyrhizobium	Bradyrhizobium	6930	7775	7047	8598	85.3662	0.047447		
GCA_003064125.1	GCA_042647405.1	congeneric	Xanthomonas	Xanthomonas	3541	4202	3553	4138	85.0600	0.051356		
GCA_021919185.1	GCA_042432025.1	congeneric	Xanthomonas	Xanthomonas	3226	3852	3325	3852	85.0337	0.036880		
GCA_010728525.1	GCA_025821505.1	congeneric	Mycobacterium	Mycobacterium	3822	4427	3940	4819	83.9498	0.020916		
GCA_019308285.1	GCA_030378165.1	congeneric	Flavobacterium	Flavobacterium	4273	5097	4170	4966	83.9014	0.055126		
GCA_013087605.1	GCA_046118665.1	congeneric	Rhizobium	Rhizobium	5921	6988	5914	7171	83.5864	0.068691		
GCA_000252995.1	GCA_006365335.1	congeneric	Salmonella	Salmonella	3529	3973	3580	4587	83.0491	0.085039		
GCA_024169475.1	GCA_025175645.1	congeneric	Peribacillus	Peribacillus	4376	5052	4456	5594	82.9607	0.070819		
GCA_021173085.2	GCA_039522805.1	congeneric	Ralstonia	Ralstonia	3780	4826	3753	4426	81.4202	0.108487		
GCA_000478275.1	GCA_014873915.1	congeneric	Amycolatopsis	Amycolatopsis	6793	8170	6861	8602	81.4095	0.087802		
GCA_000759735.1	GCA_019048805.1	congeneric	Citrobacter	Citrobacter	3928	4575	3965	5176	80.9455	0.073072		
GCA_045310525.1	GCA_045310675.1	congeneric	Clostridium	Clostridium	2970	3841	2920	3443	80.8622	0.077621		
GCA_023955645.1	GCA_039522805.1	congeneric	Ralstonia	Ralstonia	3903	5136	3825	4426	80.8199	0.112243		
GCA_039522805.1	GCA_958405935.1	congeneric	Ralstonia	Ralstonia	3747	4426	3823	4962	80.6349	0.113823		
GCA_001277805.1	GCA_001618685.1	congeneric	Geobacillus	Geobacillus	2293	2613	2377	3206	80.2543	0.104724		
GCA_000372845.1	GCA_013350005.1	congeneric	Methylocystis	Methylocystis	2985	3698	2948	3705	80.1432	0.066382		
GCA_030412915.1	GCA_030412965.1	congeneric	Nocardioides	Nocardioides	3477	4078	3582	4745	80.0068	0.098665		
GCA_023656565.1	GCA_030378165.1	congeneric	Flavobacterium	Flavobacterium	3714	4502	3775	4966	79.0980	0.128533		
GCA_054602315.1	GCA_900094605.1	congeneric	Bradyrhizobium	Bradyrhizobium	5911	7168	6179	8291	78.2069	0.106604		
GCA_007858165.1	GCA_008386555.1	congeneric	Pseudomonas	Pseudomonas	4352	5724	4305	5389	77.8998	0.128401		
GCA_019930105.1	GCA_900475975.1	congeneric	Streptococcus	Streptococcus	1382	1770	1381	1779	77.8529	0.106285		
GCA_025642175.1	GCA_042431885.1	congeneric	Streptomyces	Streptomyces	5797	7338	5763	7515	77.8294	0.104419		
GCA_020404845.1	GCA_042433635.1	congeneric	Streptomyces	Streptomyces	5421	7263	5214	6482	77.3736	0.097746		
GCA_019308285.1	GCA_023656565.1	congeneric	Flavobacterium	Flavobacterium	3766	5097	3640	4502	77.1539	0.132688		
GCA_027947575.1	GCA_042433635.1	congeneric	Streptomyces	Streptomyces	5412	7298	5177	6482	76.8433	0.095903		
GCA_000252995.1	GCA_000759735.1	inter_genus	Salmonella	Citrobacter	3216	3973	3331	4575	76.5910	0.155166		
GCA_001580545.1	GCA_013366925.1	congeneric	Paraburkholderia	Paraburkholderia	5612	6983	5892	8209	75.7241	0.093547		
GCA_014656275.1	GCA_021390235.1	congeneric	Streptomyces	Streptomyces	6655	8995	6399	8369	75.1785	0.151725		
GCA_001544215.1	GCA_053761065.1	congeneric	Enterococcus	Enterococcus	2037	2758	2014	2637	75.0880	0.136157		
GCA_014656275.1	GCA_042430785.1	congeneric	Streptomyces	Streptomyces	6293	8995	5846	7315	74.4267	0.148731		
GCA_001418655.1	GCA_021390235.1	congeneric	Streptomyces	Streptomyces	6791	9368	6342	8369	74.0430	0.150417		
GCA_000759735.1	GCA_006365335.1	inter_genus	Citrobacter	Salmonella	3417	4575	3360	4587	73.9686	0.147707		
GCA_023656565.1	GCA_042659905.1	congeneric	Flavobacterium	Flavobacterium	3439	4502	3509	4916	73.7736	0.174408		
GCA_016598615.1	GCA_021390235.1	congeneric	Streptomyces	Streptomyces	6873	9740	6454	8369	73.5932	0.148114		
GCA_000817815.1	GCA_002741985.1	congeneric	Vibrio	Vibrio	3783	5721	3764	4574	73.3074	0.094981		
GCA_001418655.1	GCA_042430785.1	congeneric	Streptomyces	Streptomyces	6386	9368	5776	7315	72.9006	0.149356		
GCA_020404845.1	GCA_042430785.1	congeneric	Streptomyces	Streptomyces	5256	7263	5301	7315	72.4173	0.137268		
GCA_016598615.1	GCA_042430785.1	congeneric	Streptomyces	Streptomyces	6471	9740	5879	7315	72.4128	0.148938		
GCA_042430785.1	GCA_042433635.1	congeneric	Streptomyces	Streptomyces	5085	7315	4866	6482	72.1244	0.137268		
GCA_020404845.1	GCA_021390235.1	congeneric	Streptomyces	Streptomyces	5524	7263	5743	8369	72.0765	0.137915		
GCA_000252995.1	GCA_019048805.1	inter_genus	Salmonella	Citrobacter	3220	3973	3356	5176	71.8767	0.155166		
GCA_025642175.1	GCA_963924095.1	congeneric	Streptomyces	Streptomyces	5281	7338	5184	7236	71.8060	0.116963		
GCA_027947575.1	GCA_042430785.1	congeneric	Streptomyces	Streptomyces	5240	7298	5229	7315	71.6417	0.138407		
GCA_021390235.1	GCA_027947575.1	congeneric	Streptomyces	Streptomyces	5691	8369	5513	7298	71.5134	0.137753		
GCA_021919185.1	GCA_042647405.1	congeneric	Xanthomonas	Xanthomonas	2839	3852	2872	4138	71.4768	0.164662		
GCA_030378165.1	GCA_042659905.1	congeneric	Flavobacterium	Flavobacterium	3512	4966	3530	4916	71.2609	0.182699		
GCA_014656275.1	GCA_020404845.1	congeneric	Streptomyces	Streptomyces	6003	8995	5564	7263	71.1465	0.155645		
GCA_042432025.1	GCA_042647405.1	congeneric	Xanthomonas	Xanthomonas	2860	3852	2820	4138	71.0889	0.166150		
GCA_021390235.1	GCA_042433635.1	congeneric	Streptomyces	Streptomyces	5478	8369	5074	6482	71.0525	0.140086		
GCA_001401215.1	GCA_007858165.1	congeneric	Pseudomonas	Pseudomonas	3874	5215	3879	5724	70.8749	0.202933		
GCA_030406665.1	GCA_030409215.1	congeneric	Halomonas	Halomonas	2421	3257	2536	3749	70.7536	0.144959		
GCA_014656275.1	GCA_027947575.1	congeneric	Streptomyces	Streptomyces	5961	8995	5550	7298	70.6500	0.158373		
GCA_019308285.1	GCA_042659905.1	congeneric	Flavobacterium	Flavobacterium	3564	5097	3494	4916	70.4884	0.185367		
GCA_001580545.1	GCA_902459535.1	congeneric	Paraburkholderia	Paraburkholderia	5030	6983	5023	7307	70.3499	0.148524		
GCA_006365335.1	GCA_019048805.1	inter_genus	Salmonella	Citrobacter	3385	4587	3476	5176	70.2755	0.151504		
GCA_020404845.1	GCA_025642175.1	congeneric	Streptomyces	Streptomyces	5133	7263	5100	7338	70.0842	0.145150		
GCA_042431885.1	GCA_963924095.1	congeneric	Streptomyces	Streptomyces	5201	7515	5130	7236	70.0359	0.123066		
GCA_001400635.1	GCA_007858165.1	congeneric	Pseudomonas	Pseudomonas	3820	5205	3817	5724	69.8783	0.202271		
GCA_003064125.1	GCA_042432025.1	congeneric	Xanthomonas	Xanthomonas	2790	4202	2834	3852	69.8287	0.163791		
GCA_025642175.1	GCA_027947575.1	congeneric	Streptomyces	Streptomyces	5068	7338	5116	7298	69.5819	0.146312		
GCA_020404845.1	GCA_042431885.1	congeneric	Streptomyces	Streptomyces	5163	7263	5110	7515	69.5155	0.146509		
GCA_001277805.1	GCA_001418025.1	inter_genus	Geobacillus	Anoxybacillus	1819	2613	1816	2617	69.5029	0.263022		
GCA_001418025.1	GCA_001618685.1	inter_genus	Anoxybacillus	Geobacillus	1975	2617	2072	3206	69.5003	0.248764		
GCA_001969825.1	GCA_900094605.1	congeneric	Bradyrhizobium	Bradyrhizobium	5569	7775	5592	8291	69.4697	0.155645		
GCA_001418655.1	GCA_020404845.1	congeneric	Streptomyces	Streptomyces	6074	9368	5473	7263	69.4306	0.159669		
GCA_025642175.1	GCA_042430785.1	congeneric	Streptomyces	Streptomyces	5081	7338	5081	7315	69.3510	0.142187		
GCA_001418655.1	GCA_027947575.1	congeneric	Streptomyces	Streptomyces	6062	9368	5466	7298	69.1708	0.159407		
GCA_021390235.1	GCA_025642175.1	congeneric	Streptomyces	Streptomyces	5530	8369	5334	7338	69.1666	0.142547		
GCA_016598615.1	GCA_020404845.1	congeneric	Streptomyces	Streptomyces	6156	9740	5594	7263	69.1055	0.158887		
GCA_020404845.1	GCA_963924095.1	congeneric	Streptomyces	Streptomyces	5054	7263	4961	7236	69.0737	0.142547		
GCA_027947575.1	GCA_963924095.1	congeneric	Streptomyces	Streptomyces	5056	7298	4951	7236	68.8523	0.145534		
GCA_016598615.1	GCA_027947575.1	congeneric	Streptomyces	Streptomyces	6121	9740	5603	7298	68.8109	0.160198		
GCA_014656275.1	GCA_042653945.1	congeneric	Streptomyces	Streptomyces	6603	8995	6958	10714	68.8061	0.164662		
GCA_001182745.2	GCA_001612785.1	congeneric	Nocardia	Nocardia	4255	6046	4542	6744	68.7803	0.165848		
GCA_042430785.1	GCA_042431885.1	congeneric	Streptomyces	Streptomyces	5101	7315	5094	7515	68.7458	0.147304		
GCA_021390235.1	GCA_042431885.1	congeneric	Streptomyces	Streptomyces	5562	8369	5332	7515	68.5847	0.148319		
GCA_027947575.1	GCA_042431885.1	congeneric	Streptomyces	Streptomyces	5119	7298	5033	7515	68.5344	0.147505		
GCA_014656275.1	GCA_025642175.1	congeneric	Streptomyces	Streptomyces	5814	8995	5357	7338	68.3953	0.156865		
GCA_003064125.1	GCA_021919185.1	congeneric	Xanthomonas	Xanthomonas	2761	4202	2736	3852	68.2518	0.167376		
GCA_001418655.1	GCA_042653945.1	congeneric	Streptomyces	Streptomyces	6750	9368	6943	10714	68.1854	0.162098		
GCA_001277805.1	GCA_014201515.1	inter_genus	Geobacillus	Anoxybacillus	1814	2613	1802	2702	68.0339	0.263022		
GCA_001969825.1	GCA_054602315.1	congeneric	Bradyrhizobium	Bradyrhizobium	5159	7775	4999	7168	67.9783	0.171602		
GCA_014656275.1	GCA_042433635.1	congeneric	Streptomyces	Streptomyces	5556	8995	4951	6482	67.8878	0.156373		
GCA_025642175.1	GCA_042433635.1	congeneric	Streptomyces	Streptomyces	4773	7338	4608	6482	67.8799	0.148319		
GCA_001618685.1	GCA_014201515.1	inter_genus	Geobacillus	Anoxybacillus	2042	3206	1957	2702	67.6879	0.248764		
GCA_042431885.1	GCA_042433635.1	congeneric	Streptomyces	Streptomyces	4826	7515	4643	6482	67.6502	0.148524		
GCA_013366925.1	GCA_902459535.1	congeneric	Paraburkholderia	Paraburkholderia	5412	8209	5080	7307	67.6205	0.157362		
GCA_042433635.1	GCA_963924095.1	congeneric	Streptomyces	Streptomyces	4593	6482	4672	7236	67.5390	0.143460		
GCA_023278185.1	GCA_900094605.1	congeneric	Bradyrhizobium	Bradyrhizobium	5738	8598	5647	8291	67.4107	0.157865		
GCA_021390235.1	GCA_042653945.1	congeneric	Streptomyces	Streptomyces	6153	8369	6698	10714	67.3427	0.143276		
GCA_001580545.1	GCA_003443895.1	congeneric	Paraburkholderia	Paraburkholderia	4782	6983	4790	7231	67.3421	0.171602		
GCA_014656275.1	GCA_042431885.1	congeneric	Streptomyces	Streptomyces	5758	8995	5322	7515	67.1108	0.159407		
GCA_016598615.1	GCA_042653945.1	congeneric	Streptomyces	Streptomyces	6735	9740	6978	10714	67.0431	0.162098		
GCA_023278185.1	GCA_054602315.1	congeneric	Bradyrhizobium	Bradyrhizobium	5437	8598	5109	7168	66.8908	0.169931		
GCA_001401215.1	GCA_008386555.1	congeneric	Pseudomonas	Pseudomonas	3550	5215	3541	5389	66.8710	0.194429		
GCA_001418655.1	GCA_025642175.1	congeneric	Streptomyces	Streptomyces	5867	9368	5274	7338	66.6886	0.159933		
GCA_001400635.1	GCA_008386555.1	congeneric	Pseudomonas	Pseudomonas	3536	5205	3525	5389	66.6509	0.197886		
GCA_016598615.1	GCA_025642175.1	congeneric	Streptomyces	Streptomyces	5939	9740	5374	7338	66.2431	0.159407		
GCA_042430785.1	GCA_042653945.1	congeneric	Streptomyces	Streptomyces	5590	7315	6307	10714	65.9881	0.148114		
GCA_021390235.1	GCA_963924095.1	congeneric	Streptomyces	Streptomyces	5291	8369	4990	7236	65.8827	0.148319		
GCA_042430785.1	GCA_963924095.1	congeneric	Streptomyces	Streptomyces	4829	7315	4748	7236	65.8168	0.151066		
GCA_001418655.1	GCA_042433635.1	congeneric	Streptomyces	Streptomyces	5597	9368	4832	6482	65.7981	0.159933		
GCA_001418655.1	GCA_042431885.1	congeneric	Streptomyces	Streptomyces	5842	9368	5233	7515	65.5985	0.164662		
GCA_016598615.1	GCA_042433635.1	congeneric	Streptomyces	Streptomyces	5673	9740	4951	6482	65.4913	0.158119		
GCA_003443895.1	GCA_902459535.1	congeneric	Paraburkholderia	Paraburkholderia	4782	7231	4728	7307	65.4148	0.187713		
GCA_016598615.1	GCA_042431885.1	congeneric	Streptomyces	Streptomyces	5893	9740	5380	7515	65.3318	0.163220		
GCA_001639065.2	GCA_002741985.1	congeneric	Vibrio	Vibrio	3180	5034	3087	4574	65.2269	0.216771		
GCA_003443895.1	GCA_013366925.1	congeneric	Paraburkholderia	Paraburkholderia	4863	7231	5081	8209	64.4041	0.171944		
GCA_014656275.1	GCA_963924095.1	congeneric	Streptomyces	Streptomyces	5426	8995	4969	7236	64.0441	0.164662		
GCA_000817815.1	GCA_001639065.2	congeneric	Vibrio	Vibrio	3402	5721	3460	5034	63.8029	0.222464		
GCA_000759735.1	GCA_034424255.1	inter_genus	Citrobacter	Serratia	2964	4575	2959	4755	63.4834	0.233808		
GCA_020404845.1	GCA_042653945.1	congeneric	Streptomyces	Streptomyces	5351	7263	6045	10714	63.3921	0.161822		
GCA_000759735.1	GCA_001642805.2	inter_genus	Citrobacter	Serratia	2964	4575	2939	4748	63.3165	0.233808		
GCA_025642175.1	GCA_042653945.1	congeneric	Streptomyces	Streptomyces	5343	7338	6040	10714	63.0567	0.154692		
GCA_000252995.1	GCA_034424255.1	inter_genus	Salmonella	Serratia	2708	3973	2774	4755	62.8093	0.242205		
GCA_027947575.1	GCA_042653945.1	congeneric	Streptomyces	Streptomyces	5316	7298	5960	10714	62.6027	0.160465		
GCA_001418655.1	GCA_963924095.1	congeneric	Streptomyces	Streptomyces	5505	9368	4886	7236	62.5813	0.167688		
GCA_042431885.1	GCA_042653945.1	congeneric	Streptomyces	Streptomyces	5344	7515	6013	10714	62.3018	0.154692		
GCA_000252995.1	GCA_001642805.2	inter_genus	Salmonella	Serratia	2684	3973	2737	4748	62.1603	0.243761		
GCA_000181535.1	GCA_000817815.1	congeneric	Vibrio	Vibrio	3393	5066	3295	5721	62.0006	0.226680		
GCA_016598615.1	GCA_963924095.1	congeneric	Streptomyces	Streptomyces	5511	9740	4962	7236	61.6930	0.170926		
GCA_000181535.1	GCA_002741985.1	congeneric	Vibrio	Vibrio	3023	5066	2890	4574	61.3382	0.222464		
GCA_042433635.1	GCA_042653945.1	congeneric	Streptomyces	Streptomyces	4816	6482	5652	10714	60.8746	0.156373		
GCA_042653945.1	GCA_963924095.1	congeneric	Streptomyces	Streptomyces	5788	10714	5060	7236	60.4345	0.161003		
GCA_006365335.1	GCA_034424255.1	inter_genus	Salmonella	Serratia	2793	4587	2846	4755	60.3618	0.236445		
GCA_001642805.2	GCA_006365335.1	inter_genus	Serratia	Salmonella	2799	4748	2772	4587	59.6786	0.232543		
GCA_001642805.2	GCA_019048805.1	inter_genus	Serratia	Citrobacter	2933	4748	2965	5176	59.4317	0.236445		
GCA_019048805.1	GCA_034424255.1	inter_genus	Citrobacter	Serratia	2939	5176	2901	4755	58.8058	0.236445		
GCA_039522805.1	GCA_902459665.1	inter_genus	Ralstonia	Pandoraea	2531	4426	2655	4646	57.1649	0.232543		
GCA_001611855.1	GCA_025821505.1	inter_genus	Mycobacteroides	Mycobacterium	2692	4632	2676	4819	56.7982	0.273629		
GCA_039522805.1	GCA_902459595.1	inter_genus	Ralstonia	Pandoraea	2422	4426	2509	4337	56.2707	0.235108		
GCA_021173085.2	GCA_902459595.1	inter_genus	Ralstonia	Pandoraea	2537	4826	2604	4337	56.1061	0.236445		
GCA_902459595.1	GCA_958405935.1	inter_genus	Pandoraea	Ralstonia	2611	4337	2563	4962	55.6404	0.250557		
GCA_001611855.1	GCA_010728525.1	inter_genus	Mycobacteroides	Mycobacterium	2564	4632	2472	4427	55.5911	0.283502		
GCA_021173085.2	GCA_902459665.1	inter_genus	Ralstonia	Pandoraea	2572	4826	2679	4646	55.4371	0.233808		
GCA_902459665.1	GCA_958405935.1	inter_genus	Pandoraea	Ralstonia	2677	4646	2607	4962	54.9958	0.245371		
GCA_023955645.1	GCA_902459595.1	inter_genus	Ralstonia	Pandoraea	2581	5136	2624	4337	54.9456	0.245371		
GCA_023955645.1	GCA_902459665.1	inter_genus	Ralstonia	Pandoraea	2634	5136	2710	4646	54.6310	0.236445		
GCA_002086715.1	GCA_025821505.1	inter_genus	Mycobacteroides	Mycobacterium	2691	5117	2679	4819	54.0459	0.260703		
GCA_001580545.1	GCA_902459595.1	inter_genus	Paraburkholderia	Pandoraea	3210	6983	2862	4337	53.6396	0.231311		
GCA_001618685.1	GCA_024169475.1	inter_genus	Geobacillus	Peribacillus	2053	3206	2336	5052	53.1485	0.353280		
GCA_001580545.1	GCA_902459665.1	inter_genus	Paraburkholderia	Pandoraea	3250	6983	2915	4646	53.0140	0.237820		
GCA_002086715.1	GCA_010728525.1	inter_genus	Mycobacteroides	Mycobacterium	2560	5117	2453	4427	52.5251	0.273629		
GCA_902459535.1	GCA_902459595.1	inter_genus	Paraburkholderia	Pandoraea	3217	7307	2844	4337	52.0526	0.248764		
GCA_902459535.1	GCA_902459665.1	inter_genus	Paraburkholderia	Pandoraea	3258	7307	2928	4646	51.7527	0.245371		
GCA_001580545.1	GCA_021173085.2	inter_genus	Paraburkholderia	Ralstonia	3233	6983	2821	4826	51.2660	0.254359		
GCA_003443895.1	GCA_902459595.1	inter_genus	Paraburkholderia	Pandoraea	3142	7231	2780	4337	51.1929	0.233808		
GCA_001580545.1	GCA_023955645.1	inter_genus	Paraburkholderia	Ralstonia	3294	6983	2907	5136	51.1676	0.268030		
GCA_003443895.1	GCA_902459665.1	inter_genus	Paraburkholderia	Pandoraea	3196	7231	2844	4646	50.8546	0.243761		
GCA_001580545.1	GCA_958405935.1	inter_genus	Paraburkholderia	Ralstonia	3225	6983	2824	4962	50.6404	0.256381		
GCA_001618685.1	GCA_025175645.1	inter_genus	Geobacillus	Peribacillus	2047	3206	2395	5594	50.4773	0.353280		
GCA_003443895.1	GCA_023955645.1	inter_genus	Paraburkholderia	Ralstonia	3337	7231	2905	5136	50.4730	0.252420		
GCA_001580545.1	GCA_039522805.1	inter_genus	Paraburkholderia	Ralstonia	3094	6983	2661	4426	50.4426	0.252420		
GCA_023955645.1	GCA_902459535.1	inter_genus	Ralstonia	Paraburkholderia	2937	5136	3321	7307	50.2933	0.276697		
GCA_003443895.1	GCA_958405935.1	inter_genus	Paraburkholderia	Ralstonia	3275	7231	2844	4962	50.1845	0.248764		
GCA_003443895.1	GCA_021173085.2	inter_genus	Paraburkholderia	Ralstonia	3246	7231	2803	4826	50.1700	0.242205		
GCA_039522805.1	GCA_902459535.1	inter_genus	Ralstonia	Paraburkholderia	2725	4426	3149	7307	50.0639	0.263022		
GCA_021173085.2	GCA_902459535.1	inter_genus	Ralstonia	Paraburkholderia	2835	4826	3234	7307	50.0206	0.256381		
GCA_003443895.1	GCA_039522805.1	inter_genus	Paraburkholderia	Ralstonia	3141	7231	2674	4426	49.8842	0.228939		
GCA_902459535.1	GCA_958405935.1	inter_genus	Paraburkholderia	Ralstonia	3228	7307	2855	4962	49.5802	0.256381		
GCA_001418025.1	GCA_024169475.1	inter_genus	Anoxybacillus	Peribacillus	1754	2617	2025	5052	49.2763	0.339586		
GCA_014201515.1	GCA_024169475.1	inter_genus	Anoxybacillus	Peribacillus	1751	2702	2040	5052	48.8909	0.320287		
GCA_013366925.1	GCA_902459595.1	inter_genus	Paraburkholderia	Pandoraea	3283	8209	2778	4337	48.3102	0.237820		
GCA_001277805.1	GCA_024169475.1	inter_genus	Geobacillus	Peribacillus	1733	2613	1964	5052	48.2322	0.353280		
GCA_013366925.1	GCA_023955645.1	inter_genus	Paraburkholderia	Ralstonia	3452	8209	2927	5136	47.8007	0.265460		
GCA_013366925.1	GCA_902459665.1	inter_genus	Paraburkholderia	Pandoraea	3315	8209	2828	4646	47.7869	0.243761		
GCA_013366925.1	GCA_958405935.1	inter_genus	Paraburkholderia	Ralstonia	3400	8209	2862	4962	47.5438	0.270747		
GCA_013366925.1	GCA_021173085.2	inter_genus	Paraburkholderia	Ralstonia	3370	8209	2809	4826	47.4031	0.265460		
GCA_013366925.1	GCA_039522805.1	inter_genus	Paraburkholderia	Ralstonia	3284	8209	2698	4426	47.3447	0.265460		
GCA_001418025.1	GCA_025175645.1	inter_genus	Anoxybacillus	Peribacillus	1767	2617	2106	5594	47.1684	0.339586		
GCA_014201515.1	GCA_025175645.1	inter_genus	Anoxybacillus	Peribacillus	1771	2702	2115	5594	46.8419	0.328965		
GCA_001611855.1	GCA_001612785.1	inter_genus	Mycobacteroides	Nocardia	2552	4632	2755	6744	46.6508	0.279978		
GCA_001182745.2	GCA_001611855.1	inter_genus	Nocardia	Mycobacteroides	2513	6046	2453	4632	46.5068	0.268030		
GCA_001277805.1	GCA_025175645.1	inter_genus	Geobacillus	Peribacillus	1737	2613	1994	5594	45.4612	0.353280		
GCA_001612785.1	GCA_002086715.1	inter_genus	Nocardia	Mycobacteroides	2777	6744	2601	5117	45.3419	0.276697		
GCA_001182745.2	GCA_002086715.1	inter_genus	Nocardia	Mycobacteroides	2536	6046	2495	5117	45.0685	0.265460		
GCA_000478275.1	GCA_014656275.1	inter_genus	Amycolatopsis	Streptomyces	3662	8170	3941	8995	44.2936	0.295981		
GCA_000478275.1	GCA_021390235.1	inter_genus	Amycolatopsis	Streptomyces	3627	8170	3697	8369	44.2832	0.273629		
GCA_000478275.1	GCA_027947575.1	inter_genus	Amycolatopsis	Streptomyces	3415	8170	3408	7298	44.1104	0.263022		
GCA_000478275.1	GCA_020404845.1	inter_genus	Amycolatopsis	Streptomyces	3415	8170	3390	7263	44.0938	0.265460		
GCA_014873915.1	GCA_020404845.1	inter_genus	Amycolatopsis	Streptomyces	3530	8602	3426	7263	43.8449	0.252420		
GCA_014656275.1	GCA_014873915.1	inter_genus	Streptomyces	Amycolatopsis	3973	8995	3728	8602	43.7631	0.300994		
GCA_000478275.1	GCA_042430785.1	inter_genus	Amycolatopsis	Streptomyces	3431	8170	3344	7315	43.7520	0.273629		
GCA_014873915.1	GCA_027947575.1	inter_genus	Amycolatopsis	Streptomyces	3517	8602	3432	7298	43.7044	0.268030		
GCA_000478275.1	GCA_001418655.1	inter_genus	Amycolatopsis	Streptomyces	3619	8170	4042	9368	43.6823	0.300994		
GCA_014873915.1	GCA_021390235.1	inter_genus	Amycolatopsis	Streptomyces	3689	8602	3664	8369	43.3269	0.268030		
GCA_014873915.1	GCA_016598615.1	inter_genus	Amycolatopsis	Streptomyces	3816	8602	4120	9740	43.2668	0.295981		
GCA_000478275.1	GCA_016598615.1	inter_genus	Amycolatopsis	Streptomyces	3687	8170	4059	9740	43.2496	0.283502		
GCA_001418655.1	GCA_014873915.1	inter_genus	Streptomyces	Amycolatopsis	4076	9368	3686	8602	43.1942	0.320287		
GCA_001612785.1	GCA_025821505.1	inter_genus	Nocardia	Mycobacterium	2536	6744	2425	4819	42.9041	0.270747		
GCA_014873915.1	GCA_042430785.1	inter_genus	Amycolatopsis	Streptomyces	3465	8602	3322	7315	42.6399	0.276697		
GCA_000478275.1	GCA_001612785.1	inter_genus	Amycolatopsis	Nocardia	3205	8170	3140	6744	42.5439	0.276697		
GCA_000478275.1	GCA_025642175.1	inter_genus	Amycolatopsis	Streptomyces	3349	8170	3245	7338	42.5200	0.291447		
GCA_001612785.1	GCA_010728525.1	inter_genus	Nocardia	Mycobacterium	2458	6744	2236	4427	42.0195	0.279978		
GCA_014873915.1	GCA_025642175.1	inter_genus	Amycolatopsis	Streptomyces	3415	8602	3273	7338	41.9573	0.279978		
GCA_001182745.2	GCA_025821505.1	inter_genus	Nocardia	Mycobacterium	2281	6046	2272	4819	41.9052	0.256381		
GCA_001612785.1	GCA_014873915.1	inter_genus	Nocardia	Amycolatopsis	3144	6744	3279	8602	41.8546	0.283502		
GCA_001182745.2	GCA_010728525.1	inter_genus	Nocardia	Mycobacterium	2223	6046	2116	4427	41.4303	0.256381		
GCA_000478275.1	GCA_042431885.1	inter_genus	Amycolatopsis	Streptomyces	3283	8170	3194	7515	41.2942	0.295981		
GCA_000478275.1	GCA_042433635.1	inter_genus	Amycolatopsis	Streptomyces	3100	8170	2934	6482	41.1821	0.291447		
GCA_019930105.1	GCA_053761065.1	inter_genus	Streptococcus	Enterococcus	877	1770	931	2637	41.0256	0.295981		
GCA_014873915.1	GCA_042433635.1	inter_genus	Amycolatopsis	Streptomyces	3204	8602	2951	6482	40.8048	0.291447		
GCA_000478275.1	GCA_963924095.1	inter_genus	Amycolatopsis	Streptomyces	3160	8170	3085	7236	40.5362	0.312952		
GCA_014873915.1	GCA_042431885.1	inter_genus	Amycolatopsis	Streptomyces	3323	8602	3187	7515	40.3921	0.287309		
GCA_001182745.2	GCA_014873915.1	inter_genus	Nocardia	Amycolatopsis	2795	6046	3098	8602	40.2307	0.240698		
GCA_014873915.1	GCA_963924095.1	inter_genus	Amycolatopsis	Streptomyces	3229	8602	3136	7236	40.1882	0.291447		
GCA_000478275.1	GCA_001182745.2	inter_genus	Amycolatopsis	Nocardia	2965	8170	2745	6046	40.1660	0.248764		
GCA_053761065.1	GCA_900475975.1	inter_genus	Enterococcus	Streptococcus	918	2637	855	1779	40.1495	0.295981		
GCA_000478275.1	GCA_042653945.1	inter_genus	Amycolatopsis	Streptomyces	3530	8170	4020	10714	39.9809	0.300994		
GCA_000759735.1	GCA_001639065.2	inter_genus	Citrobacter	Vibrio	1884	4575	1941	5034	39.8064	0.312952		
GCA_001544215.1	GCA_019930105.1	inter_genus	Enterococcus	Streptococcus	922	2758	873	1770	39.6422	0.295981		
GCA_014873915.1	GCA_042653945.1	inter_genus	Amycolatopsis	Streptomyces	3602	8602	4005	10714	39.3819	0.306598		
GCA_001401215.1	GCA_030406665.1	inter_genus	Pseudomonas	Halomonas	1736	5215	1592	3257	39.2823	0.312952		
GCA_001400635.1	GCA_030406665.1	inter_genus	Pseudomonas	Halomonas	1739	5205	1580	3257	39.2224	0.306598		
GCA_000252995.1	GCA_001639065.2	inter_genus	Salmonella	Vibrio	1699	3973	1810	5034	38.9586	0.320287		
GCA_001544215.1	GCA_900475975.1	inter_genus	Enterococcus	Streptococcus	912	2758	850	1779	38.8362	0.295981		
GCA_001639065.2	GCA_001642805.2	inter_genus	Vibrio	Serratia	1920	5034	1846	4748	38.4993	0.328965		
GCA_007858165.1	GCA_030406665.1	inter_genus	Pseudomonas	Halomonas	1819	5724	1633	3257	38.4367	0.295981		
GCA_008386555.1	GCA_030406665.1	inter_genus	Pseudomonas	Halomonas	1731	5389	1577	3257	38.2605	0.287309		
GCA_001639065.2	GCA_034424255.1	inter_genus	Vibrio	Serratia	1905	5034	1833	4755	38.1857	0.328965		
GCA_001639065.2	GCA_019048805.1	inter_genus	Vibrio	Citrobacter	1963	5034	1927	5176	38.0999	0.312952		
GCA_008386555.1	GCA_034424255.1	inter_genus	Pseudomonas	Serratia	1949	5389	1908	4755	38.0225	0.353280		
GCA_001642805.2	GCA_007858165.1	inter_genus	Serratia	Pseudomonas	1962	4748	2019	5724	38.0157	0.328965		
GCA_001642805.2	GCA_008386555.1	inter_genus	Serratia	Pseudomonas	1903	4748	1946	5389	37.9698	0.353280		
GCA_046118665.1	GCA_054602315.1	inter_genus	Rhizobium	Bradyrhizobium	2764	7171	2657	7168	37.8060	0.283502		
GCA_000252995.1	GCA_002741985.1	inter_genus	Salmonella	Vibrio	1595	3973	1626	4574	37.6857	0.320287		
GCA_007858165.1	GCA_034424255.1	inter_genus	Pseudomonas	Serratia	2000	5724	1948	4755	37.6754	0.320287		
GCA_001612785.1	GCA_025642175.1	inter_genus	Nocardia	Streptomyces	2658	6744	2641	7338	37.6296	0.306598		
GCA_001639065.2	GCA_006365335.1	inter_genus	Vibrio	Salmonella	1859	5034	1761	4587	37.6260	0.312952		
GCA_013087605.1	GCA_900094605.1	inter_genus	Rhizobium	Bradyrhizobium	2845	6988	2901	8291	37.6072	0.312952		
GCA_000181535.1	GCA_000759735.1	inter_genus	Vibrio	Citrobacter	1850	5066	1773	4575	37.5791	0.328965		
GCA_013087605.1	GCA_054602315.1	inter_genus	Rhizobium	Bradyrhizobium	2716	6988	2589	7168	37.4753	0.312952		
GCA_008386555.1	GCA_030409215.1	inter_genus	Pseudomonas	Halomonas	1759	5389	1664	3749	37.4590	0.295981		
GCA_001612785.1	GCA_027947575.1	inter_genus	Nocardia	Streptomyces	2567	6744	2692	7298	37.4519	0.295981		
GCA_000759735.1	GCA_002741985.1	inter_genus	Citrobacter	Vibrio	1724	4575	1694	4574	37.3593	0.312952		
GCA_001612785.1	GCA_020404845.1	inter_genus	Nocardia	Streptomyces	2553	6744	2679	7263	37.3528	0.291447		
GCA_001401215.1	GCA_030409215.1	inter_genus	Pseudomonas	Halomonas	1700	5215	1636	3749	37.2155	0.312952		
GCA_001400635.1	GCA_030409215.1	inter_genus	Pseudomonas	Halomonas	1703	5205	1628	3749	37.2013	0.300994		
GCA_001969825.1	GCA_013087605.1	inter_genus	Bradyrhizobium	Rhizobium	2751	7775	2736	6988	37.1672	0.300994		
GCA_001642805.2	GCA_002741985.1	inter_genus	Serratia	Vibrio	1728	4748	1727	4574	37.0629	0.328965		
GCA_046118665.1	GCA_900094605.1	inter_genus	Rhizobium	Bradyrhizobium	2843	7171	2852	8291	36.8322	0.287309		
GCA_001969825.1	GCA_046118665.1	inter_genus	Bradyrhizobium	Rhizobium	2767	7775	2731	7171	36.7858	0.306598		
GCA_001612785.1	GCA_021390235.1	inter_genus	Nocardia	Streptomyces	2692	6744	2866	8369	36.7763	0.295981		
GCA_023278185.1	GCA_046118665.1	inter_genus	Bradyrhizobium	Rhizobium	2958	8598	2820	7171	36.6415	0.295981		
GCA_007858165.1	GCA_039522805.1	inter_genus	Pseudomonas	Ralstonia	1896	5724	1808	4426	36.4926	0.291447		
GCA_001612785.1	GCA_042431885.1	inter_genus	Nocardia	Streptomyces	2581	6744	2620	7515	36.4752	0.283502		
GCA_002741985.1	GCA_034424255.1	inter_genus	Vibrio	Serratia	1693	4574	1708	4755	36.4562	0.328965		
GCA_000181535.1	GCA_000252995.1	inter_genus	Vibrio	Salmonella	1713	5066	1580	3973	36.4310	0.339586		
GCA_007858165.1	GCA_030409215.1	inter_genus	Pseudomonas	Halomonas	1778	5724	1672	3749	36.4193	0.300994		
GCA_001612785.1	GCA_042430785.1	inter_genus	Nocardia	Streptomyces	2537	6744	2575	7315	36.3610	0.300994		
GCA_001580545.1	GCA_007858165.1	inter_genus	Paraburkholderia	Pseudomonas	2407	6983	2189	5724	36.1690	0.339586		
GCA_020404845.1	GCA_030412965.1	inter_genus	Streptomyces	Nocardioides	2289	7263	2054	4745	36.1676	0.258493		
GCA_001401215.1	GCA_039522805.1	inter_genus	Pseudomonas	Ralstonia	1782	5215	1703	4426	36.1477	0.306598		
GCA_001401215.1	GCA_034424255.1	inter_genus	Pseudomonas	Serratia	1821	5215	1780	4755	36.1184	0.328965		
GCA_007858165.1	GCA_021173085.2	inter_genus	Pseudomonas	Ralstonia	1946	5724	1863	4826	36.1043	0.300994		
GCA_001182745.2	GCA_020404845.1	inter_genus	Nocardia	Streptomyces	2291	6046	2513	7263	36.0959	0.260703		
GCA_027947575.1	GCA_030412965.1	inter_genus	Streptomyces	Nocardioides	2296	7298	2048	4745	36.0707	0.250557		
GCA_000181535.1	GCA_001642805.2	inter_genus	Vibrio	Serratia	1815	5066	1724	4748	36.0607	0.328965		
GCA_013087605.1	GCA_023278185.1	inter_genus	Rhizobium	Bradyrhizobium	2762	6988	2854	8598	36.0323	0.312952		
GCA_000252995.1	GCA_000817815.1	inter_genus	Salmonella	Vibrio	1719	3973	1773	5721	36.0223	0.320287		
GCA_025642175.1	GCA_030412965.1	inter_genus	Streptomyces	Nocardioides	2275	7338	2074	4745	35.9927	0.245371		
GCA_030412915.1	GCA_042433635.1	inter_genus	Nocardioides	Streptomyces	1804	4078	1996	6482	35.9848	0.263022		
GCA_030412965.1	GCA_042433635.1	inter_genus	Nocardioides	Streptomyces	1935	4745	2104	6482	35.9758	0.273629		
GCA_007858165.1	GCA_902459595.1	inter_genus	Pseudomonas	Pandoraea	1813	5724	1806	4337	35.9706	0.320287		
GCA_007858165.1	GCA_023955645.1	inter_genus	Pseudomonas	Ralstonia	1980	5724	1922	5136	35.9300	0.312952		
GCA_002741985.1	GCA_006365335.1	inter_genus	Vibrio	Salmonella	1650	4574	1634	4587	35.8476	0.312952		
GCA_000181535.1	GCA_019048805.1	inter_genus	Vibrio	Citrobacter	1864	5066	1806	5176	35.8328	0.328965		
GCA_025642175.1	GCA_030412915.1	inter_genus	Streptomyces	Nocardioides	2165	7338	1924	4078	35.8181	0.252420		
GCA_007858165.1	GCA_958405935.1	inter_genus	Pseudomonas	Ralstonia	1949	5724	1876	4962	35.7945	0.320287		
GCA_002741985.1	GCA_019048805.1	inter_genus	Vibrio	Citrobacter	1723	4574	1766	5176	35.7846	0.312952		
GCA_001401215.1	GCA_021173085.2	inter_genus	Pseudomonas	Ralstonia	1829	5215	1764	4826	35.7833	0.306598		
GCA_001182745.2	GCA_027947575.1	inter_genus	Nocardia	Streptomyces	2269	6046	2504	7298	35.7689	0.250557		
GCA_007858165.1	GCA_902459665.1	inter_genus	Pseudomonas	Pandoraea	1844	5724	1860	4646	35.7184	0.328965		
GCA_027947575.1	GCA_030412915.1	inter_genus	Streptomyces	Nocardioides	2175	7298	1887	4078	35.7068	0.256381		
GCA_001401215.1	GCA_001642805.2	inter_genus	Pseudomonas	Serratia	1806	5215	1750	4748	35.6921	0.320287		
GCA_020404845.1	GCA_030412915.1	inter_genus	Streptomyces	Nocardioides	2160	7263	1887	4078	35.6847	0.258493		
GCA_008386555.1	GCA_021173085.2	inter_genus	Pseudomonas	Ralstonia	1850	5389	1790	4826	35.6339	0.295981		
GCA_008386555.1	GCA_039522805.1	inter_genus	Pseudomonas	Ralstonia	1778	5389	1718	4426	35.6190	0.287309		
GCA_001612785.1	GCA_014656275.1	inter_genus	Nocardia	Streptomyces	2639	6744	2963	8995	35.5931	0.312952		
GCA_000181535.1	GCA_034424255.1	inter_genus	Vibrio	Serratia	1789	5066	1706	4755	35.5870	0.328965		
GCA_001612785.1	GCA_042433635.1	inter_genus	Nocardia	Streptomyces	2369	6744	2337	6482	35.5814	0.287309		
GCA_001400635.1	GCA_039522805.1	inter_genus	Pseudomonas	Ralstonia	1755	5205	1670	4426	35.5622	0.306598		
GCA_001400635.1	GCA_034424255.1	inter_genus	Pseudomonas	Serratia	1784	5205	1755	4755	35.5321	0.312952		
GCA_008386555.1	GCA_023955645.1	inter_genus	Pseudomonas	Ralstonia	1885	5389	1850	5136	35.4869	0.306598		
GCA_001612785.1	GCA_963924095.1	inter_genus	Nocardia	Streptomyces	2451	6744	2509	7236	35.4793	0.287309		
GCA_000759735.1	GCA_000817815.1	inter_genus	Citrobacter	Vibrio	1833	4575	1819	5721	35.4701	0.300994		
GCA_008386555.1	GCA_902459595.1	inter_genus	Pseudomonas	Pandoraea	1716	5389	1731	4337	35.4411	0.295981		
GCA_001401215.1	GCA_023955645.1	inter_genus	Pseudomonas	Ralstonia	1847	5215	1821	5136	35.4362	0.320287		
GCA_007858165.1	GCA_902459535.1	inter_genus	Pseudomonas	Paraburkholderia	2194	5724	2421	7307	35.4155	0.353280		
GCA_000817815.1	GCA_001642805.2	inter_genus	Vibrio	Serratia	1864	5721	1843	4748	35.4093	0.339586		
GCA_001401215.1	GCA_958405935.1	inter_genus	Pseudomonas	Ralstonia	1811	5215	1782	4962	35.3051	0.306598		
GCA_001182745.2	GCA_030412915.1	inter_genus	Nocardia	Nocardioides	1827	6046	1741	4078	35.2430	0.263022		
GCA_000181535.1	GCA_006365335.1	inter_genus	Vibrio	Salmonella	1757	5066	1643	4587	35.2222	0.339586		
GCA_001401215.1	GCA_001580545.1	inter_genus	Pseudomonas	Paraburkholderia	2031	5215	2265	6983	35.2189	0.353280		
GCA_001400635.1	GCA_001642805.2	inter_genus	Pseudomonas	Serratia	1776	5205	1724	4748	35.1653	0.328965		
GCA_001182745.2	GCA_025642175.1	inter_genus	Nocardia	Streptomyces	2272	6046	2426	7338	35.1016	0.260703		
GCA_001182745.2	GCA_030412965.1	inter_genus	Nocardia	Nocardioides	1911	6046	1874	4745	35.0755	0.245371		
GCA_001400635.1	GCA_021173085.2	inter_genus	Pseudomonas	Ralstonia	1801	5205	1716	4826	35.0613	0.306598		
GCA_000817815.1	GCA_034424255.1	inter_genus	Vibrio	Serratia	1843	5721	1830	4755	35.0611	0.328965		
GCA_001401215.1	GCA_902459595.1	inter_genus	Pseudomonas	Pandoraea	1672	5215	1673	4337	35.0188	0.339586		
GCA_030412915.1	GCA_042430785.1	inter_genus	Nocardioides	Streptomyces	1879	4078	2109	7315	35.0039	0.273629		
GCA_001418655.1	GCA_001612785.1	inter_genus	Streptomyces	Nocardia	3023	9368	2616	6744	34.9988	0.312952		
GCA_008386555.1	GCA_958405935.1	inter_genus	Pseudomonas	Ralstonia	1837	5389	1784	4962	34.9821	0.312952		
GCA_030412965.1	GCA_042430785.1	inter_genus	Nocardioides	Streptomyces	1996	4745	2218	7315	34.9420	0.283502		
GCA_008386555.1	GCA_902459665.1	inter_genus	Pseudomonas	Pandoraea	1729	5389	1775	4646	34.9178	0.328965		
GCA_001400635.1	GCA_902459595.1	inter_genus	Pseudomonas	Pandoraea	1673	5205	1657	4337	34.8983	0.339586		
GCA_001612785.1	GCA_016598615.1	inter_genus	Nocardia	Streptomyces	2678	6744	3071	9740	34.8762	0.328965		
GCA_000817815.1	GCA_006365335.1	inter_genus	Vibrio	Salmonella	1811	5721	1784	4587	34.8758	0.312952		
GCA_001182745.2	GCA_021390235.1	inter_genus	Nocardia	Streptomyces	2351	6046	2676	8369	34.8734	0.256381		
GCA_001580545.1	GCA_008386555.1	inter_genus	Paraburkholderia	Pseudomonas	2272	6983	2030	5389	34.7721	0.306598		
GCA_003443895.1	GCA_007858165.1	inter_genus	Paraburkholderia	Pseudomonas	2378	7231	2125	5724	34.7588	0.353280		
GCA_001182745.2	GCA_042433635.1	inter_genus	Nocardia	Streptomyces	2116	6046	2232	6482	34.7063	0.273629		
GCA_030412965.1	GCA_963924095.1	inter_genus	Nocardioides	Streptomyces	1974	4745	2181	7236	34.6799	0.247037		
GCA_000478275.1	GCA_001611855.1	inter_genus	Amycolatopsis	Mycobacteroides	2323	8170	2115	4632	34.6665	0.306598		
GCA_001400635.1	GCA_958405935.1	inter_genus	Pseudomonas	Ralstonia	1780	5205	1743	4962	34.6513	0.300994		
GCA_001400635.1	GCA_902459665.1	inter_genus	Pseudomonas	Pandoraea	1703	5205	1709	4646	34.6361	0.339586		
GCA_001401215.1	GCA_902459535.1	inter_genus	Pseudomonas	Paraburkholderia	2047	5215	2290	7307	34.6350	0.353280		
GCA_001400635.1	GCA_023955645.1	inter_genus	Pseudomonas	Ralstonia	1805	5205	1774	5136	34.6098	0.328965		
GCA_001400635.1	GCA_001580545.1	inter_genus	Pseudomonas	Paraburkholderia	1985	5205	2219	6983	34.4929	0.353280		
GCA_000817815.1	GCA_019048805.1	inter_genus	Vibrio	Citrobacter	1857	5721	1896	5176	34.4407	0.312952		
GCA_030412965.1	GCA_042431885.1	inter_genus	Nocardioides	Streptomyces	2005	4745	2215	7515	34.4209	0.270747		
GCA_030412915.1	GCA_963924095.1	inter_genus	Nocardioides	Streptomyces	1835	4078	2057	7236	34.3999	0.265460		
GCA_001182745.2	GCA_042430785.1	inter_genus	Nocardia	Streptomyces	2198	6046	2396	7315	34.3837	0.268030		
GCA_001611855.1	GCA_014873915.1	inter_genus	Mycobacteroides	Amycolatopsis	2133	4632	2412	8602	34.3434	0.312952		
GCA_001401215.1	GCA_902459665.1	inter_genus	Pseudomonas	Pandoraea	1678	5215	1707	4646	34.3271	0.339586		
GCA_000382005.1	GCA_002741985.1	inter_genus	Pseudoalteromonas	Vibrio	1541	4528	1582	4574	34.3111	0.328965		
GCA_001401215.1	GCA_003443895.1	inter_genus	Pseudomonas	Paraburkholderia	2011	5215	2256	7231	34.2841	0.353280		
GCA_021390235.1	GCA_030412965.1	inter_genus	Streptomyces	Nocardioides	2406	8369	2077	4745	34.1848	0.270747		
GCA_030412915.1	GCA_042431885.1	inter_genus	Nocardioides	Streptomyces	1863	4078	2099	7515	34.1758	0.270747		
GCA_008386555.1	GCA_902459535.1	inter_genus	Pseudomonas	Paraburkholderia	2049	5389	2287	7307	34.1525	0.339586		
GCA_030406665.1	GCA_034424255.1	inter_genus	Halomonas	Serratia	1320	3257	1414	4755	34.1238	0.287309		
GCA_001182745.2	GCA_042431885.1	inter_genus	Nocardia	Streptomyces	2220	6046	2407	7515	34.1199	0.270747		
GCA_001400635.1	GCA_902459535.1	inter_genus	Pseudomonas	Paraburkholderia	2018	5205	2244	7307	34.0633	0.328965		
GCA_014656275.1	GCA_030412965.1	inter_genus	Streptomyces	Nocardioides	2554	8995	2122	4745	34.0320	0.260703		
GCA_001612785.1	GCA_042653945.1	inter_genus	Nocardia	Streptomyces	2739	6744	3201	10714	34.0245	0.312952		
GCA_021390235.1	GCA_030412915.1	inter_genus	Streptomyces	Nocardioides	2279	8369	1947	4078	33.9520	0.273629		
GCA_001611855.1	GCA_030412915.1	inter_genus	Mycobacteroides	Nocardioides	1467	4632	1480	4078	33.8347	0.300994		
GCA_002741985.1	GCA_012641725.1	inter_genus	Vibrio	Pseudoalteromonas	1595	4574	1568	4777	33.8253	0.306598		
GCA_001642805.2	GCA_030406665.1	inter_genus	Serratia	Halomonas	1401	4748	1304	3257	33.7914	0.291447		
GCA_000478275.1	GCA_002086715.1	inter_genus	Amycolatopsis	Mycobacteroides	2337	8170	2147	5117	33.7473	0.312952		
GCA_007858165.1	GCA_013366925.1	inter_genus	Pseudomonas	Paraburkholderia	2173	5724	2524	8209	33.7113	0.372583		
GCA_002086715.1	GCA_014873915.1	inter_genus	Mycobacteroides	Amycolatopsis	2176	5117	2443	8602	33.6686	0.312952		
GCA_001400635.1	GCA_003443895.1	inter_genus	Pseudomonas	Paraburkholderia	1980	5205	2207	7231	33.6684	0.372583		
GCA_001182745.2	GCA_014656275.1	inter_genus	Nocardia	Streptomyces	2317	6046	2740	8995	33.6214	0.268030		
GCA_000252995.1	GCA_030406665.1	inter_genus	Salmonella	Halomonas	1232	3973	1198	3257	33.6100	0.372583		
GCA_014873915.1	GCA_030412965.1	inter_genus	Amycolatopsis	Nocardioides	2391	8602	2084	4745	33.5281	0.287309		
GCA_014656275.1	GCA_030412915.1	inter_genus	Streptomyces	Nocardioides	2404	8995	1960	4078	33.3818	0.263022		
GCA_001401215.1	GCA_013366925.1	inter_genus	Pseudomonas	Paraburkholderia	2064	5215	2404	8209	33.2837	0.328965		
GCA_001182745.2	GCA_963924095.1	inter_genus	Nocardia	Streptomyces	2127	6046	2289	7236	33.2480	0.254359		
GCA_001418655.1	GCA_030412965.1	inter_genus	Streptomyces	Nocardioides	2603	9368	2088	4745	33.2389	0.283502		
GCA_000478275.1	GCA_030412965.1	inter_genus	Amycolatopsis	Nocardioides	2245	8170	2045	4745	33.2172	0.291447		
GCA_003443895.1	GCA_008386555.1	inter_genus	Paraburkholderia	Pseudomonas	2212	7231	1973	5389	33.1616	0.295981		
GCA_001612785.1	GCA_030412965.1	inter_genus	Nocardia	Nocardioides	1963	6744	1846	4745	33.1535	0.270747		
GCA_000382005.1	GCA_001639065.2	inter_genus	Pseudoalteromonas	Vibrio	1551	4528	1612	5034	33.0789	0.353280		
GCA_001182745.2	GCA_016598615.1	inter_genus	Nocardia	Streptomyces	2354	6046	2861	9740	33.0356	0.300994		
GCA_001182745.2	GCA_001418655.1	inter_genus	Nocardia	Streptomyces	2285	6046	2797	9368	32.9700	0.276697		
GCA_001639065.2	GCA_012641725.1	inter_genus	Vibrio	Pseudoalteromonas	1639	5034	1588	4777	32.8917	0.320287		
GCA_001612785.1	GCA_030412915.1	inter_genus	Nocardia	Nocardioides	1853	6744	1705	4078	32.8775	0.279978		
GCA_016598615.1	GCA_030412965.1	inter_genus	Streptomyces	Nocardioides	2613	9740	2138	4745	32.7994	0.276697		
GCA_000759735.1	GCA_008386555.1	inter_genus	Citrobacter	Pseudomonas	1593	4575	1674	5389	32.7880	0.372583		
GCA_002086715.1	GCA_030412915.1	inter_genus	Mycobacteroides	Nocardioides	1505	5117	1502	4078	32.7026	0.300994		
GCA_030409215.1	GCA_902459595.1	inter_genus	Halomonas	Pandoraea	1277	3749	1367	4337	32.6985	0.339586		
GCA_014873915.1	GCA_030412915.1	inter_genus	Amycolatopsis	Nocardioides	2234	8602	1911	4078	32.6893	0.287309		
GCA_001400635.1	GCA_013366925.1	inter_genus	Pseudomonas	Paraburkholderia	2012	5205	2369	8209	32.6599	0.339586		
GCA_000759735.1	GCA_030406665.1	inter_genus	Citrobacter	Halomonas	1309	4575	1242	3257	32.5715			
GCA_001611855.1	GCA_030412965.1	inter_genus	Mycobacteroides	Nocardioides	1499	4632	1554	4745	32.5584	0.306598		
GCA_000759735.1	GCA_001401215.1	inter_genus	Citrobacter	Pseudomonas	1541	4575	1646	5215	32.5536	0.405585		
GCA_030406665.1	GCA_902459595.1	inter_genus	Halomonas	Pandoraea	1172	3257	1298	4337	32.5257	0.300994		
GCA_030406665.1	GCA_039522805.1	inter_genus	Halomonas	Ralstonia	1202	3257	1296	4426	32.5133	0.300994		
GCA_010728525.1	GCA_030412915.1	inter_genus	Mycobacterium	Nocardioides	1370	4427	1395	4078	32.5103	0.312952		
GCA_000759735.1	GCA_007858165.1	inter_genus	Citrobacter	Pseudomonas	1632	4575	1716	5724	32.5080	0.405585		
GCA_000478275.1	GCA_030412915.1	inter_genus	Amycolatopsis	Nocardioides	2103	8170	1869	4078	32.4298	0.276697		
GCA_001639065.2	GCA_030406665.1	inter_genus	Vibrio	Halomonas	1398	5034	1287	3257	32.3845			
GCA_025821505.1	GCA_030412915.1	inter_genus	Mycobacterium	Nocardioides	1462	4819	1418	4078	32.3705	0.312952		
GCA_030409215.1	GCA_039522805.1	inter_genus	Halomonas	Ralstonia	1308	3749	1335	4426	32.3303	0.295981		
GCA_008386555.1	GCA_013366925.1	inter_genus	Pseudomonas	Paraburkholderia	2008	5389	2378	8209	32.2547	0.312952		
GCA_001418655.1	GCA_030412915.1	inter_genus	Streptomyces	Nocardioides	2421	9368	1910	4078	32.2103	0.268030		
GCA_000382005.1	GCA_000817815.1	inter_genus	Pseudoalteromonas	Vibrio	1620	4528	1672	5721	32.1202	0.320287		
GCA_016598615.1	GCA_030412915.1	inter_genus	Streptomyces	Nocardioides	2467	9740	1969	4078	32.1031	0.265460		
GCA_001618685.1	GCA_055396975.1	inter_genus	Geobacillus	Symbiobacterium	1023	3206	1072	3322	32.0925	0.405585		
GCA_013350005.1	GCA_054602315.1	inter_genus	Methylocystis	Bradyrhizobium	1649	3705	1840	7168	32.0887	0.306598		
GCA_000759735.1	GCA_001400635.1	inter_genus	Citrobacter	Pseudomonas	1515	4575	1623	5205	32.0859	0.405585		
GCA_000817815.1	GCA_012641725.1	inter_genus	Vibrio	Pseudoalteromonas	1702	5721	1666	4777	32.0823	0.320287		
GCA_000372845.1	GCA_054602315.1	inter_genus	Methylocystis	Bradyrhizobium	1659	3698	1825	7168	32.0633	0.295981		
GCA_030409215.1	GCA_902459665.1	inter_genus	Halomonas	Pandoraea	1293	3749	1384	4646	31.8880	0.328965		
GCA_001401215.1	GCA_042647405.1	inter_genus	Pseudomonas	Xanthomonas	1568	5215	1411	4138	31.8507	0.353280		
GCA_001618685.1	GCA_055383075.1	inter_genus	Geobacillus	Symbiobacterium	1033	3206	1087	3457	31.8175	0.372583		
GCA_000252995.1	GCA_001401215.1	inter_genus	Salmonella	Pseudomonas	1395	3973	1528	5215	31.8132	0.405585		
GCA_001182745.2	GCA_042653945.1	inter_genus	Nocardia	Streptomyces	2394	6046	2930	10714	31.7661	0.265460		
GCA_001400635.1	GCA_042647405.1	inter_genus	Pseudomonas	Xanthomonas	1563	5205	1402	4138	31.7350	0.372583		
GCA_006365335.1	GCA_030406665.1	inter_genus	Salmonella	Halomonas	1265	4587	1222	3257	31.7058	0.372583		
GCA_001642805.2	GCA_902459595.1	inter_genus	Serratia	Pandoraea	1415	4748	1463	4337	31.6786	0.372583		
GCA_001642805.2	GCA_030409215.1	inter_genus	Serratia	Halomonas	1362	4748	1329	3749	31.6700	0.320287		
GCA_021173085.2	GCA_030406665.1	inter_genus	Ralstonia	Halomonas	1330	4826	1226	3257	31.6219	0.295981		
GCA_000478275.1	GCA_025821505.1	inter_genus	Amycolatopsis	Mycobacterium	2091	8170	1997	4819	31.4728	0.306598		
GCA_000252995.1	GCA_008386555.1	inter_genus	Salmonella	Pseudomonas	1418	3973	1528	5389	31.4676	0.339586		
GCA_034424255.1	GCA_902459595.1	inter_genus	Serratia	Pandoraea	1402	4755	1456	4337	31.4342	0.353280		
GCA_030406665.1	GCA_902459665.1	inter_genus	Halomonas	Pandoraea	1177	3257	1304	4646	31.3931	0.328965		
GCA_002086715.1	GCA_030412965.1	inter_genus	Mycobacteroides	Nocardioides	1531	5117	1562	4745	31.3628	0.291447		
GCA_001400635.1	GCA_003064125.1	inter_genus	Pseudomonas	Xanthomonas	1558	5205	1391	4202	31.3490	0.339586		
GCA_001401215.1	GCA_003064125.1	inter_genus	Pseudomonas	Xanthomonas	1558	5215	1392	4202	31.3263	0.339586		
GCA_001639065.2	GCA_030409215.1	inter_genus	Vibrio	Halomonas	1400	5034	1350	3749	31.3105			
GCA_025821505.1	GCA_030412965.1	inter_genus	Mycobacterium	Nocardioides	1496	4819	1498	4745	31.3049	0.295981		
GCA_030409215.1	GCA_034424255.1	inter_genus	Halomonas	Serratia	1318	3749	1344	4755	31.3029	0.339586		
GCA_002741985.1	GCA_030406665.1	inter_genus	Vibrio	Halomonas	1254	4574	1197	3257	31.2987			
GCA_000252995.1	GCA_001400635.1	inter_genus	Salmonella	Pseudomonas	1375	3973	1493	5205	31.2486	0.372583		
GCA_010728525.1	GCA_030412965.1	inter_genus	Mycobacterium	Nocardioides	1396	4427	1460	4745	31.1382	0.300994		
GCA_023955645.1	GCA_030406665.1	inter_genus	Ralstonia	Halomonas	1363	5136	1241	3257	31.0259	0.300994		
GCA_001642805.2	GCA_039522805.1	inter_genus	Serratia	Ralstonia	1430	4748	1416	4426	31.0225	0.320287		
GCA_030412965.1	GCA_042653945.1	inter_genus	Nocardioides	Streptomyces	2119	4745	2674	10714	31.0046	0.279978		
GCA_008386555.1	GCA_019048805.1	inter_genus	Pseudomonas	Citrobacter	1664	5389	1607	5176	30.9607	0.372583		
GCA_006365335.1	GCA_008386555.1	inter_genus	Salmonella	Pseudomonas	1496	4587	1590	5389	30.9342	0.372583		
GCA_001642805.2	GCA_902459665.1	inter_genus	Serratia	Pandoraea	1424	4748	1480	4646	30.9133	0.353280		
GCA_030406665.1	GCA_958405935.1	inter_genus	Halomonas	Ralstonia	1215	3257	1323	4962	30.8797	0.306598		
GCA_021173085.2	GCA_034424255.1	inter_genus	Ralstonia	Serratia	1478	4826	1477	4755	30.8423	0.312952		
GCA_001401215.1	GCA_019048805.1	inter_genus	Pseudomonas	Citrobacter	1646	5215	1558	5176	30.8344	0.405585		
GCA_039522805.1	GCA_042432025.1	inter_genus	Ralstonia	Xanthomonas	1312	4426	1239	3852	30.8166	0.300994		
GCA_000252995.1	GCA_007858165.1	inter_genus	Salmonella	Pseudomonas	1431	3973	1556	5724	30.8033	0.353280		
GCA_021173085.2	GCA_030409215.1	inter_genus	Ralstonia	Halomonas	1327	4826	1311	3749	30.7638	0.300994		
GCA_034424255.1	GCA_039522805.1	inter_genus	Serratia	Ralstonia	1414	4755	1410	4426	30.7592	0.295981		
GCA_007858165.1	GCA_019048805.1	inter_genus	Pseudomonas	Citrobacter	1706	5724	1644	5176	30.7339			
GCA_007858165.1	GCA_042647405.1	inter_genus	Pseudomonas	Xanthomonas	1601	5724	1429	4138	30.7240	0.328965		
GCA_001401215.1	GCA_042432025.1	inter_genus	Pseudomonas	Xanthomonas	1455	5215	1328	3852	30.6937	0.353280		
GCA_021919185.1	GCA_030406665.1	inter_genus	Xanthomonas	Halomonas	1068	3852	1114	3257	30.6935	0.270747		
GCA_034424255.1	GCA_902459665.1	inter_genus	Serratia	Pandoraea	1401	4755	1473	4646	30.5712	0.339586		
GCA_000478275.1	GCA_010728525.1	inter_genus	Amycolatopsis	Mycobacterium	2010	8170	1838	4427	30.5470	0.312952		
GCA_000372845.1	GCA_001969825.1	inter_genus	Methylocystis	Bradyrhizobium	1644	3698	1857	7775	30.5151	0.279978		
GCA_014873915.1	GCA_025821505.1	inter_genus	Amycolatopsis	Mycobacterium	2113	8602	1981	4819	30.5044	0.300994		
GCA_001400635.1	GCA_042432025.1	inter_genus	Pseudomonas	Xanthomonas	1446	5205	1316	3852	30.4957	0.353280		
GCA_014201515.1	GCA_055396975.1	inter_genus	Anoxybacillus	Symbiobacterium	877	2702	960	3322	30.4947	0.372583		
GCA_023955645.1	GCA_030409215.1	inter_genus	Ralstonia	Halomonas	1368	5136	1340	3749	30.4783	0.300994		
GCA_001400635.1	GCA_021919185.1	inter_genus	Pseudomonas	Xanthomonas	1465	5205	1295	3852	30.4737	0.353280		
GCA_001969825.1	GCA_013350005.1	inter_genus	Bradyrhizobium	Methylocystis	1862	7775	1636	3705	30.4704	0.300994		
GCA_030409215.1	GCA_958405935.1	inter_genus	Halomonas	Ralstonia	1311	3749	1343	4962	30.4672	0.306598		
GCA_001400635.1	GCA_019048805.1	inter_genus	Pseudomonas	Citrobacter	1624	5205	1534	5176	30.4210	0.405585		
GCA_023955645.1	GCA_034424255.1	inter_genus	Ralstonia	Serratia	1515	5136	1493	4755	30.4115	0.339586		
GCA_001642805.2	GCA_021173085.2	inter_genus	Serratia	Ralstonia	1456	4748	1455	4826	30.4053	0.328965		
GCA_001401215.1	GCA_021919185.1	inter_genus	Pseudomonas	Xanthomonas	1462	5215	1293	3852	30.3849	0.353280		
GCA_000372845.1	GCA_023278185.1	inter_genus	Methylocystis	Bradyrhizobium	1701	3698	2030	8598	30.3432	0.306598		
GCA_019048805.1	GCA_030406665.1	inter_genus	Citrobacter	Halomonas	1322	5176	1236	3257	30.3332	0.405585		
GCA_001401215.1	GCA_006365335.1	inter_genus	Pseudomonas	Salmonella	1545	5215	1426	4587	30.3101	0.405585		
GCA_001611855.1	GCA_025642175.1	inter_genus	Mycobacteroides	Streptomyces	1704	4632	1924	7338	30.3091	0.320287		
GCA_030406665.1	GCA_042432025.1	inter_genus	Halomonas	Xanthomonas	1079	3257	1075	3852	30.2996	0.265460		
GCA_030406665.1	GCA_042647405.1	inter_genus	Halomonas	Xanthomonas	1129	3257	1111	4138	30.2907	0.306598		
GCA_034424255.1	GCA_958405935.1	inter_genus	Serratia	Ralstonia	1455	4755	1485	4962	30.2563	0.339586		
GCA_001418025.1	GCA_055396975.1	inter_genus	Anoxybacillus	Symbiobacterium	861	2617	935	3322	30.2408	0.405585		
GCA_003064125.1	GCA_007858165.1	inter_genus	Xanthomonas	Pseudomonas	1409	4202	1592	5724	30.2337	0.339586		
GCA_000181535.1	GCA_000382005.1	inter_genus	Vibrio	Pseudoalteromonas	1503	5066	1397	4528	30.2272	0.339586		
GCA_021173085.2	GCA_021919185.1	inter_genus	Ralstonia	Xanthomonas	1373	4826	1247	3852	30.1913	0.273629		
GCA_001277805.1	GCA_055396975.1	inter_genus	Geobacillus	Symbiobacterium	862	2613	929	3322	30.1769	0.405585		
GCA_021919185.1	GCA_039522805.1	inter_genus	Xanthomonas	Ralstonia	1200	3852	1298	4426	30.1764	0.306598		
GCA_001642805.2	GCA_958405935.1	inter_genus	Serratia	Ralstonia	1452	4748	1476	4962	30.1545	0.339586		
GCA_013350005.1	GCA_023278185.1	inter_genus	Methylocystis	Bradyrhizobium	1698	3705	2007	8598	30.1146	0.320287		
GCA_000181535.1	GCA_012641725.1	inter_genus	Vibrio	Pseudoalteromonas	1530	5066	1434	4777	30.1128	0.320287		
GCA_007858165.1	GCA_042432025.1	inter_genus	Pseudomonas	Xanthomonas	1504	5724	1373	3852	30.0439	0.405585		
GCA_001611855.1	GCA_042430785.1	inter_genus	Mycobacteroides	Streptomyces	1680	4632	1907	7315	30.0243	0.353280		
GCA_000252995.1	GCA_030409215.1	inter_genus	Salmonella	Halomonas	1144	3973	1174	3749	30.0181			
GCA_021173085.2	GCA_042647405.1	inter_genus	Ralstonia	Xanthomonas	1396	4826	1293	4138	29.9978	0.300994		
GCA_001642805.2	GCA_023955645.1	inter_genus	Serratia	Ralstonia	1470	4748	1491	5136	29.9575	0.328965		
GCA_006365335.1	GCA_007858165.1	inter_genus	Salmonella	Pseudomonas	1485	4587	1602	5724	29.9389	0.372583		
GCA_003064125.1	GCA_039522805.1	inter_genus	Xanthomonas	Ralstonia	1242	4202	1339	4426	29.9142	0.306598		
GCA_001418025.1	GCA_055383075.1	inter_genus	Anoxybacillus	Symbiobacterium	866	2617	948	3457	29.8650	0.405585		
GCA_007858165.1	GCA_021919185.1	inter_genus	Pseudomonas	Xanthomonas	1515	5724	1344	3852	29.8559	0.320287		
GCA_010728525.1	GCA_014873915.1	inter_genus	Mycobacterium	Amycolatopsis	1840	4427	2049	8602	29.8488	0.312952		
GCA_000759735.1	GCA_030409215.1	inter_genus	Citrobacter	Halomonas	1246	4575	1238	3749	29.8414			
GCA_001400635.1	GCA_006365335.1	inter_genus	Pseudomonas	Salmonella	1516	5205	1404	4587	29.8203	0.372583		
GCA_014201515.1	GCA_055383075.1	inter_genus	Anoxybacillus	Symbiobacterium	871	2702	963	3457	29.7776	0.372583		
GCA_001611855.1	GCA_021390235.1	inter_genus	Mycobacteroides	Streptomyces	1767	4632	2103	8369	29.7669	0.339586		
GCA_039522805.1	GCA_042647405.1	inter_genus	Ralstonia	Xanthomonas	1319	4426	1229	4138	29.7525	0.312952		
GCA_002086715.1	GCA_025642175.1	inter_genus	Mycobacteroides	Streptomyces	1746	5117	1956	7338	29.7230	0.339586		
GCA_030412915.1	GCA_042653945.1	inter_genus	Nocardioides	Streptomyces	1931	4078	2464	10714	29.7120	0.268030		
GCA_001611855.1	GCA_020404845.1	inter_genus	Mycobacteroides	Streptomyces	1645	4632	1882	7263	29.6511	0.328965		
GCA_000372845.1	GCA_900094605.1	inter_genus	Methylocystis	Bradyrhizobium	1645	3698	1905	8291	29.6105	0.306598		
GCA_013350005.1	GCA_900094605.1	inter_genus	Methylocystis	Bradyrhizobium	1645	3705	1905	8291	29.5932	0.300994		
GCA_001277805.1	GCA_055383075.1	inter_genus	Geobacillus	Symbiobacterium	853	2613	942	3457	29.5717	0.372583		
GCA_001611855.1	GCA_027947575.1	inter_genus	Mycobacteroides	Streptomyces	1643	4632	1884	7298	29.5641	0.339586		
GCA_042432025.1	GCA_902459665.1	inter_genus	Xanthomonas	Pandoraea	1188	3852	1323	4646	29.5481	0.291447		
GCA_000181535.1	GCA_030406665.1	inter_genus	Vibrio	Halomonas	1299	5066	1160	3257	29.5446			
GCA_002741985.1	GCA_030409215.1	inter_genus	Vibrio	Halomonas	1243	4574	1209	3749	29.4605			
GCA_001611855.1	GCA_042431885.1	inter_genus	Mycobacteroides	Streptomyces	1663	4632	1901	7515	29.3406	0.320287		
GCA_021173085.2	GCA_042432025.1	inter_genus	Ralstonia	Xanthomonas	1321	4826	1225	3852	29.3386	0.283502		
GCA_008386555.1	GCA_042647405.1	inter_genus	Pseudomonas	Xanthomonas	1473	5389	1322	4138	29.3377	0.328965		
GCA_001639065.2	GCA_008386555.1	inter_genus	Vibrio	Pseudomonas	1520	5034	1534	5389	29.3006	0.372583		
GCA_021919185.1	GCA_958405935.1	inter_genus	Xanthomonas	Ralstonia	1240	3852	1338	4962	29.2489	0.276697		
GCA_000382005.1	GCA_030406665.1	inter_genus	Pseudoalteromonas	Halomonas	1150	4528	1123	3257	29.1972	0.405585		
GCA_001580545.1	GCA_001642805.2	inter_genus	Paraburkholderia	Serratia	1836	6983	1586	4748	29.1706	0.339586		
GCA_001611855.1	GCA_963924095.1	inter_genus	Mycobacteroides	Streptomyces	1612	4632	1846	7236	29.1372	0.328965		
GCA_003064125.1	GCA_030406665.1	inter_genus	Xanthomonas	Halomonas	1077	4202	1095	3257	29.1192	0.328965		
GCA_021919185.1	GCA_023955645.1	inter_genus	Xanthomonas	Ralstonia	1239	3852	1378	5136	29.1166	0.273629		
GCA_001580545.1	GCA_034424255.1	inter_genus	Paraburkholderia	Serratia	1852	6983	1565	4755	29.1106	0.339586		
GCA_002086715.1	GCA_020404845.1	inter_genus	Mycobacteroides	Streptomyces	1681	5117	1922	7263	29.1034	0.328965		
GCA_042647405.1	GCA_958405935.1	inter_genus	Xanthomonas	Ralstonia	1272	4138	1374	4962	29.0769	0.312952		
GCA_002086715.1	GCA_042430785.1	inter_genus	Mycobacteroides	Streptomyces	1710	5117	1904	7315	29.0701	0.328965		
GCA_000759735.1	GCA_902459595.1	inter_genus	Citrobacter	Pandoraea	1264	4575	1326	4337	29.0619	0.372583		
GCA_001611855.1	GCA_014656275.1	inter_genus	Mycobacteroides	Streptomyces	1761	4632	2195	8995	29.0306	0.339586		
GCA_002086715.1	GCA_042431885.1	inter_genus	Mycobacteroides	Streptomyces	1729	5117	1936	7515	29.0136	0.372583		
GCA_002086715.1	GCA_021390235.1	inter_genus	Mycobacteroides	Streptomyces	1809	5117	2102	8369	29.0004	0.339586		
GCA_002086715.1	GCA_027947575.1	inter_genus	Mycobacteroides	Streptomyces	1684	5117	1916	7298	28.9972	0.339586		
GCA_006365335.1	GCA_030409215.1	inter_genus	Salmonella	Halomonas	1201	4587	1216	3749	28.9947			
GCA_003064125.1	GCA_902459665.1	inter_genus	Xanthomonas	Pandoraea	1202	4202	1363	4646	28.9896	0.306598		
GCA_001580545.1	GCA_001969825.1	inter_genus	Paraburkholderia	Bradyrhizobium	2167	6983	2111	7775	28.9877	0.312952		
GCA_003064125.1	GCA_008386555.1	inter_genus	Xanthomonas	Pseudomonas	1310	4202	1470	5389	28.9855	0.328965		
GCA_000181535.1	GCA_030409215.1	inter_genus	Vibrio	Halomonas	1317	5066	1238	3749	28.9847			
GCA_001611855.1	GCA_042433635.1	inter_genus	Mycobacteroides	Streptomyces	1524	4632	1694	6482	28.9545	0.339586		
GCA_008386555.1	GCA_042432025.1	inter_genus	Pseudomonas	Xanthomonas	1394	5389	1279	3852	28.9254	0.353280		
GCA_012641725.1	GCA_030406665.1	inter_genus	Pseudoalteromonas	Halomonas	1181	4777	1136	3257	28.8399	0.405585		
GCA_003443895.1	GCA_034424255.1	inter_genus	Paraburkholderia	Serratia	1863	7231	1592	4755	28.8253	0.372583		
GCA_001401215.1	GCA_001639065.2	inter_genus	Pseudomonas	Vibrio	1495	5215	1459	5034	28.8223	0.372583		
GCA_025642175.1	GCA_025821505.1	inter_genus	Streptomyces	Mycobacterium	1840	7338	1657	4819	28.7653	0.339586		
GCA_000817815.1	GCA_030406665.1	inter_genus	Vibrio	Halomonas	1340	5721	1241	3257	28.7481			
GCA_023955645.1	GCA_042647405.1	inter_genus	Ralstonia	Xanthomonas	1408	5136	1257	4138	28.7363	0.306598		
GCA_001639065.2	GCA_007858165.1	inter_genus	Vibrio	Pseudomonas	1532	5034	1558	5724	28.7228	0.372583		
GCA_003443895.1	GCA_013087605.1	inter_genus	Paraburkholderia	Rhizobium	2039	7231	2043	6988	28.7081	0.320287		
GCA_000759735.1	GCA_902459665.1	inter_genus	Citrobacter	Pandoraea	1282	4575	1365	4646	28.7062	0.372583		
GCA_042647405.1	GCA_902459595.1	inter_genus	Xanthomonas	Pandoraea	1143	4138	1288	4337	28.6844	0.328965		
GCA_021919185.1	GCA_902459595.1	inter_genus	Xanthomonas	Pandoraea	1105	3852	1243	4337	28.6726	0.291447		
GCA_002086715.1	GCA_963924095.1	inter_genus	Mycobacteroides	Streptomyces	1656	5117	1882	7236	28.6408	0.320287		
GCA_042432025.1	GCA_958405935.1	inter_genus	Xanthomonas	Ralstonia	1229	3852	1294	4962	28.6249	0.283502		
GCA_042432025.1	GCA_902459595.1	inter_genus	Xanthomonas	Pandoraea	1118	3852	1226	4337	28.6238	0.300994		
GCA_003064125.1	GCA_021173085.2	inter_genus	Xanthomonas	Ralstonia	1240	4202	1344	4826	28.6221	0.287309		
GCA_001400635.1	GCA_001639065.2	inter_genus	Pseudomonas	Vibrio	1481	5205	1447	5034	28.5965	0.405585		
GCA_000382005.1	GCA_001642805.2	inter_genus	Pseudoalteromonas	Serratia	1316	4528	1334	4748	28.5683			
GCA_000382005.1	GCA_034424255.1	inter_genus	Pseudoalteromonas	Serratia	1317	4528	1334	4755	28.5576	0.405585		
GCA_001642805.2	GCA_003443895.1	inter_genus	Serratia	Paraburkholderia	1587	4748	1831	7231	28.5333	0.372583		
GCA_002086715.1	GCA_014656275.1	inter_genus	Mycobacteroides	Streptomyces	1818	5117	2206	8995	28.5147	0.372583		
GCA_002086715.1	GCA_042433635.1	inter_genus	Mycobacteroides	Streptomyces	1570	5117	1737	6482	28.5111	0.372583		
GCA_001418655.1	GCA_001611855.1	inter_genus	Streptomyces	Mycobacteroides	2240	9368	1750	4632	28.5000	0.353280		
GCA_001969825.1	GCA_902459535.1	inter_genus	Bradyrhizobium	Paraburkholderia	2150	7775	2147	7307	28.4909	0.320287		
GCA_008386555.1	GCA_021919185.1	inter_genus	Pseudomonas	Xanthomonas	1392	5389	1240	3852	28.4818	0.320287		
GCA_042647405.1	GCA_902459665.1	inter_genus	Xanthomonas	Pandoraea	1165	4138	1333	4646	28.4381	0.328965		
GCA_003443895.1	GCA_030409215.1	inter_genus	Paraburkholderia	Halomonas	1668	7231	1452	3749	28.4153	0.328965		
GCA_001580545.1	GCA_030409215.1	inter_genus	Paraburkholderia	Halomonas	1624	6983	1425	3749	28.4104	0.328965		
GCA_001969825.1	GCA_013366925.1	inter_genus	Bradyrhizobium	Paraburkholderia	2170	7775	2367	8209	28.3846	0.300994		
GCA_021919185.1	GCA_030409215.1	inter_genus	Xanthomonas	Halomonas	1033	3852	1124	3749	28.3778	0.283502		
GCA_030409215.1	GCA_042432025.1	inter_genus	Halomonas	Xanthomonas	1108	3749	1048	3852	28.3647	0.276697		
GCA_023955645.1	GCA_042432025.1	inter_genus	Ralstonia	Xanthomonas	1327	5136	1217	3852	28.3044	0.279978		
GCA_034424255.1	GCA_902459535.1	inter_genus	Serratia	Paraburkholderia	1569	4755	1845	7307	28.3038	0.339586		
GCA_001642805.2	GCA_902459535.1	inter_genus	Serratia	Paraburkholderia	1576	4748	1835	7307	28.2953	0.353280		
GCA_014201515.1	GCA_053761065.1	inter_genus	Anoxybacillus	Enterococcus	746	2702	764	2637	28.2824	0.320287		
GCA_010728525.1	GCA_025642175.1	inter_genus	Mycobacterium	Streptomyces	1566	4427	1761	7338	28.2788	0.339586		
GCA_013350005.1	GCA_046118665.1	inter_genus	Methylocystis	Rhizobium	1414	3705	1658	7171	28.2457	0.312952		
GCA_000252995.1	GCA_902459595.1	inter_genus	Salmonella	Pandoraea	1121	3973	1224	4337	28.2190	0.353280		
GCA_021919185.1	GCA_902459665.1	inter_genus	Xanthomonas	Pandoraea	1116	3852	1278	4646	28.1713	0.291447		
GCA_001418025.1	GCA_053761065.1	inter_genus	Anoxybacillus	Enterococcus	726	2617	753	2637	28.1500	0.339586		
GCA_001642805.2	GCA_012641725.1	inter_genus	Serratia	Pseudoalteromonas	1343	4748	1338	4777	28.1470	0.372583		
GCA_003064125.1	GCA_958405935.1	inter_genus	Xanthomonas	Ralstonia	1233	4202	1346	4962	28.1427	0.320287		
GCA_000252995.1	GCA_000382005.1	inter_genus	Salmonella	Pseudoalteromonas	1184	3973	1203	4528	28.0790			
GCA_000372845.1	GCA_046118665.1	inter_genus	Methylocystis	Rhizobium	1403	3698	1646	7171	28.0523	0.339586		
GCA_019048805.1	GCA_030409215.1	inter_genus	Citrobacter	Halomonas	1259	5176	1242	3749	28.0224			
GCA_001277805.1	GCA_053761065.1	inter_genus	Geobacillus	Enterococcus	721	2613	750	2637	28.0190	0.353280		
GCA_012641725.1	GCA_034424255.1	inter_genus	Pseudoalteromonas	Serratia	1331	4777	1337	4755	27.9899	0.372583		
GCA_001580545.1	GCA_030406665.1	inter_genus	Paraburkholderia	Halomonas	1581	6983	1283	3257	27.9688	0.320287		
GCA_001611855.1	GCA_016598615.1	inter_genus	Mycobacteroides	Streptomyces	1789	4632	2227	9740	27.9432	0.339586		
GCA_003443895.1	GCA_046118665.1	inter_genus	Paraburkholderia	Rhizobium	2026	7231	1997	7171	27.9336	0.328965		
GCA_000372845.1	GCA_013087605.1	inter_genus	Methylocystis	Rhizobium	1373	3698	1604	6988	27.8589	0.306598		
GCA_001418655.1	GCA_002086715.1	inter_genus	Streptomyces	Mycobacteroides	2243	9368	1791	5117	27.8495	0.372583		
GCA_003443895.1	GCA_030406665.1	inter_genus	Paraburkholderia	Halomonas	1628	7231	1290	3257	27.8223	0.353280		
GCA_025821505.1	GCA_042433635.1	inter_genus	Mycobacterium	Streptomyces	1518	4819	1625	6482	27.8117	0.300994		
GCA_003064125.1	GCA_902459595.1	inter_genus	Xanthomonas	Pandoraea	1115	4202	1257	4337	27.7784	0.320287		
GCA_013366925.1	GCA_023278185.1	inter_genus	Paraburkholderia	Bradyrhizobium	2379	8209	2285	8598	27.7503	0.306598		
GCA_054602315.1	GCA_902459535.1	inter_genus	Bradyrhizobium	Paraburkholderia	1979	7168	2026	7307	27.6684	0.328965		
GCA_000382005.1	GCA_000759735.1	inter_genus	Pseudoalteromonas	Citrobacter	1260	4528	1256	4575	27.6392	0.405585		
GCA_002086715.1	GCA_016598615.1	inter_genus	Mycobacteroides	Streptomyces	1840	5117	2260	9740	27.5964	0.353280		
GCA_030409215.1	GCA_902459535.1	inter_genus	Halomonas	Paraburkholderia	1428	3749	1621	7307	27.5778	0.353280		
GCA_001580545.1	GCA_023278185.1	inter_genus	Paraburkholderia	Bradyrhizobium	2146	6983	2148	8598	27.5592	0.306598		
GCA_001580545.1	GCA_900094605.1	inter_genus	Paraburkholderia	Bradyrhizobium	2095	6983	2114	8291	27.5566	0.306598		
GCA_019048805.1	GCA_902459665.1	inter_genus	Citrobacter	Pandoraea	1324	5176	1382	4646	27.5504	0.372583		
GCA_025821505.1	GCA_042431885.1	inter_genus	Mycobacterium	Streptomyces	1623	4819	1775	7515	27.5499	0.328965		
GCA_020404845.1	GCA_025821505.1	inter_genus	Streptomyces	Mycobacterium	1748	7263	1580	4819	27.5451	0.328965		
GCA_013087605.1	GCA_013350005.1	inter_genus	Rhizobium	Methylocystis	1596	6988	1348	3705	27.5320	0.300994		
GCA_000252995.1	GCA_902459665.1	inter_genus	Salmonella	Pandoraea	1126	3973	1246	4646	27.5206	0.353280		
GCA_003064125.1	GCA_023955645.1	inter_genus	Xanthomonas	Ralstonia	1217	4202	1352	5136	27.5112	0.306598		
GCA_013087605.1	GCA_013366925.1	inter_genus	Rhizobium	Paraburkholderia	2046	6988	2132	8209	27.4923	0.320287		
GCA_025821505.1	GCA_042430785.1	inter_genus	Mycobacterium	Streptomyces	1610	4819	1724	7315	27.4765	0.320287		
GCA_010728525.1	GCA_042433635.1	inter_genus	Mycobacterium	Streptomyces	1431	4427	1566	6482	27.4727	0.300994		
GCA_001544215.1	GCA_014201515.1	inter_genus	Enterococcus	Anoxybacillus	761	2758	738	2702	27.4542	0.312952		
GCA_013366925.1	GCA_900094605.1	inter_genus	Paraburkholderia	Bradyrhizobium	2315	8209	2209	8291	27.4182	0.320287		
GCA_000252995.1	GCA_012641725.1	inter_genus	Salmonella	Pseudoalteromonas	1184	3973	1215	4777	27.4171	0.405585		
GCA_000181535.1	GCA_008386555.1	inter_genus	Vibrio	Pseudomonas	1440	5066	1426	5389	27.4127	0.405585		
GCA_019048805.1	GCA_902459595.1	inter_genus	Citrobacter	Pandoraea	1278	5176	1329	4337	27.4046	0.372583		
GCA_023278185.1	GCA_902459535.1	inter_genus	Bradyrhizobium	Paraburkholderia	2204	8598	2154	7307	27.4002	0.300994		
GCA_025821505.1	GCA_963924095.1	inter_genus	Mycobacterium	Streptomyces	1576	4819	1726	7236	27.3911	0.312952		
GCA_030406665.1	GCA_902459535.1	inter_genus	Halomonas	Paraburkholderia	1293	3257	1600	7307	27.3855	0.339586		
GCA_030409215.1	GCA_042647405.1	inter_genus	Halomonas	Xanthomonas	1120	3749	1038	4138	27.3615	0.300994		
GCA_001277805.1	GCA_001544215.1	inter_genus	Geobacillus	Enterococcus	716	2613	753	2758	27.3506	0.353280		
GCA_010728525.1	GCA_042430785.1	inter_genus	Mycobacterium	Streptomyces	1529	4427	1679	7315	27.3207	0.320287		
GCA_010728525.1	GCA_042431885.1	inter_genus	Mycobacterium	Streptomyces	1539	4427	1722	7515	27.3070	0.353280		
GCA_013366925.1	GCA_034424255.1	inter_genus	Paraburkholderia	Serratia	1957	8209	1582	4755	27.2987	0.320287		
GCA_001580545.1	GCA_054602315.1	inter_genus	Paraburkholderia	Bradyrhizobium	1948	6983	1912	7168	27.2772	0.328965		
GCA_000817815.1	GCA_030409215.1	inter_genus	Vibrio	Halomonas	1310	5721	1273	3749	27.2756			
GCA_021390235.1	GCA_025821505.1	inter_genus	Streptomyces	Mycobacterium	1893	8369	1704	4819	27.2748	0.312952		
GCA_034424255.1	GCA_042647405.1	inter_genus	Serratia	Xanthomonas	1265	4755	1160	4138	27.2686	0.312952		
GCA_010728525.1	GCA_027947575.1	inter_genus	Mycobacterium	Streptomyces	1510	4427	1687	7298	27.2665	0.339586		
GCA_010728525.1	GCA_020404845.1	inter_genus	Mycobacterium	Streptomyces	1474	4427	1710	7263	27.2370	0.328965		
GCA_001580545.1	GCA_013087605.1	inter_genus	Paraburkholderia	Rhizobium	1876	6983	1928	6988	27.2278	0.328965		
GCA_002741985.1	GCA_008386555.1	inter_genus	Vibrio	Pseudomonas	1328	4574	1383	5389	27.2107	0.405585		
GCA_006365335.1	GCA_902459595.1	inter_genus	Salmonella	Pandoraea	1171	4587	1256	4337	27.1963	0.372583		
GCA_001401215.1	GCA_002741985.1	inter_genus	Pseudomonas	Vibrio	1372	5215	1290	4574	27.1938	0.372583		
GCA_003064125.1	GCA_030409215.1	inter_genus	Xanthomonas	Halomonas	1045	4202	1116	3749	27.1790	0.312952		
GCA_900094605.1	GCA_902459535.1	inter_genus	Bradyrhizobium	Paraburkholderia	2137	8291	2101	7307	27.1702	0.320287		
GCA_001418025.1	GCA_001544215.1	inter_genus	Anoxybacillus	Enterococcus	719	2617	741	2758	27.1628	0.328965		
GCA_000759735.1	GCA_039522805.1	inter_genus	Citrobacter	Ralstonia	1206	4575	1237	4426	27.1414	0.353280		
GCA_001969825.1	GCA_003443895.1	inter_genus	Bradyrhizobium	Paraburkholderia	2025	7775	2044	7231	27.1158	0.306598		
GCA_010728525.1	GCA_963924095.1	inter_genus	Mycobacterium	Streptomyces	1502	4427	1659	7236	27.1028	0.320287		
GCA_025821505.1	GCA_027947575.1	inter_genus	Mycobacterium	Streptomyces	1559	4819	1722	7298	27.0777	0.328965		
GCA_000382005.1	GCA_030409215.1	inter_genus	Pseudoalteromonas	Halomonas	1109	4528	1128	3749	27.0267			
GCA_000759735.1	GCA_021173085.2	inter_genus	Citrobacter	Ralstonia	1255	4575	1284	4826	27.0078	0.372583		
GCA_013366925.1	GCA_046118665.1	inter_genus	Paraburkholderia	Rhizobium	2158	8209	1991	7171	26.9766	0.339586		
GCA_001400635.1	GCA_002741985.1	inter_genus	Pseudomonas	Vibrio	1360	5205	1277	4574	26.9659	0.405585		
GCA_002741985.1	GCA_007858165.1	inter_genus	Vibrio	Pseudomonas	1351	4574	1422	5724	26.9276	0.405585		
GCA_013366925.1	GCA_030409215.1	inter_genus	Paraburkholderia	Halomonas	1756	8209	1463	3749	26.9192	0.353280		
GCA_000759735.1	GCA_012641725.1	inter_genus	Citrobacter	Pseudoalteromonas	1257	4575	1260	4777	26.9140	0.372583		
GCA_001642805.2	GCA_013366925.1	inter_genus	Serratia	Paraburkholderia	1571	4748	1916	8209	26.9121	0.353280		
GCA_021919185.1	GCA_034424255.1	inter_genus	Xanthomonas	Serratia	1105	3852	1211	4755	26.9083	0.306598		
GCA_001642805.2	GCA_042647405.1	inter_genus	Serratia	Xanthomonas	1242	4748	1147	4138	26.8850	0.328965		
GCA_013366925.1	GCA_054602315.1	inter_genus	Paraburkholderia	Bradyrhizobium	2168	8209	1963	7168	26.8648	0.339586		
GCA_010728525.1	GCA_021390235.1	inter_genus	Mycobacterium	Streptomyces	1606	4427	1831	8369	26.8600	0.320287		
GCA_001642805.2	GCA_042432025.1	inter_genus	Serratia	Xanthomonas	1188	4748	1121	3852	26.8488	0.306598		
GCA_000382005.1	GCA_006365335.1	inter_genus	Pseudoalteromonas	Salmonella	1227	4528	1212	4587	26.7581			
GCA_000759735.1	GCA_958405935.1	inter_genus	Citrobacter	Ralstonia	1247	4575	1302	4962	26.7275	0.353280		
GCA_001642805.2	GCA_021919185.1	inter_genus	Serratia	Xanthomonas	1197	4748	1101	3852	26.7209	0.312952		
GCA_000252995.1	GCA_039522805.1	inter_genus	Salmonella	Ralstonia	1099	3973	1145	4426	26.7175	0.405585		
GCA_013087605.1	GCA_902459535.1	inter_genus	Rhizobium	Paraburkholderia	1920	6988	1892	7307	26.6667	0.372583		
GCA_034424255.1	GCA_042432025.1	inter_genus	Serratia	Xanthomonas	1183	4755	1110	3852	26.6411	0.306598		
GCA_001580545.1	GCA_042647405.1	inter_genus	Paraburkholderia	Xanthomonas	1636	6983	1325	4138	26.6253	0.312952		
GCA_003064125.1	GCA_034424255.1	inter_genus	Xanthomonas	Serratia	1141	4202	1242	4755	26.6049	0.353280		
GCA_012641725.1	GCA_030409215.1	inter_genus	Pseudoalteromonas	Halomonas	1129	4777	1139	3749	26.6010			
GCA_001618685.1	GCA_053761065.1	inter_genus	Geobacillus	Enterococcus	771	3206	783	2637	26.5959	0.353280		
GCA_054602315.1	GCA_902459665.1	inter_genus	Bradyrhizobium	Pandoraea	1642	7168	1500	4646	26.5956	0.339586		
GCA_000181535.1	GCA_001401215.1	inter_genus	Vibrio	Pseudomonas	1368	5066	1366	5215	26.5927	0.405585		
GCA_001580545.1	GCA_046118665.1	inter_genus	Paraburkholderia	Rhizobium	1869	6983	1894	7171	26.5861	0.306598		
GCA_000181535.1	GCA_007858165.1	inter_genus	Vibrio	Pseudomonas	1441	5066	1427	5724	26.5802			
GCA_003443895.1	GCA_900094605.1	inter_genus	Paraburkholderia	Bradyrhizobium	2048	7231	2076	8291	26.5687	0.320287		
GCA_000252995.1	GCA_021173085.2	inter_genus	Salmonella	Ralstonia	1138	3973	1199	4826	26.5598	0.405585		
GCA_001969825.1	GCA_039522805.1	inter_genus	Bradyrhizobium	Ralstonia	1768	7775	1469	4426	26.5306	0.353280		
GCA_001969825.1	GCA_023955645.1	inter_genus	Bradyrhizobium	Ralstonia	1858	7775	1561	5136	26.4813	0.353280		
GCA_003443895.1	GCA_054602315.1	inter_genus	Paraburkholderia	Bradyrhizobium	1926	7231	1884	7168	26.4602	0.353280		
GCA_014656275.1	GCA_025821505.1	inter_genus	Streptomyces	Mycobacterium	1967	8995	1686	4819	26.4442	0.339586		
GCA_006365335.1	GCA_902459665.1	inter_genus	Salmonella	Pandoraea	1170	4587	1271	4646	26.4378	0.372583		
GCA_001969825.1	GCA_958405935.1	inter_genus	Bradyrhizobium	Ralstonia	1833	7775	1533	4962	26.4269	0.372583		
GCA_000181535.1	GCA_001400635.1	inter_genus	Vibrio	Pseudomonas	1357	5066	1356	5205	26.4142	0.405585		
GCA_001418025.1	GCA_019930105.1	inter_genus	Anoxybacillus	Streptococcus	586	2617	571	1770	26.3734	0.372583		
GCA_001642805.2	GCA_003064125.1	inter_genus	Serratia	Xanthomonas	1229	4748	1131	4202	26.3687	0.353280		
GCA_001969825.1	GCA_021173085.2	inter_genus	Bradyrhizobium	Ralstonia	1816	7775	1505	4826	26.3551	0.328965		
GCA_001611855.1	GCA_042653945.1	inter_genus	Mycobacteroides	Streptomyces	1762	4632	2279	10714	26.3326	0.353280		
GCA_046118665.1	GCA_902459535.1	inter_genus	Rhizobium	Paraburkholderia	1915	7171	1897	7307	26.3296	0.405585		
GCA_003443895.1	GCA_042647405.1	inter_genus	Paraburkholderia	Xanthomonas	1673	7231	1320	4138	26.3260	0.320287		
GCA_001969825.1	GCA_902459595.1	inter_genus	Bradyrhizobium	Pandoraea	1689	7775	1497	4337	26.3045	0.339586		
GCA_000759735.1	GCA_023955645.1	inter_genus	Citrobacter	Ralstonia	1246	4575	1308	5136	26.3001	0.372583		
GCA_054602315.1	GCA_902459595.1	inter_genus	Bradyrhizobium	Pandoraea	1588	7168	1436	4337	26.2842	0.372583		
GCA_001969825.1	GCA_902459665.1	inter_genus	Bradyrhizobium	Pandoraea	1712	7775	1552	4646	26.2781	0.320287		
GCA_039522805.1	GCA_054602315.1	inter_genus	Ralstonia	Bradyrhizobium	1403	4426	1635	7168	26.2032	0.339586		
GCA_019048805.1	GCA_039522805.1	inter_genus	Citrobacter	Ralstonia	1260	5176	1255	4426	26.1925	0.353280		
GCA_003443895.1	GCA_023278185.1	inter_genus	Paraburkholderia	Bradyrhizobium	2054	7231	2091	8598	26.1861	0.300994		
GCA_001277805.1	GCA_019930105.1	inter_genus	Geobacillus	Streptococcus	577	2613	570	1770	26.1693	0.405585		
GCA_006365335.1	GCA_012641725.1	inter_genus	Salmonella	Pseudoalteromonas	1213	4587	1237	4777	26.1640	0.405585		
GCA_002086715.1	GCA_042653945.1	inter_genus	Mycobacteroides	Streptomyces	1835	5117	2305	10714	26.1512	0.353280		
GCA_014201515.1	GCA_019930105.1	inter_genus	Anoxybacillus	Streptococcus	590	2702	579	1770	26.1404	0.353280		
GCA_042647405.1	GCA_902459535.1	inter_genus	Xanthomonas	Paraburkholderia	1325	4138	1666	7307	26.1337	0.339586		
GCA_000382005.1	GCA_019048805.1	inter_genus	Pseudoalteromonas	Citrobacter	1258	4528	1276	5176	26.1129			
GCA_001401215.1	GCA_012641725.1	inter_genus	Pseudomonas	Pseudoalteromonas	1321	5215	1283	4777	26.0608	0.372583		
GCA_006365335.1	GCA_021173085.2	inter_genus	Salmonella	Ralstonia	1195	4587	1257	4826	26.0491	0.372583		
GCA_021173085.2	GCA_054602315.1	inter_genus	Ralstonia	Bradyrhizobium	1440	4826	1680	7168	26.0130	0.328965		
GCA_023278185.1	GCA_902459665.1	inter_genus	Bradyrhizobium	Pandoraea	1841	8598	1604	4646	26.0118	0.339586		
GCA_000382005.1	GCA_001401215.1	inter_genus	Pseudoalteromonas	Pseudomonas	1239	4528	1295	5215	26.0084			
GCA_000252995.1	GCA_958405935.1	inter_genus	Salmonella	Ralstonia	1126	3973	1197	4962	25.9989	0.405585		
GCA_000252995.1	GCA_042647405.1	inter_genus	Salmonella	Xanthomonas	1062	3973	1037	4138	25.8784	0.353280		
GCA_023955645.1	GCA_054602315.1	inter_genus	Ralstonia	Bradyrhizobium	1481	5136	1703	7168	25.8778	0.328965		
GCA_000382005.1	GCA_001400635.1	inter_genus	Pseudoalteromonas	Pseudomonas	1231	4528	1287	5205	25.8707			
GCA_001580545.1	GCA_021919185.1	inter_genus	Paraburkholderia	Xanthomonas	1566	6983	1237	3852	25.8699	0.306598		
GCA_000817815.1	GCA_008386555.1	inter_genus	Vibrio	Pseudomonas	1421	5721	1453	5389	25.8686			
GCA_010728525.1	GCA_014656275.1	inter_genus	Mycobacterium	Streptomyces	1567	4427	1897	8995	25.8084	0.353280		
GCA_001544215.1	GCA_001618685.1	inter_genus	Enterococcus	Geobacillus	779	2758	760	3206	25.8048	0.353280		
GCA_000252995.1	GCA_023955645.1	inter_genus	Salmonella	Ralstonia	1138	3973	1212	5136	25.7987	0.405585		
GCA_013366925.1	GCA_030406665.1	inter_genus	Paraburkholderia	Halomonas	1665	8209	1291	3257	25.7806	0.339586		
GCA_001580545.1	GCA_003064125.1	inter_genus	Paraburkholderia	Xanthomonas	1595	6983	1287	4202	25.7667	0.339586		
GCA_054602315.1	GCA_958405935.1	inter_genus	Bradyrhizobium	Ralstonia	1670	7168	1453	4962	25.7461	0.339586		
GCA_021919185.1	GCA_902459535.1	inter_genus	Xanthomonas	Paraburkholderia	1270	3852	1603	7307	25.7460	0.300994		
GCA_006365335.1	GCA_039522805.1	inter_genus	Salmonella	Ralstonia	1138	4587	1182	4426	25.7406	0.372583		
GCA_000382005.1	GCA_008386555.1	inter_genus	Pseudoalteromonas	Pseudomonas	1252	4528	1300	5389	25.7336			
GCA_003443895.1	GCA_021919185.1	inter_genus	Paraburkholderia	Xanthomonas	1604	7231	1248	3852	25.7331	0.295981		
GCA_001418025.1	GCA_900475975.1	inter_genus	Anoxybacillus	Streptococcus	572	2617	559	1779	25.7279	0.372583		
GCA_008386555.1	GCA_012641725.1	inter_genus	Pseudomonas	Pseudoalteromonas	1320	5389	1295	4777	25.7230	0.372583		
GCA_023278185.1	GCA_958405935.1	inter_genus	Bradyrhizobium	Ralstonia	1927	8598	1561	4962	25.7227	0.339586		
GCA_000382005.1	GCA_007858165.1	inter_genus	Pseudoalteromonas	Pseudomonas	1275	4528	1361	5724	25.7121			
GCA_006365335.1	GCA_958405935.1	inter_genus	Salmonella	Ralstonia	1193	4587	1261	4962	25.6990	0.353280		
GCA_001400635.1	GCA_012641725.1	inter_genus	Pseudomonas	Pseudoalteromonas	1299	5205	1265	4777	25.6862	0.372583		
GCA_019048805.1	GCA_958405935.1	inter_genus	Citrobacter	Ralstonia	1280	5176	1323	4962	25.6757	0.372583		
GCA_001401215.1	GCA_013087605.1	inter_genus	Pseudomonas	Rhizobium	1480	5215	1651	6988	25.6576	0.353280		
GCA_003443895.1	GCA_042432025.1	inter_genus	Paraburkholderia	Xanthomonas	1577	7231	1266	3852	25.6519	0.291447		
GCA_007858165.1	GCA_012641725.1	inter_genus	Pseudomonas	Pseudoalteromonas	1375	5724	1316	4777	25.6261	0.405585		
GCA_001580545.1	GCA_042432025.1	inter_genus	Paraburkholderia	Xanthomonas	1536	6983	1239	3852	25.6114	0.312952		
GCA_000252995.1	GCA_021919185.1	inter_genus	Salmonella	Xanthomonas	1029	3973	974	3852	25.5974	0.353280		
GCA_012641725.1	GCA_019048805.1	inter_genus	Pseudoalteromonas	Citrobacter	1264	4777	1278	5176	25.5400	0.405585		
GCA_000817815.1	GCA_007858165.1	inter_genus	Vibrio	Pseudomonas	1434	5721	1484	5724	25.4958			
GCA_019048805.1	GCA_021173085.2	inter_genus	Citrobacter	Ralstonia	1266	5176	1284	4826	25.4949	0.372583		
GCA_042432025.1	GCA_902459535.1	inter_genus	Xanthomonas	Paraburkholderia	1274	3852	1569	7307	25.4772	0.300994		
GCA_001418655.1	GCA_025821505.1	inter_genus	Streptomyces	Mycobacterium	1967	9368	1647	4819	25.4740	0.339586		
GCA_900094605.1	GCA_958405935.1	inter_genus	Bradyrhizobium	Ralstonia	1847	8291	1526	4962	25.4508	0.405585		
GCA_000252995.1	GCA_042432025.1	inter_genus	Salmonella	Xanthomonas	1001	3973	990	3852	25.4441	0.353280		
GCA_023278185.1	GCA_039522805.1	inter_genus	Bradyrhizobium	Ralstonia	1822	8598	1490	4426	25.4300	0.328965		
GCA_000817815.1	GCA_001401215.1	inter_genus	Vibrio	Pseudomonas	1355	5721	1426	5215	25.4298	0.405585		
GCA_001400635.1	GCA_013087605.1	inter_genus	Pseudomonas	Rhizobium	1460	5205	1640	6988	25.4244	0.353280		
GCA_021173085.2	GCA_900094605.1	inter_genus	Ralstonia	Bradyrhizobium	1507	4826	1824	8291	25.3945	0.320287		
GCA_003064125.1	GCA_003443895.1	inter_genus	Xanthomonas	Paraburkholderia	1276	4202	1627	7231	25.3914	0.300994		
GCA_003064125.1	GCA_902459535.1	inter_genus	Xanthomonas	Paraburkholderia	1291	4202	1631	7307	25.3888	0.312952		
GCA_900094605.1	GCA_902459665.1	inter_genus	Bradyrhizobium	Pandoraea	1737	8291	1545	4646	25.3691	0.328965		
GCA_000817815.1	GCA_001400635.1	inter_genus	Vibrio	Pseudomonas	1353	5721	1418	5205	25.3615	0.405585		
GCA_014201515.1	GCA_900475975.1	inter_genus	Anoxybacillus	Streptococcus	575	2702	560	1779	25.3292	0.353280		
GCA_001544215.1	GCA_024169475.1	inter_genus	Enterococcus	Peribacillus	930	2758	1048	5052	25.3265	0.353280		
GCA_024169475.1	GCA_055396975.1	inter_genus	Peribacillus	Symbiobacterium	1116	5052	1004	3322	25.3165	0.372583		
GCA_021173085.2	GCA_023278185.1	inter_genus	Ralstonia	Bradyrhizobium	1528	4826	1870	8598	25.3129	0.320287		
GCA_001418655.1	GCA_010728525.1	inter_genus	Streptomyces	Mycobacterium	1915	9368	1574	4427	25.2918	0.353280		
GCA_000759735.1	GCA_001580545.1	inter_genus	Citrobacter	Paraburkholderia	1361	4575	1561	6983	25.2812			
GCA_039522805.1	GCA_900094605.1	inter_genus	Ralstonia	Bradyrhizobium	1452	4426	1763	8291	25.2811	0.339586		
GCA_023278185.1	GCA_023955645.1	inter_genus	Bradyrhizobium	Ralstonia	1894	8598	1577	5136	25.2730	0.328965		
GCA_023278185.1	GCA_902459595.1	inter_genus	Bradyrhizobium	Pandoraea	1749	8598	1518	4337	25.2571	0.372583		
GCA_900094605.1	GCA_902459595.1	inter_genus	Bradyrhizobium	Pandoraea	1697	8291	1491	4337	25.2455	0.353280		
GCA_023955645.1	GCA_900094605.1	inter_genus	Ralstonia	Bradyrhizobium	1545	5136	1843	8291	25.2327	0.339586		
GCA_024169475.1	GCA_053761065.1	inter_genus	Peribacillus	Enterococcus	1021	5052	917	2637	25.2048	0.353280		
GCA_025821505.1	GCA_042653945.1	inter_genus	Mycobacterium	Streptomyces	1757	4819	2158	10714	25.2044	0.320287		
GCA_016598615.1	GCA_025821505.1	inter_genus	Streptomyces	Mycobacterium	1981	9740	1686	4819	25.1872	0.320287		
GCA_001277805.1	GCA_900475975.1	inter_genus	Geobacillus	Streptococcus	560	2613	546	1779	25.1821	0.405585		
GCA_000252995.1	GCA_003064125.1	inter_genus	Salmonella	Xanthomonas	1042	3973	1012	4202	25.1254	0.353280		
GCA_019048805.1	GCA_023955645.1	inter_genus	Citrobacter	Ralstonia	1272	5176	1312	5136	25.0582	0.372583		
GCA_006365335.1	GCA_023955645.1	inter_genus	Salmonella	Ralstonia	1183	4587	1253	5136	25.0540	0.372583		
GCA_014201515.1	GCA_045310675.1	inter_genus	Anoxybacillus	Clostridium	748	2702	788	3443	24.9959	0.405585		
GCA_001401215.1	GCA_046118665.1	inter_genus	Pseudomonas	Rhizobium	1459	5215	1632	7171	24.9556	0.328965		
GCA_001418025.1	GCA_045310675.1	inter_genus	Anoxybacillus	Clostridium	735	2617	776	3443	24.9340	0.405585		
GCA_013366925.1	GCA_042647405.1	inter_genus	Paraburkholderia	Xanthomonas	1740	8209	1333	4138	24.8886	0.300994		
GCA_000759735.1	GCA_902459535.1	inter_genus	Citrobacter	Paraburkholderia	1349	4575	1602	7307	24.8359			
GCA_007858165.1	GCA_013087605.1	inter_genus	Pseudomonas	Rhizobium	1481	5724	1667	6988	24.7640	0.353280		
GCA_024169475.1	GCA_055383075.1	inter_genus	Peribacillus	Symbiobacterium	1104	5052	1001	3457	24.7385	0.353280		
GCA_023955645.1	GCA_046118665.1	inter_genus	Ralstonia	Rhizobium	1390	5136	1654	7171	24.7339	0.405585		
GCA_013087605.1	GCA_023955645.1	inter_genus	Rhizobium	Ralstonia	1624	6988	1372	5136	24.7113	0.405585		
GCA_001618685.1	GCA_019930105.1	inter_genus	Geobacillus	Streptococcus	631	3206	597	1770	24.6785	0.405585		
GCA_013087605.1	GCA_958405935.1	inter_genus	Rhizobium	Ralstonia	1598	6988	1347	4962	24.6444	0.353280		
GCA_001418025.1	GCA_045310525.1	inter_genus	Anoxybacillus	Clostridium	766	2617	825	3841	24.6361	0.405585		
GCA_014201515.1	GCA_045310525.1	inter_genus	Anoxybacillus	Clostridium	774	2702	837	3841	24.6217	0.405585		
GCA_025175645.1	GCA_055396975.1	inter_genus	Peribacillus	Symbiobacterium	1171	5594	1022	3322	24.5962	0.372583		
GCA_013087605.1	GCA_021173085.2	inter_genus	Rhizobium	Ralstonia	1586	6988	1318	4826	24.5810	0.339586		
GCA_021173085.2	GCA_046118665.1	inter_genus	Ralstonia	Rhizobium	1340	4826	1606	7171	24.5561	0.372583		
GCA_000759735.1	GCA_021919185.1	inter_genus	Citrobacter	Xanthomonas	1080	4575	988	3852	24.5402	0.372583		
GCA_013087605.1	GCA_902459595.1	inter_genus	Rhizobium	Pandoraea	1481	6988	1298	4337	24.5386	0.328965		
GCA_010728525.1	GCA_016598615.1	inter_genus	Mycobacterium	Streptomyces	1571	4427	1905	9740	24.5359	0.328965		
GCA_001400635.1	GCA_046118665.1	inter_genus	Pseudomonas	Rhizobium	1429	5205	1605	7171	24.5152	0.328965		
GCA_000759735.1	GCA_042432025.1	inter_genus	Citrobacter	Xanthomonas	1056	4575	1009	3852	24.5046	0.405585		
GCA_000759735.1	GCA_042647405.1	inter_genus	Citrobacter	Xanthomonas	1097	4575	1036	4138	24.4807	0.339586		
GCA_046118665.1	GCA_958405935.1	inter_genus	Rhizobium	Ralstonia	1609	7171	1356	4962	24.4375	0.405585		
GCA_013087605.1	GCA_039522805.1	inter_genus	Rhizobium	Ralstonia	1521	6988	1268	4426	24.4349	0.353280		
GCA_003064125.1	GCA_006365335.1	inter_genus	Xanthomonas	Salmonella	1046	4202	1101	4587	24.4283	0.405585		
GCA_010728525.1	GCA_042653945.1	inter_genus	Mycobacterium	Streptomyces	1646	4427	2049	10714	24.4039	0.312952		
GCA_006365335.1	GCA_042647405.1	inter_genus	Salmonella	Xanthomonas	1085	4587	1043	4138	24.3897	0.372583		
GCA_007858165.1	GCA_046118665.1	inter_genus	Pseudomonas	Rhizobium	1474	5724	1665	7171	24.3428	0.353280		
GCA_001580545.1	GCA_019048805.1	inter_genus	Paraburkholderia	Citrobacter	1563	6983	1394	5176	24.3194	0.405585		
GCA_006365335.1	GCA_021919185.1	inter_genus	Salmonella	Xanthomonas	1053	4587	997	3852	24.2920	0.405585		
GCA_019048805.1	GCA_902459535.1	inter_genus	Citrobacter	Paraburkholderia	1406	5176	1626	7307	24.2890			
GCA_000759735.1	GCA_003443895.1	inter_genus	Citrobacter	Paraburkholderia	1314	4575	1545	7231	24.2165			
GCA_000759735.1	GCA_003064125.1	inter_genus	Citrobacter	Xanthomonas	1093	4575	1032	4202	24.2110	0.372583		
GCA_003064125.1	GCA_013366925.1	inter_genus	Xanthomonas	Paraburkholderia	1303	4202	1697	8209	24.1721	0.312952		
GCA_025175645.1	GCA_055383075.1	inter_genus	Peribacillus	Symbiobacterium	1163	5594	1023	3457	24.1520	0.353280		
GCA_013366925.1	GCA_021919185.1	inter_genus	Paraburkholderia	Xanthomonas	1658	8209	1252	3852	24.1274	0.291447		
GCA_000759735.1	GCA_013366925.1	inter_genus	Citrobacter	Paraburkholderia	1385	4575	1697	8209	24.1083	0.405585		
GCA_046118665.1	GCA_902459595.1	inter_genus	Rhizobium	Pandoraea	1477	7171	1295	4337	24.0876	0.372583		
GCA_006365335.1	GCA_042432025.1	inter_genus	Salmonella	Xanthomonas	1020	4587	1008	3852	24.0313	0.353280		
GCA_013087605.1	GCA_902459665.1	inter_genus	Rhizobium	Pandoraea	1479	6988	1311	4646	23.9814	0.328965		
GCA_039522805.1	GCA_046118665.1	inter_genus	Ralstonia	Rhizobium	1271	4426	1510	7171	23.9803	0.353280		
GCA_000252995.1	GCA_001580545.1	inter_genus	Salmonella	Paraburkholderia	1188	3973	1434	6983	23.9321	0.405585		
GCA_001544215.1	GCA_025175645.1	inter_genus	Enterococcus	Peribacillus	931	2758	1067	5594	23.9224	0.372583		
GCA_013366925.1	GCA_042432025.1	inter_genus	Paraburkholderia	Xanthomonas	1624	8209	1253	3852	23.8537	0.283502		
GCA_019048805.1	GCA_042432025.1	inter_genus	Citrobacter	Xanthomonas	1112	5176	1039	3852	23.8259	0.372583		
GCA_001618685.1	GCA_045310675.1	inter_genus	Geobacillus	Clostridium	785	3206	799	3443	23.8231	0.405585		
GCA_025175645.1	GCA_053761065.1	inter_genus	Peribacillus	Enterococcus	1042	5594	918	2637	23.8124	0.372583		
GCA_003064125.1	GCA_019048805.1	inter_genus	Xanthomonas	Citrobacter	1072	4202	1158	5176	23.7791	0.372583		
GCA_046118665.1	GCA_902459665.1	inter_genus	Rhizobium	Pandoraea	1489	7171	1318	4646	23.7539	0.353280		
GCA_008386555.1	GCA_013087605.1	inter_genus	Pseudomonas	Rhizobium	1375	5389	1563	6988	23.7376	0.372583		
GCA_001277805.1	GCA_045310675.1	inter_genus	Geobacillus	Clostridium	690	2613	746	3443	23.7120	0.405585		
GCA_024169475.1	GCA_045310525.1	inter_genus	Peribacillus	Clostridium	1114	5052	993	3841	23.6928			
GCA_000252995.1	GCA_902459535.1	inter_genus	Salmonella	Paraburkholderia	1207	3973	1463	7307	23.6702	0.353280		
GCA_001580545.1	GCA_006365335.1	inter_genus	Paraburkholderia	Salmonella	1490	6983	1243	4587	23.6214			
GCA_001618685.1	GCA_045310525.1	inter_genus	Geobacillus	Clostridium	815	3206	843	3841	23.5277	0.405585		
GCA_006365335.1	GCA_902459535.1	inter_genus	Salmonella	Paraburkholderia	1263	4587	1534	7307	23.5161			
GCA_001618685.1	GCA_900475975.1	inter_genus	Geobacillus	Streptococcus	603	3206	569	1779	23.5105	0.405585		
GCA_003443895.1	GCA_019048805.1	inter_genus	Paraburkholderia	Citrobacter	1572	7231	1342	5176	23.4867			
GCA_008386555.1	GCA_046118665.1	inter_genus	Pseudomonas	Rhizobium	1378	5389	1566	7171	23.4395	0.372583		
GCA_013366925.1	GCA_019048805.1	inter_genus	Paraburkholderia	Citrobacter	1709	8209	1412	5176	23.3171			
GCA_019048805.1	GCA_021919185.1	inter_genus	Citrobacter	Xanthomonas	1097	5176	1002	3852	23.2499	0.372583		
GCA_001277805.1	GCA_045310525.1	inter_genus	Geobacillus	Clostridium	715	2613	779	3841	23.1484	0.405585		
GCA_000252995.1	GCA_003443895.1	inter_genus	Salmonella	Paraburkholderia	1165	3973	1427	7231	23.1346	0.372583		
GCA_019048805.1	GCA_042647405.1	inter_genus	Citrobacter	Xanthomonas	1116	5176	1036	4138	23.1050	0.353280		
GCA_001639065.2	GCA_039522805.1	inter_genus	Vibrio	Ralstonia	1102	5034	1069	4426	22.9493	0.405585		
GCA_003443895.1	GCA_006365335.1	inter_genus	Paraburkholderia	Salmonella	1480	7231	1227	4587	22.9057			
GCA_025175645.1	GCA_045310525.1	inter_genus	Peribacillus	Clostridium	1159	5594	998	3841	22.8617			
GCA_013087605.1	GCA_030409215.1	inter_genus	Rhizobium	Halomonas	1322	6988	1127	3749	22.8090	0.320287		
GCA_045310675.1	GCA_055396975.1	inter_genus	Clostridium	Symbiobacterium	763	3443	775	3322	22.7347	0.405585		
GCA_000382005.1	GCA_042647405.1	inter_genus	Pseudoalteromonas	Xanthomonas	1001	4528	965	4138	22.6864			
GCA_024169475.1	GCA_045310675.1	inter_genus	Peribacillus	Clostridium	1027	5052	899	3443	22.6722			
GCA_000382005.1	GCA_042432025.1	inter_genus	Pseudoalteromonas	Xanthomonas	956	4528	941	3852	22.6372			
GCA_012641725.1	GCA_042432025.1	inter_genus	Pseudoalteromonas	Xanthomonas	986	4777	966	3852	22.6214			
GCA_045310675.1	GCA_055383075.1	inter_genus	Clostridium	Symbiobacterium	765	3443	794	3457	22.5942	0.405585		
GCA_030409215.1	GCA_046118665.1	inter_genus	Halomonas	Rhizobium	1121	3749	1346	7171	22.5916	0.320287		
GCA_012641725.1	GCA_042647405.1	inter_genus	Pseudoalteromonas	Xanthomonas	1030	4777	981	4138	22.5575	0.405585		
GCA_001639065.2	GCA_021173085.2	inter_genus	Vibrio	Ralstonia	1128	5034	1094	4826	22.5355	0.372583		
GCA_001639065.2	GCA_902459595.1	inter_genus	Vibrio	Pandoraea	1052	5034	1051	4337	22.4416	0.405585		
GCA_000252995.1	GCA_013366925.1	inter_genus	Salmonella	Paraburkholderia	1210	3973	1522	8209	22.4265	0.372583		
GCA_000382005.1	GCA_021919185.1	inter_genus	Pseudoalteromonas	Xanthomonas	953	4528	921	3852	22.3628			
GCA_012641725.1	GCA_021919185.1	inter_genus	Pseudoalteromonas	Xanthomonas	991	4777	938	3852	22.3548	0.405585		
GCA_013087605.1	GCA_034424255.1	inter_genus	Rhizobium	Serratia	1428	6988	1194	4755	22.3282	0.405585		
GCA_006365335.1	GCA_013366925.1	inter_genus	Salmonella	Paraburkholderia	1271	4587	1585	8209	22.3195			
GCA_000382005.1	GCA_003064125.1	inter_genus	Pseudoalteromonas	Xanthomonas	996	4528	952	4202	22.3139			
GCA_001639065.2	GCA_902459665.1	inter_genus	Vibrio	Pandoraea	1081	5034	1077	4646	22.2934	0.405585		
GCA_001969825.1	GCA_007858165.1	inter_genus	Bradyrhizobium	Pseudomonas	1599	7775	1406	5724	22.2609	0.339586		
GCA_008386555.1	GCA_054602315.1	inter_genus	Pseudomonas	Bradyrhizobium	1311	5389	1477	7168	22.2028	0.405585		
GCA_001401215.1	GCA_054602315.1	inter_genus	Pseudomonas	Bradyrhizobium	1327	5215	1421	7168	22.1917	0.353280		
GCA_001401215.1	GCA_001969825.1	inter_genus	Pseudomonas	Bradyrhizobium	1363	5215	1519	7775	22.1863	0.339586		
GCA_025175645.1	GCA_045310675.1	inter_genus	Peribacillus	Clostridium	1082	5594	916	3443	22.1091			
GCA_045310525.1	GCA_055383075.1	inter_genus	Clostridium	Symbiobacterium	800	3841	813	3457	22.1019	0.405585		
GCA_003064125.1	GCA_012641725.1	inter_genus	Xanthomonas	Pseudoalteromonas	961	4202	1022	4777	22.0849	0.405585		
GCA_001639065.2	GCA_958405935.1	inter_genus	Vibrio	Ralstonia	1117	5034	1090	4962	22.0788	0.405585		
GCA_007858165.1	GCA_054602315.1	inter_genus	Pseudomonas	Bradyrhizobium	1352	5724	1494	7168	22.0757	0.372583		
GCA_001642805.2	GCA_013087605.1	inter_genus	Serratia	Rhizobium	1181	4748	1407	6988	22.0518	0.320287		
GCA_001400635.1	GCA_054602315.1	inter_genus	Pseudomonas	Bradyrhizobium	1313	5205	1408	7168	21.9914	0.372583		
GCA_001400635.1	GCA_001969825.1	inter_genus	Pseudomonas	Bradyrhizobium	1345	5205	1497	7775	21.8952	0.339586		
GCA_001969825.1	GCA_008386555.1	inter_genus	Bradyrhizobium	Pseudomonas	1550	7775	1331	5389	21.8854			
GCA_001639065.2	GCA_023955645.1	inter_genus	Vibrio	Ralstonia	1117	5034	1106	5136	21.8584	0.372583		
GCA_045310525.1	GCA_055396975.1	inter_genus	Clostridium	Symbiobacterium	780	3841	782	3322	21.8065	0.405585		
GCA_001401215.1	GCA_900094605.1	inter_genus	Pseudomonas	Bradyrhizobium	1385	5215	1559	8291	21.7977	0.353280		
GCA_034424255.1	GCA_046118665.1	inter_genus	Serratia	Rhizobium	1169	4755	1417	7171	21.6837	0.372583		
GCA_007858165.1	GCA_900094605.1	inter_genus	Pseudomonas	Bradyrhizobium	1406	5724	1627	8291	21.6411	0.372583		
GCA_001639065.2	GCA_042432025.1	inter_genus	Vibrio	Xanthomonas	1004	5034	917	3852	21.6183	0.372583		
GCA_002741985.1	GCA_042432025.1	inter_genus	Vibrio	Xanthomonas	934	4574	887	3852	21.6117	0.405585		
GCA_001400635.1	GCA_900094605.1	inter_genus	Pseudomonas	Bradyrhizobium	1367	5205	1549	8291	21.6064	0.353280		
GCA_001642805.2	GCA_046118665.1	inter_genus	Serratia	Rhizobium	1172	4748	1400	7171	21.5790	0.353280		
GCA_001639065.2	GCA_021919185.1	inter_genus	Vibrio	Xanthomonas	1014	5034	900	3852	21.5395	0.372583		
GCA_002741985.1	GCA_039522805.1	inter_genus	Vibrio	Ralstonia	966	4574	969	4426	21.5000	0.405585		
GCA_002741985.1	GCA_902459595.1	inter_genus	Vibrio	Pandoraea	946	4574	967	4337	21.4678	0.372583		
GCA_008386555.1	GCA_900094605.1	inter_genus	Pseudomonas	Bradyrhizobium	1341	5389	1595	8291	21.4620	0.405585		
GCA_001639065.2	GCA_042647405.1	inter_genus	Vibrio	Xanthomonas	1028	5034	938	4138	21.4348	0.372583		
GCA_002741985.1	GCA_021919185.1	inter_genus	Vibrio	Xanthomonas	931	4574	873	3852	21.4099	0.405585		
GCA_000181535.1	GCA_039522805.1	inter_genus	Vibrio	Ralstonia	1044	5066	983	4426	21.3548	0.372583		
GCA_007858165.1	GCA_023278185.1	inter_genus	Pseudomonas	Bradyrhizobium	1409	5724	1641	8598	21.2959	0.353280		
GCA_002741985.1	GCA_042647405.1	inter_genus	Vibrio	Xanthomonas	959	4574	895	4138	21.2810	0.405585		
GCA_001401215.1	GCA_023278185.1	inter_genus	Pseudomonas	Bradyrhizobium	1369	5215	1561	8598	21.2119	0.405585		
GCA_002741985.1	GCA_021173085.2	inter_genus	Vibrio	Ralstonia	992	4574	993	4826	21.1170	0.405585		
GCA_001639065.2	GCA_003064125.1	inter_genus	Vibrio	Xanthomonas	1015	5034	927	4202	21.0264	0.372583		
GCA_002741985.1	GCA_958405935.1	inter_genus	Vibrio	Ralstonia	1002	4574	995	4962	20.9417	0.405585		
GCA_002741985.1	GCA_003064125.1	inter_genus	Vibrio	Xanthomonas	952	4574	883	4202	20.9093	0.405585		
GCA_008386555.1	GCA_023278185.1	inter_genus	Pseudomonas	Bradyrhizobium	1346	5389	1575	8598	20.8837	0.405585		
GCA_030406665.1	GCA_046118665.1	inter_genus	Halomonas	Rhizobium	967	3257	1208	7171	20.8573	0.328965		
GCA_000382005.1	GCA_902459595.1	inter_genus	Pseudoalteromonas	Pandoraea	908	4528	941	4337	20.8573			
GCA_001400635.1	GCA_023278185.1	inter_genus	Pseudomonas	Bradyrhizobium	1350	5205	1523	8598	20.8143	0.372583		
GCA_002741985.1	GCA_902459665.1	inter_genus	Vibrio	Pandoraea	938	4574	978	4646	20.7809	0.405585		
GCA_000372845.1	GCA_039522805.1	inter_genus	Methylocystis	Ralstonia	805	3698	882	4426	20.7656	0.372583		
GCA_000181535.1	GCA_021173085.2	inter_genus	Vibrio	Ralstonia	1053	5066	998	4826	20.7339	0.372583		
GCA_030409215.1	GCA_054602315.1	inter_genus	Halomonas	Bradyrhizobium	1034	3749	1229	7168	20.7291	0.328965		
GCA_012641725.1	GCA_039522805.1	inter_genus	Pseudoalteromonas	Ralstonia	948	4777	957	4426	20.6998	0.405585		
GCA_000181535.1	GCA_902459665.1	inter_genus	Vibrio	Pandoraea	1013	5066	992	4646	20.6446	0.405585		
GCA_012641725.1	GCA_902459595.1	inter_genus	Pseudoalteromonas	Pandoraea	925	4777	956	4337	20.6386	0.405585		
GCA_000372845.1	GCA_902459595.1	inter_genus	Methylocystis	Pandoraea	776	3698	882	4337	20.6347	0.405585		
GCA_013087605.1	GCA_030406665.1	inter_genus	Rhizobium	Halomonas	1165	6988	949	3257	20.6345	0.320287		
GCA_000181535.1	GCA_902459595.1	inter_genus	Vibrio	Pandoraea	978	5066	957	4337	20.5785	0.405585		
GCA_001544215.1	GCA_045310525.1	inter_genus	Enterococcus	Clostridium	667	2758	688	3841	20.5334	0.405585		
GCA_000382005.1	GCA_039522805.1	inter_genus	Pseudoalteromonas	Ralstonia	914	4528	922	4426	20.5048			
GCA_000372845.1	GCA_902459665.1	inter_genus	Methylocystis	Pandoraea	801	3698	909	4646	20.4938	0.405585		
GCA_013350005.1	GCA_902459665.1	inter_genus	Methylocystis	Pandoraea	788	3705	921	4646	20.4646			
GCA_002741985.1	GCA_023955645.1	inter_genus	Vibrio	Ralstonia	983	4574	1001	5136	20.4325	0.405585		
GCA_045310525.1	GCA_053761065.1	inter_genus	Clostridium	Enterococcus	677	3841	646	2637	20.4230	0.372583		
GCA_045310675.1	GCA_053761065.1	inter_genus	Clostridium	Enterococcus	632	3443	607	2637	20.3783	0.405585		
GCA_000181535.1	GCA_958405935.1	inter_genus	Vibrio	Ralstonia	1048	5066	993	4962	20.3530	0.405585		
GCA_012641725.1	GCA_902459665.1	inter_genus	Pseudoalteromonas	Pandoraea	932	4777	984	4646	20.3332	0.405585		
GCA_001544215.1	GCA_045310675.1	inter_genus	Enterococcus	Clostridium	627	2758	632	3443	20.3032	0.372583		
GCA_019930105.1	GCA_024169475.1	inter_genus	Streptococcus	Peribacillus	633	1770	752	5052	20.3020	0.372583		
GCA_000382005.1	GCA_021173085.2	inter_genus	Pseudoalteromonas	Ralstonia	938	4528	961	4826	20.3015			
GCA_000372845.1	GCA_958405935.1	inter_genus	Methylocystis	Ralstonia	839	3698	916	4962	20.2656	0.405585		
GCA_000372845.1	GCA_030409215.1	inter_genus	Methylocystis	Halomonas	735	3698	773	3749	20.2498			
GCA_000181535.1	GCA_023955645.1	inter_genus	Vibrio	Ralstonia	1049	5066	1015	5136	20.2313	0.353280		
GCA_000382005.1	GCA_902459665.1	inter_genus	Pseudoalteromonas	Pandoraea	907	4528	949	4646	20.2311			
GCA_012641725.1	GCA_021173085.2	inter_genus	Pseudoalteromonas	Ralstonia	966	4777	976	4826	20.2228	0.405585		
GCA_001639065.2	GCA_902459535.1	inter_genus	Vibrio	Paraburkholderia	1189	5034	1305	7307	20.2091			
GCA_001580545.1	GCA_001639065.2	inter_genus	Paraburkholderia	Vibrio	1257	6983	1171	5034	20.2047			
GCA_013350005.1	GCA_902459595.1	inter_genus	Methylocystis	Pandoraea	755	3705	867	4337	20.1691			
GCA_000372845.1	GCA_021173085.2	inter_genus	Methylocystis	Ralstonia	827	3698	891	4826	20.1549	0.353280		
GCA_012641725.1	GCA_958405935.1	inter_genus	Pseudoalteromonas	Ralstonia	971	4777	987	4962	20.1047	0.405585		
GCA_000817815.1	GCA_039522805.1	inter_genus	Vibrio	Ralstonia	1019	5721	1020	4426	20.0946	0.405585		
GCA_000372845.1	GCA_902459535.1	inter_genus	Methylocystis	Paraburkholderia	988	3698	1223	7307	20.0909			
GCA_013350005.1	GCA_039522805.1	inter_genus	Methylocystis	Ralstonia	771	3705	858	4426	20.0344	0.405585		
GCA_013350005.1	GCA_030409215.1	inter_genus	Methylocystis	Halomonas	719	3705	773	3749	20.0161			
GCA_000382005.1	GCA_958405935.1	inter_genus	Pseudoalteromonas	Ralstonia	938	4528	960	4962	20.0000			
GCA_000817815.1	GCA_021173085.2	inter_genus	Vibrio	Ralstonia	1050	5721	1057	4826	19.9772	0.405585		
GCA_000817815.1	GCA_042647405.1	inter_genus	Vibrio	Xanthomonas	1018	5721	946	4138	19.9209	0.405585		
GCA_000817815.1	GCA_042432025.1	inter_genus	Vibrio	Xanthomonas	970	5721	930	3852	19.8475	0.405585		
GCA_001969825.1	GCA_030409215.1	inter_genus	Bradyrhizobium	Halomonas	1234	7775	1053	3749	19.8455	0.328965		
GCA_000817815.1	GCA_021919185.1	inter_genus	Vibrio	Xanthomonas	987	5721	912	3852	19.8370	0.405585		
GCA_013087605.1	GCA_042647405.1	inter_genus	Rhizobium	Xanthomonas	1229	6988	977	4138	19.8274	0.328965		
GCA_000372845.1	GCA_023955645.1	inter_genus	Methylocystis	Ralstonia	845	3698	903	5136	19.7872	0.405585		
GCA_030409215.1	GCA_900094605.1	inter_genus	Halomonas	Bradyrhizobium	1073	3749	1304	8291	19.7425	0.328965		
GCA_001639065.2	GCA_003443895.1	inter_genus	Vibrio	Paraburkholderia	1139	5034	1278	7231	19.7065			
GCA_013350005.1	GCA_021173085.2	inter_genus	Methylocystis	Ralstonia	798	3705	882	4826	19.6929	0.405585		
GCA_000181535.1	GCA_042432025.1	inter_genus	Vibrio	Xanthomonas	938	5066	816	3852	19.6681	0.372583		
GCA_012641725.1	GCA_023955645.1	inter_genus	Pseudoalteromonas	Ralstonia	964	4777	985	5136	19.6611	0.405585		
GCA_000382005.1	GCA_023955645.1	inter_genus	Pseudoalteromonas	Ralstonia	930	4528	970	5136	19.6606			
GCA_013350005.1	GCA_958405935.1	inter_genus	Methylocystis	Ralstonia	812	3705	891	4962	19.6492	0.405585		
GCA_000817815.1	GCA_003064125.1	inter_genus	Vibrio	Xanthomonas	1011	5721	936	4202	19.6211	0.405585		
GCA_024169475.1	GCA_900475975.1	inter_genus	Peribacillus	Streptococcus	723	5052	615	1779	19.5872	0.372583		
GCA_000817815.1	GCA_958405935.1	inter_genus	Vibrio	Ralstonia	1041	5721	1047	4962	19.5451			
GCA_000181535.1	GCA_021919185.1	inter_genus	Vibrio	Xanthomonas	940	5066	799	3852	19.4999	0.372583		
GCA_000181535.1	GCA_042647405.1	inter_genus	Vibrio	Xanthomonas	955	5066	839	4138	19.4915	0.372583		
GCA_013350005.1	GCA_902459535.1	inter_genus	Methylocystis	Paraburkholderia	950	3705	1194	7307	19.4697			
GCA_000817815.1	GCA_902459595.1	inter_genus	Vibrio	Pandoraea	964	5721	994	4337	19.4671	0.405585		
GCA_001969825.1	GCA_034424255.1	inter_genus	Bradyrhizobium	Serratia	1329	7775	1107	4755	19.4413	0.353280		
GCA_000817815.1	GCA_902459665.1	inter_genus	Vibrio	Pandoraea	986	5721	1025	4646	19.3981	0.405585		
GCA_042647405.1	GCA_046118665.1	inter_genus	Xanthomonas	Rhizobium	982	4138	1207	7171	19.3563	0.372583		
GCA_034424255.1	GCA_054602315.1	inter_genus	Serratia	Bradyrhizobium	1071	4755	1236	7168	19.3492	0.312952		
GCA_003064125.1	GCA_013087605.1	inter_genus	Xanthomonas	Rhizobium	952	4202	1210	6988	19.3208	0.353280		
GCA_000817815.1	GCA_023955645.1	inter_genus	Vibrio	Ralstonia	1042	5721	1055	5136	19.3147			
GCA_000372845.1	GCA_001580545.1	inter_genus	Methylocystis	Paraburkholderia	925	3698	1133	6983	19.2679	0.405585		
GCA_001642805.2	GCA_001969825.1	inter_genus	Serratia	Bradyrhizobium	1107	4748	1301	7775	19.2286	0.405585		
GCA_000372845.1	GCA_030406665.1	inter_genus	Methylocystis	Halomonas	674	3698	663	3257	19.2236	0.372583		
GCA_013350005.1	GCA_030406665.1	inter_genus	Methylocystis	Halomonas	670	3705	667	3257	19.2043	0.339586		
GCA_001642805.2	GCA_054602315.1	inter_genus	Serratia	Bradyrhizobium	1063	4748	1224	7168	19.1927	0.353280		
GCA_013350005.1	GCA_023955645.1	inter_genus	Methylocystis	Ralstonia	810	3705	885	5136	19.1720			
GCA_000372845.1	GCA_042432025.1	inter_genus	Methylocystis	Xanthomonas	716	3698	727	3852	19.1126	0.372583		
GCA_030406665.1	GCA_054602315.1	inter_genus	Halomonas	Bradyrhizobium	889	3257	1101	7168	19.0887	0.312952		
GCA_003064125.1	GCA_046118665.1	inter_genus	Xanthomonas	Rhizobium	956	4202	1211	7171	19.0539	0.405585		
GCA_000372845.1	GCA_013366925.1	inter_genus	Methylocystis	Paraburkholderia	982	3698	1282	8209	19.0140			
GCA_013350005.1	GCA_042432025.1	inter_genus	Methylocystis	Xanthomonas	710	3705	726	3852	19.0022			
GCA_019930105.1	GCA_025175645.1	inter_genus	Streptococcus	Peribacillus	638	1770	760	5594	18.9842	0.372583		
GCA_000181535.1	GCA_003064125.1	inter_genus	Vibrio	Xanthomonas	941	5066	818	4202	18.9793	0.372583		
GCA_000181535.1	GCA_902459535.1	inter_genus	Vibrio	Paraburkholderia	1130	5066	1217	7307	18.9687			
GCA_023278185.1	GCA_030409215.1	inter_genus	Bradyrhizobium	Halomonas	1285	8598	1055	3749	18.9520	0.339586		
GCA_000181535.1	GCA_001580545.1	inter_genus	Vibrio	Paraburkholderia	1107	5066	1165	6983	18.8563			
GCA_013087605.1	GCA_042432025.1	inter_genus	Rhizobium	Xanthomonas	1126	6988	918	3852	18.8561	0.353280		
GCA_000759735.1	GCA_046118665.1	inter_genus	Citrobacter	Rhizobium	1008	4575	1206	7171	18.8490			
GCA_001639065.2	GCA_013366925.1	inter_genus	Vibrio	Paraburkholderia	1162	5034	1333	8209	18.8401			
GCA_000759735.1	GCA_013087605.1	inter_genus	Citrobacter	Rhizobium	989	4575	1180	6988	18.7581			
GCA_001580545.1	GCA_002741985.1	inter_genus	Paraburkholderia	Vibrio	1126	6983	1031	4574	18.6640			
GCA_000372845.1	GCA_021919185.1	inter_genus	Methylocystis	Xanthomonas	716	3698	692	3852	18.6490	0.405585		
GCA_013350005.1	GCA_021919185.1	inter_genus	Methylocystis	Xanthomonas	717	3705	692	3852	18.6450	0.405585		
GCA_001969825.1	GCA_042647405.1	inter_genus	Bradyrhizobium	Xanthomonas	1218	7775	1002	4138	18.6351	0.353280		
GCA_013350005.1	GCA_013366925.1	inter_genus	Methylocystis	Paraburkholderia	954	3705	1264	8209	18.6168	0.405585		
GCA_002741985.1	GCA_902459535.1	inter_genus	Vibrio	Paraburkholderia	1045	4574	1166	7307	18.6095			
GCA_023278185.1	GCA_034424255.1	inter_genus	Bradyrhizobium	Serratia	1363	8598	1121	4755	18.6026	0.372583		
GCA_013350005.1	GCA_042647405.1	inter_genus	Methylocystis	Xanthomonas	735	3705	723	4138	18.5898	0.405585		
GCA_000372845.1	GCA_042647405.1	inter_genus	Methylocystis	Xanthomonas	733	3698	722	4138	18.5681	0.405585		
GCA_001580545.1	GCA_013350005.1	inter_genus	Paraburkholderia	Methylocystis	1104	6983	878	3705	18.5442	0.405585		
GCA_013087605.1	GCA_021919185.1	inter_genus	Rhizobium	Xanthomonas	1117	6988	893	3852	18.5424	0.295981		
GCA_042647405.1	GCA_054602315.1	inter_genus	Xanthomonas	Bradyrhizobium	952	4138	1143	7168	18.5300	0.339586		
GCA_042432025.1	GCA_046118665.1	inter_genus	Xanthomonas	Rhizobium	917	3852	1120	7171	18.4795	0.328965		
GCA_019930105.1	GCA_045310675.1	inter_genus	Streptococcus	Clostridium	454	1770	509	3443	18.4730	0.405585		
GCA_003064125.1	GCA_013350005.1	inter_genus	Xanthomonas	Methylocystis	724	4202	728	3705	18.3635	0.405585		
GCA_000181535.1	GCA_003443895.1	inter_genus	Vibrio	Paraburkholderia	1073	5066	1185	7231	18.3622			
GCA_021919185.1	GCA_046118665.1	inter_genus	Xanthomonas	Rhizobium	901	3852	1123	7171	18.3616	0.306598		
GCA_003064125.1	GCA_054602315.1	inter_genus	Xanthomonas	Bradyrhizobium	947	4202	1140	7168	18.3553	0.353280		
GCA_042432025.1	GCA_054602315.1	inter_genus	Xanthomonas	Bradyrhizobium	939	3852	1082	7168	18.3394	0.300994		
GCA_000372845.1	GCA_001400635.1	inter_genus	Methylocystis	Pseudomonas	761	3698	871	5205	18.3309	0.405585		
GCA_000372845.1	GCA_003443895.1	inter_genus	Methylocystis	Paraburkholderia	895	3698	1105	7231	18.2999	0.372583		
GCA_000372845.1	GCA_001401215.1	inter_genus	Methylocystis	Pseudomonas	750	3698	881	5215	18.2991	0.405585		
GCA_002741985.1	GCA_003443895.1	inter_genus	Vibrio	Paraburkholderia	1008	4574	1150	7231	18.2804			
GCA_000372845.1	GCA_003064125.1	inter_genus	Methylocystis	Xanthomonas	728	3698	714	4202	18.2532	0.405585		
GCA_019930105.1	GCA_045310525.1	inter_genus	Streptococcus	Clostridium	476	1770	547	3841	18.2320	0.405585		
GCA_025175645.1	GCA_900475975.1	inter_genus	Peribacillus	Streptococcus	723	5594	621	1779	18.2287	0.372583		
GCA_001642805.2	GCA_023278185.1	inter_genus	Serratia	Bradyrhizobium	1110	4748	1319	8598	18.2002	0.405585		
GCA_021919185.1	GCA_054602315.1	inter_genus	Xanthomonas	Bradyrhizobium	915	3852	1089	7168	18.1851	0.300994		
GCA_034424255.1	GCA_900094605.1	inter_genus	Serratia	Bradyrhizobium	1057	4755	1315	8291	18.1818	0.339586		
GCA_019048805.1	GCA_046118665.1	inter_genus	Citrobacter	Rhizobium	1016	5176	1225	7171	18.1502			
GCA_013087605.1	GCA_019048805.1	inter_genus	Rhizobium	Citrobacter	1198	6988	1008	5176	18.1355			
GCA_001618685.1	GCA_030409215.1	inter_genus	Geobacillus	Halomonas	610	3206	650	3749	18.1165			
GCA_045310675.1	GCA_900475975.1	inter_genus	Clostridium	Streptococcus	496	3443	450	1779	18.1157	0.372583		
GCA_001969825.1	GCA_030406665.1	inter_genus	Bradyrhizobium	Halomonas	1100	7775	890	3257	18.0384	0.372583		
GCA_001618685.1	GCA_030406665.1	inter_genus	Geobacillus	Halomonas	579	3206	585	3257	18.0102			
GCA_001969825.1	GCA_003064125.1	inter_genus	Bradyrhizobium	Xanthomonas	1188	7775	968	4202	18.0012	0.372583		
GCA_001400635.1	GCA_013350005.1	inter_genus	Pseudomonas	Methylocystis	854	5205	746	3705	17.9574			
GCA_001642805.2	GCA_900094605.1	inter_genus	Serratia	Bradyrhizobium	1048	4748	1292	8291	17.9462	0.353280		
GCA_030406665.1	GCA_900094605.1	inter_genus	Halomonas	Bradyrhizobium	909	3257	1163	8291	17.9425	0.320287		
GCA_001401215.1	GCA_013350005.1	inter_genus	Pseudomonas	Methylocystis	860	5215	740	3705	17.9372			
GCA_001969825.1	GCA_042432025.1	inter_genus	Bradyrhizobium	Xanthomonas	1129	7775	953	3852	17.9066	0.306598		
GCA_042647405.1	GCA_900094605.1	inter_genus	Xanthomonas	Bradyrhizobium	976	4138	1246	8291	17.8775	0.339586		
GCA_003443895.1	GCA_013350005.1	inter_genus	Paraburkholderia	Methylocystis	1082	7231	870	3705	17.8493	0.405585		
GCA_000372845.1	GCA_007858165.1	inter_genus	Methylocystis	Pseudomonas	784	3698	897	5724	17.8412	0.372583		
GCA_000382005.1	GCA_001580545.1	inter_genus	Pseudoalteromonas	Paraburkholderia	967	4528	1085	6983	17.8264			
GCA_008386555.1	GCA_013350005.1	inter_genus	Pseudomonas	Methylocystis	855	5389	765	3705	17.8139			
GCA_000372845.1	GCA_008386555.1	inter_genus	Methylocystis	Pseudomonas	767	3698	851	5389	17.8057			
GCA_001969825.1	GCA_021919185.1	inter_genus	Bradyrhizobium	Xanthomonas	1134	7775	933	3852	17.7776	0.312952		
GCA_023278185.1	GCA_042647405.1	inter_genus	Bradyrhizobium	Xanthomonas	1250	8598	1014	4138	17.7764	0.339586		
GCA_045310525.1	GCA_900475975.1	inter_genus	Clostridium	Streptococcus	533	3841	466	1779	17.7758	0.372583		
GCA_000817815.1	GCA_001580545.1	inter_genus	Vibrio	Paraburkholderia	1075	5721	1181	6983	17.7582			
GCA_000181535.1	GCA_013366925.1	inter_genus	Vibrio	Paraburkholderia	1109	5066	1247	8209	17.7476			
GCA_053761065.1	GCA_055396975.1	inter_genus	Enterococcus	Symbiobacterium	515	2637	542	3322	17.7379	0.339586		
GCA_001580545.1	GCA_012641725.1	inter_genus	Paraburkholderia	Pseudoalteromonas	1102	6983	978	4777	17.6871			
GCA_000817815.1	GCA_902459535.1	inter_genus	Vibrio	Paraburkholderia	1090	5721	1214	7307	17.6850			
GCA_042432025.1	GCA_900094605.1	inter_genus	Xanthomonas	Bradyrhizobium	961	3852	1183	8291	17.6563	0.328965		
GCA_003064125.1	GCA_900094605.1	inter_genus	Xanthomonas	Bradyrhizobium	965	4202	1240	8291	17.6499	0.372583		
GCA_000252995.1	GCA_013087605.1	inter_genus	Salmonella	Rhizobium	851	3973	1076	6988	17.5805			
GCA_001544215.1	GCA_055396975.1	inter_genus	Enterococcus	Symbiobacterium	524	2758	542	3322	17.5329	0.339586		
GCA_021919185.1	GCA_900094605.1	inter_genus	Xanthomonas	Bradyrhizobium	931	3852	1198	8291	17.5327	0.339586		
GCA_003064125.1	GCA_023278185.1	inter_genus	Xanthomonas	Bradyrhizobium	988	4202	1252	8598	17.5000	0.353280		
GCA_007858165.1	GCA_013350005.1	inter_genus	Pseudomonas	Methylocystis	881	5724	768	3705	17.4886	0.339586		
GCA_030409215.1	GCA_055396975.1	inter_genus	Halomonas	Symbiobacterium	611	3749	621	3322	17.4233	0.295981		
GCA_000382005.1	GCA_902459535.1	inter_genus	Pseudoalteromonas	Paraburkholderia	974	4528	1084	7307	17.3891			
GCA_012641725.1	GCA_902459535.1	inter_genus	Pseudoalteromonas	Paraburkholderia	1003	4777	1098	7307	17.3866			
GCA_002741985.1	GCA_013366925.1	inter_genus	Vibrio	Paraburkholderia	1022	4574	1199	8209	17.3746			
GCA_000817815.1	GCA_003443895.1	inter_genus	Vibrio	Paraburkholderia	1054	5721	1196	7231	17.3718			
GCA_001618685.1	GCA_902459595.1	inter_genus	Geobacillus	Pandoraea	610	3206	698	4337	17.3406			
GCA_001544215.1	GCA_055383075.1	inter_genus	Enterococcus	Symbiobacterium	525	2758	552	3457	17.3290	0.353280		
GCA_053761065.1	GCA_055383075.1	inter_genus	Enterococcus	Symbiobacterium	519	2637	537	3457	17.3285	0.353280		
GCA_030409215.1	GCA_055383075.1	inter_genus	Halomonas	Symbiobacterium	618	3749	629	3457	17.3050	0.306598		
GCA_023278185.1	GCA_030406665.1	inter_genus	Bradyrhizobium	Halomonas	1151	8598	895	3257	17.2585	0.328965		
GCA_003443895.1	GCA_012641725.1	inter_genus	Paraburkholderia	Pseudoalteromonas	1072	7231	994	4777	17.2052	0.405585		
GCA_001277805.1	GCA_030406665.1	inter_genus	Geobacillus	Halomonas	496	2613	511	3257	17.1550			
GCA_000252995.1	GCA_046118665.1	inter_genus	Salmonella	Rhizobium	838	3973	1070	7171	17.1213			
GCA_006365335.1	GCA_013087605.1	inter_genus	Salmonella	Rhizobium	885	4587	1096	6988	17.1145			
GCA_000382005.1	GCA_003443895.1	inter_genus	Pseudoalteromonas	Paraburkholderia	952	4528	1053	7231	17.0508	0.405585		
GCA_000759735.1	GCA_054602315.1	inter_genus	Citrobacter	Bradyrhizobium	917	4575	1070	7168	16.9207	0.372583		
GCA_030412915.1	GCA_055396975.1	inter_genus	Nocardioides	Symbiobacterium	628	4078	623	3322	16.9054	0.339586		
GCA_030412915.1	GCA_055383075.1	inter_genus	Nocardioides	Symbiobacterium	639	4078	631	3457	16.8547	0.306598		
GCA_006365335.1	GCA_046118665.1	inter_genus	Salmonella	Rhizobium	882	4587	1094	7171	16.8056			
GCA_023278185.1	GCA_042432025.1	inter_genus	Bradyrhizobium	Xanthomonas	1141	8598	950	3852	16.7952	0.328965		
GCA_019930105.1	GCA_055383075.1	inter_genus	Streptococcus	Symbiobacterium	408	1770	469	3457	16.7783	0.353280		
GCA_021919185.1	GCA_023278185.1	inter_genus	Xanthomonas	Bradyrhizobium	928	3852	1159	8598	16.7631	0.312952		
GCA_019930105.1	GCA_055396975.1	inter_genus	Streptococcus	Symbiobacterium	401	1770	451	3322	16.7321	0.339586		
GCA_001618685.1	GCA_902459665.1	inter_genus	Geobacillus	Pandoraea	607	3206	706	4646	16.7219			
GCA_001418025.1	GCA_030406665.1	inter_genus	Anoxybacillus	Halomonas	482	2617	500	3257	16.7177			
GCA_030406665.1	GCA_055383075.1	inter_genus	Halomonas	Symbiobacterium	545	3257	576	3457	16.6965	0.300994		
GCA_030406665.1	GCA_055396975.1	inter_genus	Halomonas	Symbiobacterium	542	3257	553	3322	16.6439	0.300994		
GCA_001277805.1	GCA_030409215.1	inter_genus	Geobacillus	Halomonas	510	2613	548	3749	16.6300			
GCA_014201515.1	GCA_030406665.1	inter_genus	Anoxybacillus	Halomonas	486	2702	502	3257	16.5800			
GCA_000817815.1	GCA_013366925.1	inter_genus	Vibrio	Paraburkholderia	1059	5721	1250	8209	16.5757			
GCA_001618685.1	GCA_039522805.1	inter_genus	Geobacillus	Ralstonia	610	3206	655	4426	16.5749			
GCA_012641725.1	GCA_013366925.1	inter_genus	Pseudoalteromonas	Paraburkholderia	1007	4777	1145	8209	16.5717			
GCA_001642805.2	GCA_024169475.1	inter_genus	Serratia	Peribacillus	765	4748	856	5052	16.5408			
GCA_001618685.1	GCA_001642805.2	inter_genus	Geobacillus	Serratia	631	3206	683	4748	16.5200	0.372583		
GCA_001618685.1	GCA_034424255.1	inter_genus	Geobacillus	Serratia	632	3206	683	4755	16.5180	0.405585		
GCA_000759735.1	GCA_001969825.1	inter_genus	Citrobacter	Bradyrhizobium	931	4575	1108	7775	16.5101			
GCA_000372845.1	GCA_034424255.1	inter_genus	Methylocystis	Serratia	665	3698	729	4755	16.4912	0.405585		
GCA_000759735.1	GCA_001618685.1	inter_genus	Citrobacter	Geobacillus	660	4575	621	3206	16.4632			
GCA_019048805.1	GCA_054602315.1	inter_genus	Citrobacter	Bradyrhizobium	937	5176	1095	7168	16.4614	0.405585		
GCA_001639065.2	GCA_013087605.1	inter_genus	Vibrio	Rhizobium	923	5034	1055	6988	16.4532			
GCA_000759735.1	GCA_024169475.1	inter_genus	Citrobacter	Peribacillus	745	4575	838	5052	16.4433			
GCA_000252995.1	GCA_001618685.1	inter_genus	Salmonella	Geobacillus	585	3973	595	3206	16.4368			
GCA_001639065.2	GCA_046118665.1	inter_genus	Vibrio	Rhizobium	928	5034	1078	7171	16.4359			
GCA_000382005.1	GCA_013366925.1	inter_genus	Pseudoalteromonas	Paraburkholderia	967	4528	1126	8209	16.4324			
GCA_024169475.1	GCA_034424255.1	inter_genus	Peribacillus	Serratia	852	5052	755	4755	16.3863			
GCA_000372845.1	GCA_001642805.2	inter_genus	Methylocystis	Serratia	655	3698	725	4748	16.3391	0.405585		
GCA_000759735.1	GCA_013350005.1	inter_genus	Citrobacter	Methylocystis	699	4575	651	3705	16.3043			
GCA_055383075.1	GCA_902459595.1	inter_genus	Symbiobacterium	Pandoraea	615	3457	655	4337	16.2946	0.339586		
GCA_030412965.1	GCA_055396975.1	inter_genus	Nocardioides	Symbiobacterium	664	4745	648	3322	16.2638	0.328965		
GCA_055383075.1	GCA_900475975.1	inter_genus	Symbiobacterium	Streptococcus	458	3457	393	1779	16.2529	0.353280		
GCA_001642805.2	GCA_013350005.1	inter_genus	Serratia	Methylocystis	721	4748	649	3705	16.2073	0.372583		
GCA_000252995.1	GCA_013350005.1	inter_genus	Salmonella	Methylocystis	627	3973	615	3705	16.1761			
GCA_013350005.1	GCA_034424255.1	inter_genus	Methylocystis	Serratia	649	3705	719	4755	16.1702	0.372583		
GCA_055396975.1	GCA_902459595.1	inter_genus	Symbiobacterium	Pandoraea	593	3322	644	4337	16.1509	0.339586		
GCA_000252995.1	GCA_054602315.1	inter_genus	Salmonella	Bradyrhizobium	823	3973	976	7168	16.1476	0.405585		
GCA_030412965.1	GCA_055383075.1	inter_genus	Nocardioides	Symbiobacterium	667	4745	653	3457	16.0936	0.372583		
GCA_055396975.1	GCA_900475975.1	inter_genus	Symbiobacterium	Streptococcus	435	3322	385	1779	16.0753	0.339586		
GCA_001418025.1	GCA_030409215.1	inter_genus	Anoxybacillus	Halomonas	495	2617	526	3749	16.0383			
GCA_000759735.1	GCA_055396975.1	inter_genus	Citrobacter	Symbiobacterium	640	4575	626	3322	16.0314			
GCA_000759735.1	GCA_900094605.1	inter_genus	Citrobacter	Bradyrhizobium	932	4575	1127	8291	16.0034	0.372583		
GCA_000759735.1	GCA_055383075.1	inter_genus	Citrobacter	Symbiobacterium	626	4575	658	3457	15.9861			
GCA_014201515.1	GCA_030409215.1	inter_genus	Anoxybacillus	Halomonas	497	2702	534	3749	15.9820			
GCA_001400635.1	GCA_001618685.1	inter_genus	Pseudomonas	Geobacillus	729	5205	612	3206	15.9434			
GCA_001618685.1	GCA_021173085.2	inter_genus	Geobacillus	Ralstonia	616	3206	663	4826	15.9238			
GCA_013087605.1	GCA_021390235.1	inter_genus	Rhizobium	Streptomyces	1263	6988	1182	8369	15.9211	0.353280		
GCA_001969825.1	GCA_019048805.1	inter_genus	Bradyrhizobium	Citrobacter	1111	7775	949	5176	15.9061			
GCA_001618685.1	GCA_958405935.1	inter_genus	Geobacillus	Ralstonia	619	3206	680	4962	15.9035			
GCA_000252995.1	GCA_000372845.1	inter_genus	Salmonella	Methylocystis	617	3973	598	3698	15.8389			
GCA_055383075.1	GCA_902459665.1	inter_genus	Symbiobacterium	Pandoraea	617	3457	666	4646	15.8336	0.339586		
GCA_001401215.1	GCA_001618685.1	inter_genus	Pseudomonas	Geobacillus	724	5215	607	3206	15.8057			
GCA_001580545.1	GCA_020404845.1	inter_genus	Paraburkholderia	Streptomyces	1157	6983	1094	7263	15.8009	0.372583		
GCA_000372845.1	GCA_000759735.1	inter_genus	Methylocystis	Citrobacter	633	3698	671	4575	15.7621			
GCA_000759735.1	GCA_023278185.1	inter_genus	Citrobacter	Bradyrhizobium	937	4575	1139	8598	15.7595			
GCA_000252995.1	GCA_024169475.1	inter_genus	Salmonella	Peribacillus	649	3973	773	5052	15.7562			
GCA_013087605.1	GCA_014656275.1	inter_genus	Rhizobium	Streptomyces	1254	6988	1264	8995	15.7542	0.353280		
GCA_001618685.1	GCA_006365335.1	inter_genus	Geobacillus	Salmonella	611	3206	614	4587	15.7192			
GCA_001418655.1	GCA_013087605.1	inter_genus	Streptomyces	Rhizobium	1314	9368	1255	6988	15.7068	0.353280		
GCA_000181535.1	GCA_013087605.1	inter_genus	Vibrio	Rhizobium	889	5066	1003	6988	15.6960			
GCA_000181535.1	GCA_046118665.1	inter_genus	Vibrio	Rhizobium	889	5066	1031	7171	15.6901			
GCA_055396975.1	GCA_902459665.1	inter_genus	Symbiobacterium	Pandoraea	592	3322	658	4646	15.6878	0.339586		
GCA_039522805.1	GCA_055396975.1	inter_genus	Ralstonia	Symbiobacterium	615	4426	599	3322	15.6686	0.353280		
GCA_003443895.1	GCA_021390235.1	inter_genus	Paraburkholderia	Streptomyces	1242	7231	1202	8369	15.6667	0.339586		
GCA_006365335.1	GCA_054602315.1	inter_genus	Salmonella	Bradyrhizobium	838	4587	1003	7168	15.6614	0.372583		
GCA_019048805.1	GCA_900094605.1	inter_genus	Citrobacter	Bradyrhizobium	942	5176	1166	8291	15.6531	0.405585		
GCA_000252995.1	GCA_055396975.1	inter_genus	Salmonella	Symbiobacterium	556	3973	584	3322	15.6271	0.405585		
GCA_006365335.1	GCA_013350005.1	inter_genus	Salmonella	Methylocystis	658	4587	637	3705	15.6175	0.405585		
GCA_001642805.2	GCA_025175645.1	inter_genus	Serratia	Peribacillus	750	4748	865	5594	15.6159			
GCA_039522805.1	GCA_055383075.1	inter_genus	Ralstonia	Symbiobacterium	615	4426	616	3457	15.6159	0.339586		
GCA_019048805.1	GCA_024169475.1	inter_genus	Citrobacter	Peribacillus	754	5176	843	5052	15.6140			
GCA_001618685.1	GCA_008386555.1	inter_genus	Geobacillus	Pseudomonas	632	3206	710	5389	15.6137			
GCA_000759735.1	GCA_025175645.1	inter_genus	Citrobacter	Peribacillus	734	4575	851	5594	15.5866			
GCA_013366925.1	GCA_021390235.1	inter_genus	Paraburkholderia	Streptomyces	1337	8209	1246	8369	15.5809	0.372583		
GCA_001618685.1	GCA_023955645.1	inter_genus	Geobacillus	Ralstonia	618	3206	681	5136	15.5718			
GCA_001618685.1	GCA_019048805.1	inter_genus	Geobacillus	Citrobacter	629	3206	676	5176	15.5691			
GCA_001580545.1	GCA_021390235.1	inter_genus	Paraburkholderia	Streptomyces	1191	6983	1189	8369	15.5029	0.372583		
GCA_019048805.1	GCA_023278185.1	inter_genus	Citrobacter	Bradyrhizobium	962	5176	1172	8598	15.4930			
GCA_000372845.1	GCA_006365335.1	inter_genus	Methylocystis	Salmonella	629	3698	652	4587	15.4617	0.405585		
GCA_025175645.1	GCA_902459595.1	inter_genus	Peribacillus	Pandoraea	815	5594	720	4337	15.4567	0.405585		
GCA_020404845.1	GCA_902459535.1	inter_genus	Streptomyces	Paraburkholderia	1113	7263	1137	7307	15.4427	0.405585		
GCA_001618685.1	GCA_030412915.1	inter_genus	Geobacillus	Nocardioides	545	3206	579	4078	15.4311	0.372583		
GCA_021390235.1	GCA_902459535.1	inter_genus	Streptomyces	Paraburkholderia	1218	8369	1199	7307	15.4185	0.328965		
GCA_902459535.1	GCA_963924095.1	inter_genus	Paraburkholderia	Streptomyces	1145	7307	1097	7236	15.4164	0.339586		
GCA_000252995.1	GCA_014201515.1	inter_genus	Salmonella	Anoxybacillus	520	3973	508	2702	15.4007			
GCA_024169475.1	GCA_902459595.1	inter_genus	Peribacillus	Pandoraea	747	5052	698	4337	15.3904	0.405585		
GCA_000252995.1	GCA_001969825.1	inter_genus	Salmonella	Bradyrhizobium	817	3973	991	7775	15.3899			
GCA_013087605.1	GCA_016598615.1	inter_genus	Rhizobium	Streptomyces	1268	6988	1306	9740	15.3874	0.372583		
GCA_001580545.1	GCA_027947575.1	inter_genus	Paraburkholderia	Streptomyces	1133	6983	1063	7298	15.3771	0.328965		
GCA_001618685.1	GCA_007858165.1	inter_genus	Geobacillus	Pseudomonas	630	3206	740	5724	15.3415			
GCA_000252995.1	GCA_001418025.1	inter_genus	Salmonella	Anoxybacillus	514	3973	497	2617	15.3414			
GCA_013366925.1	GCA_014656275.1	inter_genus	Paraburkholderia	Streptomyces	1326	8209	1312	8995	15.3336	0.339586		
GCA_001580545.1	GCA_014656275.1	inter_genus	Paraburkholderia	Streptomyces	1193	6983	1257	8995	15.3336	0.328965		
GCA_001580545.1	GCA_025642175.1	inter_genus	Paraburkholderia	Streptomyces	1132	6983	1062	7338	15.3202	0.353280		
GCA_025175645.1	GCA_034424255.1	inter_genus	Peribacillus	Serratia	850	5594	734	4755	15.3058			
GCA_003443895.1	GCA_020404845.1	inter_genus	Paraburkholderia	Streptomyces	1143	7231	1073	7263	15.2891	0.328965		
GCA_013087605.1	GCA_042430785.1	inter_genus	Rhizobium	Streptomyces	1148	6988	1037	7315	15.2765	0.339586		
GCA_001642805.2	GCA_055383075.1	inter_genus	Serratia	Symbiobacterium	629	4748	624	3457	15.2712			
GCA_013087605.1	GCA_020404845.1	inter_genus	Rhizobium	Streptomyces	1150	6988	1025	7263	15.2621	0.339586		
GCA_003443895.1	GCA_014656275.1	inter_genus	Paraburkholderia	Streptomyces	1216	7231	1260	8995	15.2595	0.353280		
GCA_000759735.1	GCA_014201515.1	inter_genus	Citrobacter	Anoxybacillus	576	4575	533	2702	15.2398			
GCA_001618685.1	GCA_001639065.2	inter_genus	Geobacillus	Vibrio	595	3206	658	5034	15.2063			
GCA_013366925.1	GCA_042430785.1	inter_genus	Paraburkholderia	Streptomyces	1263	8209	1097	7315	15.2023	0.405585		
GCA_013366925.1	GCA_020404845.1	inter_genus	Paraburkholderia	Streptomyces	1245	8209	1107	7263	15.2017	0.339586		
GCA_001969825.1	GCA_006365335.1	inter_genus	Bradyrhizobium	Salmonella	1026	7775	852	4587	15.1917			
GCA_042433635.1	GCA_055396975.1	inter_genus	Streptomyces	Symbiobacterium	801	6482	688	3322	15.1877	0.339586		
GCA_001580545.1	GCA_963924095.1	inter_genus	Paraburkholderia	Streptomyces	1116	6983	1043	7236	15.1839	0.372583		
GCA_000252995.1	GCA_055383075.1	inter_genus	Salmonella	Symbiobacterium	543	3973	585	3457	15.1817			
GCA_006365335.1	GCA_024169475.1	inter_genus	Salmonella	Peribacillus	669	4587	794	5052	15.1779			
GCA_014656275.1	GCA_902459535.1	inter_genus	Streptomyces	Paraburkholderia	1281	8995	1192	7307	15.1699	0.328965		
GCA_000252995.1	GCA_001277805.1	inter_genus	Salmonella	Geobacillus	505	3973	493	2613	15.1534			
GCA_001418655.1	GCA_001580545.1	inter_genus	Streptomyces	Paraburkholderia	1280	9368	1196	6983	15.1428	0.339586		
GCA_000759735.1	GCA_001418025.1	inter_genus	Citrobacter	Anoxybacillus	570	4575	518	2617	15.1279	0.405585		
GCA_001580545.1	GCA_016598615.1	inter_genus	Paraburkholderia	Streptomyces	1224	6983	1305	9740	15.1229	0.353280		
GCA_006365335.1	GCA_055396975.1	inter_genus	Salmonella	Symbiobacterium	585	4587	611	3322	15.1220			
GCA_001580545.1	GCA_042430785.1	inter_genus	Paraburkholderia	Streptomyces	1122	6983	1040	7315	15.1210	0.353280		
GCA_001418655.1	GCA_046118665.1	inter_genus	Streptomyces	Rhizobium	1282	9368	1217	7171	15.1097	0.339586		
GCA_021390235.1	GCA_046118665.1	inter_genus	Streptomyces	Rhizobium	1141	8369	1207	7171	15.1094	0.353280		
GCA_021173085.2	GCA_963924095.1	inter_genus	Ralstonia	Streptomyces	866	4826	956	7236	15.1053	0.405585		
GCA_001418655.1	GCA_003443895.1	inter_genus	Streptomyces	Paraburkholderia	1300	9368	1207	7231	15.1033	0.372583		
GCA_001580545.1	GCA_042433635.1	inter_genus	Paraburkholderia	Streptomyces	1077	6983	955	6482	15.0910	0.405585		
GCA_013087605.1	GCA_027947575.1	inter_genus	Rhizobium	Streptomyces	1135	6988	1020	7298	15.0847	0.353280		
GCA_013087605.1	GCA_042653945.1	inter_genus	Rhizobium	Streptomyces	1309	6988	1360	10714	15.0774	0.372583		
GCA_024169475.1	GCA_039522805.1	inter_genus	Peribacillus	Ralstonia	752	5052	677	4426	15.0770	0.372583		
GCA_003443895.1	GCA_042430785.1	inter_genus	Paraburkholderia	Streptomyces	1144	7231	1048	7315	15.0694			
GCA_013350005.1	GCA_019048805.1	inter_genus	Methylocystis	Citrobacter	643	3705	694	5176	15.0546			
GCA_000759735.1	GCA_001277805.1	inter_genus	Citrobacter	Geobacillus	563	4575	519	2613	15.0529			
GCA_027947575.1	GCA_902459535.1	inter_genus	Streptomyces	Paraburkholderia	1081	7298	1117	7307	15.0496	0.372583		
GCA_025642175.1	GCA_902459535.1	inter_genus	Streptomyces	Paraburkholderia	1089	7338	1115	7307	15.0495	0.405585		
GCA_008386555.1	GCA_024169475.1	inter_genus	Pseudomonas	Peribacillus	763	5389	808	5052	15.0465	0.405585		
GCA_003443895.1	GCA_027947575.1	inter_genus	Paraburkholderia	Streptomyces	1147	7231	1038	7298	15.0389	0.339586		
GCA_014656275.1	GCA_046118665.1	inter_genus	Streptomyces	Rhizobium	1223	8995	1207	7171	15.0315	0.339586		
GCA_001642805.2	GCA_055396975.1	inter_genus	Serratia	Symbiobacterium	612	4748	601	3322	15.0310	0.405585		
GCA_001618685.1	GCA_030412965.1	inter_genus	Geobacillus	Nocardioides	576	3206	619	4745	15.0296	0.405585		
GCA_003443895.1	GCA_016598615.1	inter_genus	Paraburkholderia	Streptomyces	1236	7231	1312	9740	15.0138	0.405585		
GCA_020404845.1	GCA_055396975.1	inter_genus	Streptomyces	Symbiobacterium	859	7263	730	3322	15.0118	0.339586		
GCA_025175645.1	GCA_902459665.1	inter_genus	Peribacillus	Pandoraea	819	5594	717	4646	15.0000	0.405585		
GCA_001418655.1	GCA_013366925.1	inter_genus	Streptomyces	Paraburkholderia	1337	9368	1299	8209	14.9969	0.328965		
GCA_019048805.1	GCA_025175645.1	inter_genus	Citrobacter	Peribacillus	751	5176	864	5594	14.9954			
GCA_003443895.1	GCA_025642175.1	inter_genus	Paraburkholderia	Streptomyces	1125	7231	1058	7338	14.9839	0.405585		
GCA_006365335.1	GCA_055383075.1	inter_genus	Salmonella	Symbiobacterium	578	4587	627	3457	14.9801			
GCA_013366925.1	GCA_025642175.1	inter_genus	Paraburkholderia	Streptomyces	1235	8209	1091	7338	14.9611	0.353280		
GCA_013366925.1	GCA_042653945.1	inter_genus	Paraburkholderia	Streptomyces	1393	8209	1436	10714	14.9501	0.339586		
GCA_013366925.1	GCA_963924095.1	inter_genus	Paraburkholderia	Streptomyces	1208	8209	1101	7236	14.9498	0.372583		
GCA_042433635.1	GCA_055383075.1	inter_genus	Streptomyces	Symbiobacterium	788	6482	697	3457	14.9411	0.372583		
GCA_000252995.1	GCA_900094605.1	inter_genus	Salmonella	Bradyrhizobium	810	3973	1022	8291	14.9380	0.405585		
GCA_013087605.1	GCA_025642175.1	inter_genus	Rhizobium	Streptomyces	1137	6988	1003	7338	14.9379	0.405585		
GCA_019048805.1	GCA_055396975.1	inter_genus	Citrobacter	Symbiobacterium	640	5176	629	3322	14.9329			
GCA_034424255.1	GCA_055396975.1	inter_genus	Serratia	Symbiobacterium	610	4755	596	3322	14.9313	0.405585		
GCA_016598615.1	GCA_902459535.1	inter_genus	Streptomyces	Paraburkholderia	1323	9740	1222	7307	14.9293	0.339586		
GCA_039522805.1	GCA_963924095.1	inter_genus	Ralstonia	Streptomyces	833	4426	907	7236	14.9203	0.353280		
GCA_019048805.1	GCA_055383075.1	inter_genus	Citrobacter	Symbiobacterium	630	5176	658	3457	14.9195			
GCA_001277805.1	GCA_001642805.2	inter_genus	Geobacillus	Serratia	523	2613	575	4748	14.9165			
GCA_013366925.1	GCA_016598615.1	inter_genus	Paraburkholderia	Streptomyces	1331	8209	1346	9740	14.9145	0.339586		
GCA_034424255.1	GCA_055383075.1	inter_genus	Serratia	Symbiobacterium	615	4755	609	3457	14.9050			
GCA_001418655.1	GCA_902459535.1	inter_genus	Streptomyces	Paraburkholderia	1302	9368	1182	7307	14.8966	0.328965		
GCA_001618685.1	GCA_042432025.1	inter_genus	Geobacillus	Xanthomonas	534	3206	516	3852	14.8767			
GCA_013366925.1	GCA_027947575.1	inter_genus	Paraburkholderia	Streptomyces	1215	8209	1090	7298	14.8643	0.320287		
GCA_042430785.1	GCA_902459535.1	inter_genus	Streptomyces	Paraburkholderia	1060	7315	1112	7307	14.8543	0.372583		
GCA_021173085.2	GCA_055396975.1	inter_genus	Ralstonia	Symbiobacterium	612	4826	598	3322	14.8503	0.339586		
GCA_001277805.1	GCA_034424255.1	inter_genus	Geobacillus	Serratia	522	2613	572	4755	14.8480			
GCA_002741985.1	GCA_046118665.1	inter_genus	Vibrio	Rhizobium	787	4574	956	7171	14.8404			
GCA_021173085.2	GCA_021390235.1	inter_genus	Ralstonia	Streptomyces	894	4826	1064	8369	14.8390	0.405585		
GCA_024169475.1	GCA_902459665.1	inter_genus	Peribacillus	Pandoraea	745	5052	694	4646	14.8381	0.405585		
GCA_021173085.2	GCA_055383075.1	inter_genus	Ralstonia	Symbiobacterium	609	4826	620	3457	14.8376	0.328965		
GCA_042433635.1	GCA_902459535.1	inter_genus	Streptomyces	Paraburkholderia	978	6482	1067	7307	14.8307			
GCA_002741985.1	GCA_013087605.1	inter_genus	Vibrio	Rhizobium	782	4574	932	6988	14.8244			
GCA_023955645.1	GCA_963924095.1	inter_genus	Ralstonia	Streptomyces	886	5136	945	7236	14.7995	0.372583		
GCA_003443895.1	GCA_963924095.1	inter_genus	Paraburkholderia	Streptomyces	1121	7231	1020	7236	14.7992	0.339586		
GCA_027947575.1	GCA_055396975.1	inter_genus	Streptomyces	Symbiobacterium	848	7298	723	3322	14.7928	0.306598		
GCA_001418025.1	GCA_902459595.1	inter_genus	Anoxybacillus	Pandoraea	463	2617	565	4337	14.7829			
GCA_021173085.2	GCA_025642175.1	inter_genus	Ralstonia	Streptomyces	850	4826	948	7338	14.7813			
GCA_000252995.1	GCA_023278185.1	inter_genus	Salmonella	Bradyrhizobium	826	3973	1032	8598	14.7800			
GCA_016598615.1	GCA_046118665.1	inter_genus	Streptomyces	Rhizobium	1266	9740	1233	7171	14.7774	0.405585		
GCA_003443895.1	GCA_042433635.1	inter_genus	Paraburkholderia	Streptomyces	1072	7231	951	6482	14.7524	0.372583		
GCA_025642175.1	GCA_039522805.1	inter_genus	Streptomyces	Ralstonia	915	7338	819	4426	14.7399	0.372583		
GCA_007858165.1	GCA_024169475.1	inter_genus	Pseudomonas	Peribacillus	776	5724	812	5052	14.7365	0.405585		
GCA_000372845.1	GCA_019048805.1	inter_genus	Methylocystis	Citrobacter	632	3698	675	5176	14.7284			
GCA_000252995.1	GCA_025175645.1	inter_genus	Salmonella	Peribacillus	631	3973	778	5594	14.7277			
GCA_023955645.1	GCA_025642175.1	inter_genus	Ralstonia	Streptomyces	877	5136	960	7338	14.7266	0.405585		
GCA_021390235.1	GCA_023955645.1	inter_genus	Streptomyces	Ralstonia	1074	8369	913	5136	14.7131	0.372583		
GCA_006365335.1	GCA_900094605.1	inter_genus	Salmonella	Bradyrhizobium	845	4587	1048	8291	14.6995	0.405585		
GCA_023955645.1	GCA_055383075.1	inter_genus	Ralstonia	Symbiobacterium	631	5136	631	3457	14.6864	0.339586		
GCA_008386555.1	GCA_025175645.1	inter_genus	Pseudomonas	Peribacillus	767	5389	846	5594	14.6863	0.405585		
GCA_023955645.1	GCA_055396975.1	inter_genus	Ralstonia	Symbiobacterium	628	5136	614	3322	14.6843	0.339586		
GCA_055396975.1	GCA_958405935.1	inter_genus	Symbiobacterium	Ralstonia	599	3322	617	4962	14.6789	0.353280		
GCA_001618685.1	GCA_021919185.1	inter_genus	Geobacillus	Xanthomonas	528	3206	508	3852	14.6784	0.405585		
GCA_001401215.1	GCA_055396975.1	inter_genus	Pseudomonas	Symbiobacterium	657	5215	595	3322	14.6656	0.353280		
GCA_001400635.1	GCA_024169475.1	inter_genus	Pseudomonas	Peribacillus	742	5205	762	5052	14.6632	0.405585		
GCA_027947575.1	GCA_046118665.1	inter_genus	Streptomyces	Rhizobium	1010	7298	1111	7171	14.6589	0.339586		
GCA_055383075.1	GCA_958405935.1	inter_genus	Symbiobacterium	Ralstonia	615	3457	619	4962	14.6573	0.353280		
GCA_001580545.1	GCA_042653945.1	inter_genus	Paraburkholderia	Streptomyces	1227	6983	1366	10714	14.6522	0.372583		
GCA_013366925.1	GCA_042433635.1	inter_genus	Paraburkholderia	Streptomyces	1166	8209	985	6482	14.6416	0.372583		
GCA_001618685.1	GCA_002741985.1	inter_genus	Geobacillus	Vibrio	549	3206	590	4574	14.6401			
GCA_013087605.1	GCA_014873915.1	inter_genus	Rhizobium	Amycolatopsis	1190	6988	1092	8602	14.6376	0.372583		
GCA_001277805.1	GCA_902459595.1	inter_genus	Geobacillus	Pandoraea	479	2613	538	4337	14.6331			
GCA_020404845.1	GCA_055383075.1	inter_genus	Streptomyces	Symbiobacterium	845	7263	723	3457	14.6269	0.372583		
GCA_023955645.1	GCA_042430785.1	inter_genus	Ralstonia	Streptomyces	858	5136	963	7315	14.6253	0.405585		
GCA_001401215.1	GCA_024169475.1	inter_genus	Pseudomonas	Peribacillus	742	5215	759	5052	14.6197	0.405585		
GCA_014201515.1	GCA_902459595.1	inter_genus	Anoxybacillus	Pandoraea	466	2702	563	4337	14.6186			
GCA_006365335.1	GCA_023278185.1	inter_genus	Salmonella	Bradyrhizobium	862	4587	1065	8598	14.6151			
GCA_001400635.1	GCA_055396975.1	inter_genus	Pseudomonas	Symbiobacterium	655	5205	591	3322	14.6124	0.353280		
GCA_001580545.1	GCA_014873915.1	inter_genus	Paraburkholderia	Amycolatopsis	1184	6983	1091	8602	14.5974	0.372583		
GCA_021173085.2	GCA_042430785.1	inter_genus	Ralstonia	Streptomyces	827	4826	945	7315	14.5952	0.372583		
GCA_021390235.1	GCA_039522805.1	inter_genus	Streptomyces	Ralstonia	1014	8369	853	4426	14.5916	0.405585		
GCA_024169475.1	GCA_030409215.1	inter_genus	Peribacillus	Halomonas	675	5052	609	3749	14.5893	0.405585		
GCA_020404845.1	GCA_039522805.1	inter_genus	Streptomyces	Ralstonia	902	7263	803	4426	14.5864	0.339586		
GCA_020404845.1	GCA_021173085.2	inter_genus	Streptomyces	Ralstonia	932	7263	831	4826	14.5835	0.372583		
GCA_020404845.1	GCA_046118665.1	inter_genus	Streptomyces	Rhizobium	995	7263	1109	7171	14.5767	0.339586		
GCA_006365335.1	GCA_025175645.1	inter_genus	Salmonella	Peribacillus	678	4587	806	5594	14.5762			
GCA_030406665.1	GCA_030412915.1	inter_genus	Halomonas	Nocardioides	524	3257	545	4078	14.5740	0.306598		
GCA_025175645.1	GCA_039522805.1	inter_genus	Peribacillus	Ralstonia	782	5594	678	4426	14.5709	0.372583		
GCA_021173085.2	GCA_027947575.1	inter_genus	Ralstonia	Streptomyces	832	4826	934	7298	14.5661	0.353280		
GCA_013087605.1	GCA_963924095.1	inter_genus	Rhizobium	Streptomyces	1088	6988	983	7236	14.5599	0.339586		
GCA_042653945.1	GCA_902459535.1	inter_genus	Streptomyces	Paraburkholderia	1406	10714	1217	7307	14.5552	0.372583		
GCA_042430785.1	GCA_046118665.1	inter_genus	Streptomyces	Rhizobium	1000	7315	1108	7171	14.5520	0.339586		
GCA_055396975.1	GCA_963924095.1	inter_genus	Symbiobacterium	Streptomyces	717	3322	819	7236	14.5482	0.320287		
GCA_042430785.1	GCA_055396975.1	inter_genus	Streptomyces	Symbiobacterium	842	7315	704	3322	14.5342	0.353280		
GCA_039522805.1	GCA_042430785.1	inter_genus	Ralstonia	Streptomyces	801	4426	905	7315	14.5303	0.339586		
GCA_023955645.1	GCA_024169475.1	inter_genus	Ralstonia	Peribacillus	706	5136	774	5052	14.5269	0.372583		
GCA_014873915.1	GCA_902459535.1	inter_genus	Amycolatopsis	Paraburkholderia	1121	8602	1190	7307	14.5264	0.328965		
GCA_001580545.1	GCA_042431885.1	inter_genus	Paraburkholderia	Streptomyces	1080	6983	1026	7515	14.5261	0.353280		
GCA_003443895.1	GCA_014873915.1	inter_genus	Paraburkholderia	Amycolatopsis	1187	7231	1110	8602	14.5077	0.353280		
GCA_021390235.1	GCA_958405935.1	inter_genus	Streptomyces	Ralstonia	1045	8369	886	4962	14.4850			
GCA_958405935.1	GCA_963924095.1	inter_genus	Ralstonia	Streptomyces	846	4962	920	7236	14.4778	0.405585		
GCA_042653945.1	GCA_046118665.1	inter_genus	Streptomyces	Rhizobium	1335	10714	1254	7171	14.4758	0.372583		
GCA_013087605.1	GCA_042433635.1	inter_genus	Rhizobium	Streptomyces	1042	6988	907	6482	14.4692	0.353280		
GCA_001580545.1	GCA_001618685.1	inter_genus	Paraburkholderia	Geobacillus	813	6983	661	3206	14.4666	0.405585		
GCA_030409215.1	GCA_030412915.1	inter_genus	Halomonas	Nocardioides	565	3749	567	4078	14.4628	0.320287		
GCA_001969825.1	GCA_021390235.1	inter_genus	Bradyrhizobium	Streptomyces	1165	7775	1169	8369	14.4574	0.353280		
GCA_025642175.1	GCA_055396975.1	inter_genus	Streptomyces	Symbiobacterium	828	7338	713	3322	14.4559	0.372583		
GCA_020404845.1	GCA_023955645.1	inter_genus	Streptomyces	Ralstonia	943	7263	849	5136	14.4528	0.372583		
GCA_001182745.2	GCA_001580545.1	inter_genus	Nocardia	Paraburkholderia	872	6046	1011	6983	14.4524	0.372583		
GCA_021173085.2	GCA_024169475.1	inter_genus	Ralstonia	Peribacillus	678	4826	748	5052	14.4361	0.372583		
GCA_001418025.1	GCA_001642805.2	inter_genus	Anoxybacillus	Serratia	498	2617	565	4748	14.4331			
GCA_006365335.1	GCA_014201515.1	inter_genus	Salmonella	Anoxybacillus	536	4587	516	2702	14.4327			
GCA_001277805.1	GCA_042432025.1	inter_genus	Geobacillus	Xanthomonas	468	2613	465	3852	14.4316	0.405585		
GCA_024169475.1	GCA_030406665.1	inter_genus	Peribacillus	Halomonas	643	5052	556	3257	14.4301	0.405585		
GCA_001618685.1	GCA_902459535.1	inter_genus	Geobacillus	Paraburkholderia	654	3206	863	7307	14.4298			
GCA_001418025.1	GCA_006365335.1	inter_genus	Anoxybacillus	Salmonella	510	2617	529	4587	14.4225			
GCA_001969825.1	GCA_014656275.1	inter_genus	Bradyrhizobium	Streptomyces	1191	7775	1227	8995	14.4186	0.353280		
GCA_025642175.1	GCA_958405935.1	inter_genus	Streptomyces	Ralstonia	931	7338	841	4962	14.4065	0.405585		
GCA_008386555.1	GCA_055396975.1	inter_genus	Pseudomonas	Symbiobacterium	653	5389	601	3322	14.3956	0.372583		
GCA_024169475.1	GCA_958405935.1	inter_genus	Peribacillus	Ralstonia	753	5052	688	4962	14.3899	0.372583		
GCA_008386555.1	GCA_055383075.1	inter_genus	Pseudomonas	Symbiobacterium	654	5389	618	3457	14.3794	0.339586		
GCA_021173085.2	GCA_042433635.1	inter_genus	Ralstonia	Streptomyces	784	4826	842	6482	14.3792	0.339586		
GCA_001639065.2	GCA_054602315.1	inter_genus	Vibrio	Bradyrhizobium	838	5034	915	7168	14.3665			
GCA_055383075.1	GCA_963924095.1	inter_genus	Symbiobacterium	Streptomyces	726	3457	810	7236	14.3645	0.353280		
GCA_001277805.1	GCA_006365335.1	inter_genus	Geobacillus	Salmonella	505	2613	529	4587	14.3611			
GCA_039522805.1	GCA_042433635.1	inter_genus	Ralstonia	Streptomyces	750	4426	815	6482	14.3473	0.339586		
GCA_023955645.1	GCA_027947575.1	inter_genus	Ralstonia	Streptomyces	844	5136	939	7298	14.3397	0.372583		
GCA_001612785.1	GCA_902459535.1	inter_genus	Nocardia	Paraburkholderia	963	6744	1051	7307	14.3335	0.372583		
GCA_001401215.1	GCA_055383075.1	inter_genus	Pseudomonas	Symbiobacterium	653	5215	590	3457	14.3335	0.353280		
GCA_020404845.1	GCA_958405935.1	inter_genus	Streptomyces	Ralstonia	918	7263	834	4962	14.3313	0.339586		
GCA_007858165.1	GCA_025175645.1	inter_genus	Pseudomonas	Peribacillus	781	5724	841	5594	14.3312	0.405585		
GCA_001969825.1	GCA_014873915.1	inter_genus	Bradyrhizobium	Amycolatopsis	1172	7775	1175	8602	14.3311	0.372583		
GCA_001400635.1	GCA_055383075.1	inter_genus	Pseudomonas	Symbiobacterium	650	5205	591	3457	14.3269	0.372583		
GCA_001182745.2	GCA_039522805.1	inter_genus	Nocardia	Ralstonia	762	6046	738	4426	14.3239	0.339586		
GCA_027947575.1	GCA_958405935.1	inter_genus	Streptomyces	Ralstonia	918	7298	838	4962	14.3230	0.372583		
GCA_027947575.1	GCA_055383075.1	inter_genus	Streptomyces	Symbiobacterium	827	7298	713	3457	14.3189	0.320287		
GCA_000478275.1	GCA_013087605.1	inter_genus	Amycolatopsis	Rhizobium	1014	8170	1156	6988	14.3159	0.405585		
GCA_001618685.1	GCA_042647405.1	inter_genus	Geobacillus	Xanthomonas	536	3206	515	4138	14.3110			
GCA_001969825.1	GCA_042430785.1	inter_genus	Bradyrhizobium	Streptomyces	1116	7775	1043	7315	14.3075	0.372583		
GCA_001277805.1	GCA_039522805.1	inter_genus	Geobacillus	Ralstonia	480	2613	527	4426	14.3060			
GCA_000478275.1	GCA_003443895.1	inter_genus	Amycolatopsis	Paraburkholderia	1040	8170	1162	7231	14.2978	0.339586		
GCA_023955645.1	GCA_042433635.1	inter_genus	Ralstonia	Streptomyces	805	5136	855	6482	14.2882	0.353280		
GCA_003443895.1	GCA_042653945.1	inter_genus	Paraburkholderia	Streptomyces	1212	7231	1352	10714	14.2881	0.353280		
GCA_042430785.1	GCA_958405935.1	inter_genus	Streptomyces	Ralstonia	928	7315	826	4962	14.2869			
GCA_042431885.1	GCA_902459535.1	inter_genus	Streptomyces	Paraburkholderia	1034	7515	1083	7307	14.2828	0.372583		
GCA_001642805.2	GCA_014201515.1	inter_genus	Serratia	Anoxybacillus	560	4748	504	2702	14.2819			
GCA_001418025.1	GCA_034424255.1	inter_genus	Anoxybacillus	Serratia	498	2617	554	4755	14.2702			
GCA_001969825.1	GCA_016598615.1	inter_genus	Bradyrhizobium	Streptomyces	1224	7775	1268	9740	14.2278	0.405585		
GCA_001580545.1	GCA_001612785.1	inter_genus	Paraburkholderia	Nocardia	1022	6983	931	6744	14.2274	0.405585		
GCA_027947575.1	GCA_039522805.1	inter_genus	Streptomyces	Ralstonia	873	7298	795	4426	14.2272	0.353280		
GCA_000817815.1	GCA_046118665.1	inter_genus	Vibrio	Rhizobium	834	5721	1000	7171	14.2259			
GCA_014201515.1	GCA_019048805.1	inter_genus	Anoxybacillus	Citrobacter	535	2702	585	5176	14.2168			
GCA_030409215.1	GCA_030412965.1	inter_genus	Halomonas	Nocardioides	601	3749	606	4745	14.2100	0.328965		
GCA_001618685.1	GCA_042433635.1	inter_genus	Geobacillus	Streptomyces	620	3206	756	6482	14.2031			
GCA_014201515.1	GCA_034424255.1	inter_genus	Anoxybacillus	Serratia	503	2702	556	4755	14.2014			
GCA_001418655.1	GCA_001969825.1	inter_genus	Streptomyces	Bradyrhizobium	1265	9368	1168	7775	14.1924	0.353280		
GCA_001418025.1	GCA_019048805.1	inter_genus	Anoxybacillus	Citrobacter	524	2617	582	5176	14.1922			
GCA_025642175.1	GCA_046118665.1	inter_genus	Streptomyces	Rhizobium	961	7338	1097	7171	14.1843	0.372583		
GCA_001277805.1	GCA_030412915.1	inter_genus	Geobacillus	Nocardioides	454	2613	495	4078	14.1832	0.405585		
GCA_001401215.1	GCA_025175645.1	inter_genus	Pseudomonas	Peribacillus	744	5215	789	5594	14.1826	0.405585		
GCA_001639065.2	GCA_014201515.1	inter_genus	Vibrio	Anoxybacillus	585	5034	512	2702	14.1805			
GCA_013366925.1	GCA_014873915.1	inter_genus	Paraburkholderia	Amycolatopsis	1271	8209	1112	8602	14.1752	0.372583		
GCA_020404845.1	GCA_902459595.1	inter_genus	Streptomyces	Pandoraea	853	7263	791	4337	14.1724	0.353280		
GCA_001182745.2	GCA_902459535.1	inter_genus	Nocardia	Paraburkholderia	878	6046	1014	7307	14.1691	0.320287		
GCA_042430785.1	GCA_055383075.1	inter_genus	Streptomyces	Symbiobacterium	823	7315	703	3457	14.1664	0.353280		
GCA_025642175.1	GCA_055383075.1	inter_genus	Streptomyces	Symbiobacterium	817	7338	712	3457	14.1640	0.353280		
GCA_007858165.1	GCA_055396975.1	inter_genus	Pseudomonas	Symbiobacterium	680	5724	601	3322	14.1610	0.372583		
GCA_042433635.1	GCA_902459595.1	inter_genus	Streptomyces	Pandoraea	775	6482	755	4337	14.1418	0.372583		
GCA_001401215.1	GCA_042430785.1	inter_genus	Pseudomonas	Streptomyces	867	5215	904	7315	14.1341	0.405585		
GCA_021173085.2	GCA_042431885.1	inter_genus	Ralstonia	Streptomyces	821	4826	923	7515	14.1318	0.372583		
GCA_001418025.1	GCA_001639065.2	inter_genus	Anoxybacillus	Vibrio	506	2617	575	5034	14.1289			
GCA_001612785.1	GCA_001969825.1	inter_genus	Nocardia	Bradyrhizobium	967	6744	1084	7775	14.1263			
GCA_030412965.1	GCA_039522805.1	inter_genus	Nocardioides	Ralstonia	644	4745	651	4426	14.1206	0.372583		
GCA_001969825.1	GCA_025642175.1	inter_genus	Bradyrhizobium	Streptomyces	1107	7775	1027	7338	14.1203	0.353280		
GCA_000478275.1	GCA_001580545.1	inter_genus	Amycolatopsis	Paraburkholderia	1006	8170	1132	6983	14.1094	0.320287		
GCA_000817815.1	GCA_013087605.1	inter_genus	Vibrio	Rhizobium	823	5721	970	6988	14.1081			
GCA_020404845.1	GCA_902459665.1	inter_genus	Streptomyces	Pandoraea	868	7263	812	4646	14.1070	0.339586		
GCA_025175645.1	GCA_030409215.1	inter_genus	Peribacillus	Halomonas	707	5594	610	3749	14.0961	0.405585		
GCA_002741985.1	GCA_014201515.1	inter_genus	Vibrio	Anoxybacillus	537	4574	488	2702	14.0874			
GCA_027947575.1	GCA_902459595.1	inter_genus	Streptomyces	Pandoraea	849	7298	790	4337	14.0868	0.372583		
GCA_001277805.1	GCA_902459665.1	inter_genus	Geobacillus	Pandoraea	479	2613	543	4646	14.0791			
GCA_001969825.1	GCA_020404845.1	inter_genus	Bradyrhizobium	Streptomyces	1070	7775	1047	7263	14.0777	0.328965		
GCA_000478275.1	GCA_902459535.1	inter_genus	Amycolatopsis	Paraburkholderia	1036	8170	1142	7307	14.0725	0.405585		
GCA_023955645.1	GCA_025175645.1	inter_genus	Ralstonia	Peribacillus	703	5136	806	5594	14.0634	0.372583		
GCA_000478275.1	GCA_013366925.1	inter_genus	Amycolatopsis	Paraburkholderia	1057	8170	1246	8209	14.0607	0.353280		
GCA_001277805.1	GCA_001639065.2	inter_genus	Geobacillus	Vibrio	499	2613	576	5034	14.0578			
GCA_001418025.1	GCA_902459665.1	inter_genus	Anoxybacillus	Pandoraea	456	2617	565	4646	14.0576			
GCA_030412915.1	GCA_039522805.1	inter_genus	Nocardioides	Ralstonia	585	4078	610	4426	14.0522	0.372583		
GCA_007858165.1	GCA_055383075.1	inter_genus	Pseudomonas	Symbiobacterium	685	5724	605	3457	14.0508	0.353280		
GCA_013366925.1	GCA_042431885.1	inter_genus	Paraburkholderia	Streptomyces	1167	8209	1042	7515	14.0486	0.353280		
GCA_001400635.1	GCA_025175645.1	inter_genus	Pseudomonas	Peribacillus	733	5205	784	5594	14.0476	0.405585		
GCA_042433635.1	GCA_902459665.1	inter_genus	Streptomyces	Pandoraea	790	6482	773	4646	14.0457	0.372583		
GCA_001182745.2	GCA_021173085.2	inter_genus	Nocardia	Ralstonia	780	6046	747	4826	14.0453	0.353280		
GCA_001182745.2	GCA_023955645.1	inter_genus	Nocardia	Ralstonia	796	6046	774	5136	14.0404	0.372583		
GCA_000181535.1	GCA_001618685.1	inter_genus	Vibrio	Geobacillus	616	5066	545	3206	14.0353			
GCA_023955645.1	GCA_042431885.1	inter_genus	Ralstonia	Streptomyces	847	5136	928	7515	14.0305			
GCA_000478275.1	GCA_001969825.1	inter_genus	Amycolatopsis	Bradyrhizobium	1082	8170	1155	7775	14.0295	0.353280		
GCA_001277805.1	GCA_021919185.1	inter_genus	Geobacillus	Xanthomonas	462	2613	445	3852	14.0294	0.405585		
GCA_001182745.2	GCA_001969825.1	inter_genus	Nocardia	Bradyrhizobium	894	6046	1045	7775	14.0294	0.328965		
GCA_001418025.1	GCA_039522805.1	inter_genus	Anoxybacillus	Ralstonia	464	2617	524	4426	14.0281			
GCA_042433635.1	GCA_958405935.1	inter_genus	Streptomyces	Ralstonia	829	6482	776	4962	14.0248			
GCA_001612785.1	GCA_013366925.1	inter_genus	Nocardia	Paraburkholderia	971	6744	1126	8209	14.0239	0.372583		
GCA_014656275.1	GCA_021173085.2	inter_genus	Streptomyces	Ralstonia	1082	8995	856	4826	14.0221	0.353280		
GCA_902459595.1	GCA_963924095.1	inter_genus	Pandoraea	Streptomyces	796	4337	826	7236	14.0154	0.405585		
GCA_030412915.1	GCA_902459595.1	inter_genus	Nocardioides	Pandoraea	567	4078	612	4337	14.0107	0.339586		
GCA_001580545.1	GCA_025175645.1	inter_genus	Paraburkholderia	Peribacillus	874	6983	885	5594	13.9858	0.372583		
GCA_001182745.2	GCA_902459665.1	inter_genus	Nocardia	Pandoraea	724	6046	771	4646	13.9824	0.353280		
GCA_001277805.1	GCA_019048805.1	inter_genus	Geobacillus	Citrobacter	525	2613	564	5176	13.9813			
GCA_001580545.1	GCA_024169475.1	inter_genus	Paraburkholderia	Peribacillus	859	6983	823	5052	13.9759	0.372583		
GCA_014873915.1	GCA_046118665.1	inter_genus	Amycolatopsis	Rhizobium	1060	8602	1144	7171	13.9732	0.353280		
GCA_027947575.1	GCA_902459665.1	inter_genus	Streptomyces	Pandoraea	864	7298	804	4646	13.9652	0.320287		
GCA_013350005.1	GCA_055383075.1	inter_genus	Methylocystis	Symbiobacterium	470	3705	530	3457	13.9626	0.372583		
GCA_000372845.1	GCA_055396975.1	inter_genus	Methylocystis	Symbiobacterium	476	3698	504	3322	13.9601	0.353280		
GCA_025175645.1	GCA_958405935.1	inter_genus	Peribacillus	Ralstonia	788	5594	685	4962	13.9541	0.372583		
GCA_001969825.1	GCA_963924095.1	inter_genus	Bradyrhizobium	Streptomyces	1088	7775	1006	7236	13.9498	0.320287		
GCA_001418025.1	GCA_002741985.1	inter_genus	Anoxybacillus	Vibrio	478	2617	525	4574	13.9480			
GCA_030409215.1	GCA_042433635.1	inter_genus	Halomonas	Streptomyces	691	3749	736	6482	13.9478	0.320287		
GCA_030406665.1	GCA_030412965.1	inter_genus	Halomonas	Nocardioides	540	3257	576	4745	13.9465	0.328965		
GCA_021390235.1	GCA_902459595.1	inter_genus	Streptomyces	Pandoraea	941	8369	831	4337	13.9462			
GCA_001400635.1	GCA_042430785.1	inter_genus	Pseudomonas	Streptomyces	851	5205	895	7315	13.9457	0.405585		
GCA_021173085.2	GCA_025175645.1	inter_genus	Ralstonia	Peribacillus	669	4826	784	5594	13.9443	0.372583		
GCA_039522805.1	GCA_042431885.1	inter_genus	Ralstonia	Streptomyces	791	4426	874	7515	13.9436	0.353280		
GCA_001401215.1	GCA_001418025.1	inter_genus	Pseudomonas	Anoxybacillus	607	5215	485	2617	13.9428			
GCA_001182745.2	GCA_013366925.1	inter_genus	Nocardia	Paraburkholderia	891	6046	1095	8209	13.9320	0.339586		
GCA_001401215.1	GCA_021390235.1	inter_genus	Pseudomonas	Streptomyces	887	5215	1005	8369	13.9282	0.372583		
GCA_001182745.2	GCA_902459595.1	inter_genus	Nocardia	Pandoraea	697	6046	749	4337	13.9266	0.353280		
GCA_000372845.1	GCA_055383075.1	inter_genus	Methylocystis	Symbiobacterium	475	3698	521	3457	13.9203	0.372583		
GCA_013350005.1	GCA_055396975.1	inter_genus	Methylocystis	Symbiobacterium	474	3705	504	3322	13.9177	0.339586		
GCA_001618685.1	GCA_003064125.1	inter_genus	Geobacillus	Xanthomonas	526	3206	505	4202	13.9174			
GCA_003443895.1	GCA_042431885.1	inter_genus	Paraburkholderia	Streptomyces	1058	7231	994	7515	13.9156	0.328965		
GCA_001612785.1	GCA_021173085.2	inter_genus	Nocardia	Ralstonia	849	6744	761	4826	13.9153	0.372583		
GCA_014656275.1	GCA_023955645.1	inter_genus	Streptomyces	Ralstonia	1087	8995	879	5136	13.9127	0.353280		
GCA_021390235.1	GCA_054602315.1	inter_genus	Streptomyces	Bradyrhizobium	1082	8369	1079	7168	13.9087	0.353280		
GCA_902459665.1	GCA_963924095.1	inter_genus	Pandoraea	Streptomyces	810	4646	842	7236	13.9034	0.372583		
GCA_001969825.1	GCA_027947575.1	inter_genus	Bradyrhizobium	Streptomyces	1066	7775	1029	7298	13.8990	0.339586		
GCA_042433635.1	GCA_046118665.1	inter_genus	Streptomyces	Rhizobium	884	6482	1012	7171	13.8871	0.353280		
GCA_042431885.1	GCA_055396975.1	inter_genus	Streptomyces	Symbiobacterium	793	7515	711	3322	13.8784	0.339586		
GCA_030412965.1	GCA_902459595.1	inter_genus	Nocardioides	Pandoraea	616	4745	644	4337	13.8736	0.372583		
GCA_014656275.1	GCA_023278185.1	inter_genus	Streptomyces	Bradyrhizobium	1213	8995	1227	8598	13.8692	0.405585		
GCA_014201515.1	GCA_902459665.1	inter_genus	Anoxybacillus	Pandoraea	462	2702	557	4646	13.8677			
GCA_001618685.1	GCA_003443895.1	inter_genus	Geobacillus	Paraburkholderia	635	3206	812	7231	13.8641			
GCA_001612785.1	GCA_054602315.1	inter_genus	Nocardia	Bradyrhizobium	904	6744	1024	7168	13.8585	0.372583		
GCA_001400635.1	GCA_001418025.1	inter_genus	Pseudomonas	Anoxybacillus	599	5205	485	2617	13.8583			
GCA_001418655.1	GCA_023955645.1	inter_genus	Streptomyces	Ralstonia	1128	9368	881	5136	13.8514	0.372583		
GCA_021173085.2	GCA_030412915.1	inter_genus	Ralstonia	Nocardioides	628	4826	605	4078	13.8477	0.339586		
GCA_014201515.1	GCA_039522805.1	inter_genus	Anoxybacillus	Ralstonia	465	2702	522	4426	13.8468	0.405585		
GCA_000478275.1	GCA_021173085.2	inter_genus	Amycolatopsis	Ralstonia	942	8170	857	4826	13.8427	0.405585		
GCA_042432025.1	GCA_055396975.1	inter_genus	Xanthomonas	Symbiobacterium	480	3852	513	3322	13.8417	0.353280		
GCA_025175645.1	GCA_030406665.1	inter_genus	Peribacillus	Halomonas	658	5594	567	3257	13.8402	0.405585		
GCA_001639065.2	GCA_013350005.1	inter_genus	Vibrio	Methylocystis	636	5034	573	3705	13.8345			
GCA_014873915.1	GCA_039522805.1	inter_genus	Amycolatopsis	Ralstonia	951	8602	850	4426	13.8241	0.405585		
GCA_001418655.1	GCA_021173085.2	inter_genus	Streptomyces	Ralstonia	1109	9368	853	4826	13.8227	0.372583		
GCA_020404845.1	GCA_030409215.1	inter_genus	Streptomyces	Halomonas	807	7263	715	3749	13.8213	0.339586		
GCA_016598615.1	GCA_023955645.1	inter_genus	Streptomyces	Ralstonia	1148	9740	907	5136	13.8142	0.405585		
GCA_030409215.1	GCA_042430785.1	inter_genus	Halomonas	Streptomyces	734	3749	794	7315	13.8106	0.339586		
GCA_042430785.1	GCA_054602315.1	inter_genus	Streptomyces	Bradyrhizobium	968	7315	1032	7168	13.8093	0.405585		
GCA_021390235.1	GCA_023278185.1	inter_genus	Streptomyces	Bradyrhizobium	1156	8369	1187	8598	13.8092	0.405585		
GCA_021173085.2	GCA_030412965.1	inter_genus	Ralstonia	Nocardioides	661	4826	660	4745	13.8021	0.353280		
GCA_025642175.1	GCA_054602315.1	inter_genus	Streptomyces	Bradyrhizobium	961	7338	1041	7168	13.8012	0.372583		
GCA_025175645.1	GCA_902459535.1	inter_genus	Peribacillus	Paraburkholderia	888	5594	892	7307	13.7974	0.372583		
GCA_001277805.1	GCA_001401215.1	inter_genus	Geobacillus	Pseudomonas	490	2613	590	5215	13.7966			
GCA_001612785.1	GCA_003443895.1	inter_genus	Nocardia	Paraburkholderia	921	6744	1006	7231	13.7889	0.353280		
GCA_000372845.1	GCA_001639065.2	inter_genus	Methylocystis	Vibrio	574	3698	630	5034	13.7884			
GCA_014656275.1	GCA_055396975.1	inter_genus	Streptomyces	Symbiobacterium	963	8995	735	3322	13.7858	0.353280		
GCA_014873915.1	GCA_023278185.1	inter_genus	Amycolatopsis	Bradyrhizobium	1164	8602	1207	8598	13.7849	0.405585		
GCA_001401215.1	GCA_014201515.1	inter_genus	Pseudomonas	Anoxybacillus	598	5215	493	2702	13.7805			
GCA_046118665.1	GCA_963924095.1	inter_genus	Rhizobium	Streptomyces	1040	7171	945	7236	13.7780	0.339586		
GCA_001400635.1	GCA_014201515.1	inter_genus	Pseudomonas	Anoxybacillus	597	5205	492	2702	13.7726			
GCA_014656275.1	GCA_958405935.1	inter_genus	Streptomyces	Ralstonia	1059	8995	863	4962	13.7709	0.372583		
GCA_000252995.1	GCA_053761065.1	inter_genus	Salmonella	Enterococcus	453	3973	457	2637	13.7670			
GCA_014656275.1	GCA_054602315.1	inter_genus	Streptomyces	Bradyrhizobium	1135	8995	1090	7168	13.7660	0.372583		
GCA_024169475.1	GCA_902459535.1	inter_genus	Peribacillus	Paraburkholderia	824	5052	877	7307	13.7632	0.353280		
GCA_030412915.1	GCA_958405935.1	inter_genus	Nocardioides	Ralstonia	613	4078	631	4962	13.7611	0.372583		
GCA_001612785.1	GCA_039522805.1	inter_genus	Nocardia	Ralstonia	802	6744	735	4426	13.7601	0.353280		
GCA_001969825.1	GCA_042653945.1	inter_genus	Bradyrhizobium	Streptomyces	1196	7775	1348	10714	13.7595	0.372583		
GCA_042430785.1	GCA_902459595.1	inter_genus	Streptomyces	Pandoraea	830	7315	773	4337	13.7573	0.405585		
GCA_001400635.1	GCA_021390235.1	inter_genus	Pseudomonas	Streptomyces	875	5205	991	8369	13.7469	0.353280		
GCA_016598615.1	GCA_021173085.2	inter_genus	Streptomyces	Ralstonia	1130	9740	872	4826	13.7443			
GCA_014873915.1	GCA_021173085.2	inter_genus	Amycolatopsis	Ralstonia	984	8602	861	4826	13.7399			
GCA_001418655.1	GCA_054602315.1	inter_genus	Streptomyces	Bradyrhizobium	1185	9368	1087	7168	13.7397	0.372583		
GCA_021390235.1	GCA_902459665.1	inter_genus	Streptomyces	Pandoraea	944	8369	844	4646	13.7380	0.405585		
GCA_001182745.2	GCA_958405935.1	inter_genus	Nocardia	Ralstonia	770	6046	742	4962	13.7355	0.372583		
GCA_001182745.2	GCA_055383075.1	inter_genus	Nocardia	Symbiobacterium	662	6046	643	3457	13.7325	0.372583		
GCA_001182745.2	GCA_003443895.1	inter_genus	Nocardia	Paraburkholderia	844	6046	979	7231	13.7305	0.372583		
GCA_021390235.1	GCA_055396975.1	inter_genus	Streptomyces	Symbiobacterium	891	8369	714	3322	13.7285	0.306598		
GCA_001182745.2	GCA_055396975.1	inter_genus	Nocardia	Symbiobacterium	642	6046	644	3322	13.7276	0.372583		
GCA_001418025.1	GCA_030412915.1	inter_genus	Anoxybacillus	Nocardioides	437	2617	482	4078	13.7267	0.405585		
GCA_016598615.1	GCA_023278185.1	inter_genus	Streptomyces	Bradyrhizobium	1270	9740	1246	8598	13.7201			
GCA_014656275.1	GCA_039522805.1	inter_genus	Streptomyces	Ralstonia	1019	8995	822	4426	13.7173	0.353280		
GCA_021919185.1	GCA_055396975.1	inter_genus	Xanthomonas	Symbiobacterium	469	3852	515	3322	13.7162	0.339586		
GCA_042431885.1	GCA_958405935.1	inter_genus	Streptomyces	Ralstonia	896	7515	815	4962	13.7132			
GCA_001639065.2	GCA_024169475.1	inter_genus	Vibrio	Peribacillus	672	5034	711	5052	13.7121			
GCA_030412915.1	GCA_902459665.1	inter_genus	Nocardioides	Pandoraea	572	4078	624	4646	13.7093	0.353280		
GCA_030412965.1	GCA_902459665.1	inter_genus	Nocardioides	Pandoraea	624	4745	663	4646	13.7046	0.372583		
GCA_001618685.1	GCA_013087605.1	inter_genus	Geobacillus	Rhizobium	584	3206	813	6988	13.7041	0.405585		
GCA_000478275.1	GCA_046118665.1	inter_genus	Amycolatopsis	Rhizobium	979	8170	1123	7171	13.7018	0.372583		
GCA_014656275.1	GCA_055383075.1	inter_genus	Streptomyces	Symbiobacterium	972	8995	734	3457	13.7006	0.353280		
GCA_013087605.1	GCA_042431885.1	inter_genus	Rhizobium	Streptomyces	1029	6988	957	7515	13.6937	0.372583		
GCA_014201515.1	GCA_030412915.1	inter_genus	Anoxybacillus	Nocardioides	447	2702	481	4078	13.6873	0.405585		
GCA_014873915.1	GCA_023955645.1	inter_genus	Amycolatopsis	Ralstonia	999	8602	881	5136	13.6847	0.405585		
GCA_014873915.1	GCA_054602315.1	inter_genus	Amycolatopsis	Bradyrhizobium	1062	8602	1096	7168	13.6842	0.372583		
GCA_054602315.1	GCA_963924095.1	inter_genus	Bradyrhizobium	Streptomyces	1017	7168	954	7236	13.6837	0.339586		
GCA_008386555.1	GCA_014201515.1	inter_genus	Pseudomonas	Anoxybacillus	595	5389	512	2702	13.6819			
GCA_001618685.1	GCA_020404845.1	inter_genus	Geobacillus	Streptomyces	643	3206	789	7263	13.6785	0.405585		
GCA_000478275.1	GCA_023955645.1	inter_genus	Amycolatopsis	Ralstonia	943	8170	877	5136	13.6780			
GCA_001418655.1	GCA_900094605.1	inter_genus	Streptomyces	Bradyrhizobium	1256	9368	1157	8291	13.6644	0.312952		
GCA_001277805.1	GCA_001400635.1	inter_genus	Geobacillus	Pseudomonas	487	2613	581	5205	13.6608			
GCA_055396975.1	GCA_902459535.1	inter_genus	Symbiobacterium	Paraburkholderia	650	3322	801	7307	13.6513	0.353280		
GCA_001612785.1	GCA_013087605.1	inter_genus	Nocardia	Rhizobium	861	6744	1013	6988	13.6470			
GCA_001612785.1	GCA_902459595.1	inter_genus	Nocardia	Pandoraea	759	6744	753	4337	13.6450	0.405585		
GCA_007858165.1	GCA_020404845.1	inter_genus	Pseudomonas	Streptomyces	864	5724	908	7263	13.6444	0.405585		
GCA_055383075.1	GCA_902459535.1	inter_genus	Symbiobacterium	Paraburkholderia	670	3457	798	7307	13.6381	0.328965		
GCA_001418655.1	GCA_023278185.1	inter_genus	Streptomyces	Bradyrhizobium	1249	9368	1201	8598	13.6369	0.372583		
GCA_023278185.1	GCA_042430785.1	inter_genus	Bradyrhizobium	Streptomyces	1136	8598	1034	7315	13.6366	0.405585		
GCA_001612785.1	GCA_023955645.1	inter_genus	Nocardia	Ralstonia	843	6744	776	5136	13.6279	0.339586		
GCA_023278185.1	GCA_025642175.1	inter_genus	Bradyrhizobium	Streptomyces	1140	8598	1031	7338	13.6232	0.405585		
GCA_001182745.2	GCA_054602315.1	inter_genus	Nocardia	Bradyrhizobium	830	6046	970	7168	13.6219	0.353280		
GCA_007858165.1	GCA_014656275.1	inter_genus	Pseudomonas	Streptomyces	925	5724	1080	8995	13.6218	0.372583		
GCA_001618685.1	GCA_046118665.1	inter_genus	Geobacillus	Rhizobium	587	3206	826	7171	13.6167			
GCA_042431885.1	GCA_055383075.1	inter_genus	Streptomyces	Symbiobacterium	785	7515	709	3457	13.6165	0.353280		
GCA_030412965.1	GCA_902459535.1	inter_genus	Nocardioides	Paraburkholderia	741	4745	900	7307	13.6160	0.405585		
GCA_042653945.1	GCA_054602315.1	inter_genus	Streptomyces	Bradyrhizobium	1282	10714	1152	7168	13.6115	0.405585		
GCA_001277805.1	GCA_002741985.1	inter_genus	Geobacillus	Vibrio	473	2613	505	4574	13.6079			
GCA_014656275.1	GCA_900094605.1	inter_genus	Streptomyces	Bradyrhizobium	1189	8995	1163	8291	13.6064	0.306598		
GCA_001418025.1	GCA_008386555.1	inter_genus	Anoxybacillus	Pseudomonas	504	2617	585	5389	13.6023			
GCA_001401215.1	GCA_042433635.1	inter_genus	Pseudomonas	Streptomyces	792	5215	798	6482	13.5932	0.405585		
GCA_021173085.2	GCA_042653945.1	inter_genus	Ralstonia	Streptomyces	904	4826	1207	10714	13.5843	0.405585		
GCA_001401215.1	GCA_020404845.1	inter_genus	Pseudomonas	Streptomyces	824	5215	871	7263	13.5839	0.405585		
GCA_001618685.1	GCA_042430785.1	inter_genus	Geobacillus	Streptomyces	637	3206	792	7315	13.5824	0.405585		
GCA_014201515.1	GCA_042432025.1	inter_genus	Anoxybacillus	Xanthomonas	443	2702	447	3852	13.5795	0.405585		
GCA_001969825.1	GCA_042433635.1	inter_genus	Bradyrhizobium	Streptomyces	1010	7775	926	6482	13.5793	0.328965		
GCA_001580545.1	GCA_055396975.1	inter_genus	Paraburkholderia	Symbiobacterium	759	6983	640	3322	13.5759	0.339586		
GCA_000252995.1	GCA_001544215.1	inter_genus	Salmonella	Enterococcus	456	3973	457	2758	13.5641			
GCA_001401215.1	GCA_027947575.1	inter_genus	Pseudomonas	Streptomyces	843	5215	853	7298	13.5539	0.372583		
GCA_021390235.1	GCA_900094605.1	inter_genus	Streptomyces	Bradyrhizobium	1124	8369	1134	8291	13.5534	0.320287		
GCA_023955645.1	GCA_042653945.1	inter_genus	Ralstonia	Streptomyces	935	5136	1213	10714	13.5521			
GCA_007858165.1	GCA_042433635.1	inter_genus	Pseudomonas	Streptomyces	827	5724	827	6482	13.5507	0.405585		
GCA_007858165.1	GCA_021390235.1	inter_genus	Pseudomonas	Streptomyces	900	5724	1009	8369	13.5457	0.405585		
GCA_023955645.1	GCA_030412915.1	inter_genus	Ralstonia	Nocardioides	637	5136	611	4078	13.5446	0.405585		
GCA_030412915.1	GCA_042432025.1	inter_genus	Nocardioides	Xanthomonas	562	4078	512	3852	13.5435	0.372583		
GCA_025642175.1	GCA_902459595.1	inter_genus	Streptomyces	Pandoraea	815	7338	766	4337	13.5418			
GCA_020404845.1	GCA_054602315.1	inter_genus	Streptomyces	Bradyrhizobium	955	7263	999	7168	13.5403	0.353280		
GCA_001418655.1	GCA_958405935.1	inter_genus	Streptomyces	Ralstonia	1082	9368	858	4962	13.5380	0.372583		
GCA_001418655.1	GCA_039522805.1	inter_genus	Streptomyces	Ralstonia	1051	9368	816	4426	13.5349	0.372583		
GCA_001642805.2	GCA_020404845.1	inter_genus	Serratia	Streptomyces	774	4748	851	7263	13.5293	0.339586		
GCA_001618685.1	GCA_027947575.1	inter_genus	Geobacillus	Streptomyces	642	3206	779	7298	13.5282	0.405585		
GCA_003443895.1	GCA_055396975.1	inter_genus	Paraburkholderia	Symbiobacterium	798	7231	629	3322	13.5222	0.328965		
GCA_030412965.1	GCA_958405935.1	inter_genus	Nocardioides	Ralstonia	643	4745	669	4962	13.5160	0.372583		
GCA_001418655.1	GCA_055396975.1	inter_genus	Streptomyces	Symbiobacterium	985	9368	730	3322	13.5146	0.353280		
GCA_042430785.1	GCA_902459665.1	inter_genus	Streptomyces	Pandoraea	833	7315	783	4646	13.5106	0.405585		
GCA_001401215.1	GCA_001418655.1	inter_genus	Pseudomonas	Streptomyces	896	5215	1074	9368	13.5089	0.353280		
GCA_008386555.1	GCA_042430785.1	inter_genus	Pseudomonas	Streptomyces	834	5389	882	7315	13.5076	0.353280		
GCA_007858165.1	GCA_025642175.1	inter_genus	Pseudomonas	Streptomyces	863	5724	901	7338	13.5048	0.372583		
GCA_000478275.1	GCA_054602315.1	inter_genus	Amycolatopsis	Bradyrhizobium	986	8170	1085	7168	13.5024	0.339586		
GCA_014873915.1	GCA_958405935.1	inter_genus	Amycolatopsis	Ralstonia	963	8602	868	4962	13.4990			
GCA_001639065.2	GCA_055383075.1	inter_genus	Vibrio	Symbiobacterium	591	5034	555	3457	13.4966			
GCA_001418025.1	GCA_042432025.1	inter_genus	Anoxybacillus	Xanthomonas	436	2617	437	3852	13.4951			
GCA_046118665.1	GCA_055383075.1	inter_genus	Rhizobium	Symbiobacterium	813	7171	621	3457	13.4927	0.353280		
GCA_016598615.1	GCA_054602315.1	inter_genus	Streptomyces	Bradyrhizobium	1176	9740	1105	7168	13.4907	0.353280		
GCA_001401215.1	GCA_014656275.1	inter_genus	Pseudomonas	Streptomyces	894	5215	1023	8995	13.4905	0.372583		
GCA_007858165.1	GCA_963924095.1	inter_genus	Pseudomonas	Streptomyces	866	5724	882	7236	13.4877	0.405585		
GCA_001612785.1	GCA_023278185.1	inter_genus	Nocardia	Bradyrhizobium	956	6744	1113	8598	13.4859			
GCA_007858165.1	GCA_042430785.1	inter_genus	Pseudomonas	Streptomyces	857	5724	901	7315	13.4826	0.372583		
GCA_000478275.1	GCA_039522805.1	inter_genus	Amycolatopsis	Ralstonia	872	8170	826	4426	13.4805			
GCA_000478275.1	GCA_023278185.1	inter_genus	Amycolatopsis	Bradyrhizobium	1077	8170	1183	8598	13.4781	0.405585		
GCA_016598615.1	GCA_900094605.1	inter_genus	Streptomyces	Bradyrhizobium	1243	9740	1187	8291	13.4768	0.339586		
GCA_001612785.1	GCA_902459665.1	inter_genus	Nocardia	Pandoraea	766	6744	769	4646	13.4767	0.405585		
GCA_042432025.1	GCA_055383075.1	inter_genus	Xanthomonas	Symbiobacterium	468	3852	517	3457	13.4765	0.339586		
GCA_016598615.1	GCA_958405935.1	inter_genus	Streptomyces	Ralstonia	1097	9740	884	4962	13.4744	0.405585		
GCA_001618685.1	GCA_013366925.1	inter_genus	Geobacillus	Paraburkholderia	661	3206	877	8209	13.4735			
GCA_001612785.1	GCA_958405935.1	inter_genus	Nocardia	Ralstonia	817	6744	760	4962	13.4717	0.405585		
GCA_000181535.1	GCA_054602315.1	inter_genus	Vibrio	Bradyrhizobium	793	5066	855	7168	13.4707			
GCA_013087605.1	GCA_055383075.1	inter_genus	Rhizobium	Symbiobacterium	799	6988	608	3457	13.4706	0.328965		
GCA_021390235.1	GCA_055383075.1	inter_genus	Streptomyces	Symbiobacterium	877	8369	716	3457	13.4703	0.353280		
GCA_042430785.1	GCA_900094605.1	inter_genus	Streptomyces	Bradyrhizobium	1010	7315	1091	8291	13.4628	0.328965		
GCA_001277805.1	GCA_003064125.1	inter_genus	Geobacillus	Xanthomonas	462	2613	455	4202	13.4556			
GCA_014873915.1	GCA_900094605.1	inter_genus	Amycolatopsis	Bradyrhizobium	1099	8602	1174	8291	13.4553	0.405585		
GCA_001400635.1	GCA_042433635.1	inter_genus	Pseudomonas	Streptomyces	780	5205	792	6482	13.4508	0.405585		
GCA_023955645.1	GCA_030412965.1	inter_genus	Ralstonia	Nocardioides	671	5136	658	4745	13.4501	0.372583		
GCA_001277805.1	GCA_030412965.1	inter_genus	Geobacillus	Nocardioides	469	2613	520	4745	13.4412	0.405585		
GCA_001277805.1	GCA_042647405.1	inter_genus	Geobacillus	Xanthomonas	460	2613	447	4138	13.4350			
GCA_027947575.1	GCA_030409215.1	inter_genus	Streptomyces	Halomonas	777	7298	707	3749	13.4335	0.306598		
GCA_002741985.1	GCA_013350005.1	inter_genus	Vibrio	Methylocystis	573	4574	539	3705	13.4316			
GCA_001618685.1	GCA_013350005.1	inter_genus	Geobacillus	Methylocystis	473	3206	455	3705	13.4279	0.405585		
GCA_001400635.1	GCA_020404845.1	inter_genus	Pseudomonas	Streptomyces	812	5205	862	7263	13.4264	0.405585		
GCA_021390235.1	GCA_030409215.1	inter_genus	Streptomyces	Halomonas	868	8369	759	3749	13.4263	0.353280		
GCA_025642175.1	GCA_902459665.1	inter_genus	Streptomyces	Pandoraea	826	7338	782	4646	13.4179			
GCA_000372845.1	GCA_001618685.1	inter_genus	Methylocystis	Geobacillus	456	3698	470	3206	13.4125			
GCA_023278185.1	GCA_042653945.1	inter_genus	Bradyrhizobium	Streptomyces	1251	8598	1339	10714	13.4114	0.372583		
GCA_001277805.1	GCA_008386555.1	inter_genus	Geobacillus	Pseudomonas	500	2613	573	5389	13.4091			
GCA_021919185.1	GCA_030412915.1	inter_genus	Xanthomonas	Nocardioides	498	3852	565	4078	13.4048	0.339586		
GCA_013087605.1	GCA_055396975.1	inter_genus	Rhizobium	Symbiobacterium	797	6988	585	3322	13.4045	0.372583		
GCA_001418655.1	GCA_055383075.1	inter_genus	Streptomyces	Symbiobacterium	984	9368	735	3457	13.4035	0.339586		
GCA_001611855.1	GCA_021173085.2	inter_genus	Mycobacteroides	Ralstonia	628	4632	639	4826	13.3961	0.405585		
GCA_001639065.2	GCA_001969825.1	inter_genus	Vibrio	Bradyrhizobium	818	5034	897	7775	13.3890			
GCA_001277805.1	GCA_021173085.2	inter_genus	Geobacillus	Ralstonia	480	2613	516	4826	13.3889			
GCA_042431885.1	GCA_902459595.1	inter_genus	Streptomyces	Pandoraea	815	7515	771	4337	13.3817	0.405585		
GCA_001611855.1	GCA_039522805.1	inter_genus	Mycobacteroides	Ralstonia	594	4632	618	4426	13.3804	0.372583		
GCA_020404845.1	GCA_034424255.1	inter_genus	Streptomyces	Serratia	842	7263	764	4755	13.3633	0.353280		
GCA_046118665.1	GCA_055396975.1	inter_genus	Rhizobium	Symbiobacterium	808	7171	594	3322	13.3613	0.353280		
GCA_000478275.1	GCA_902459595.1	inter_genus	Amycolatopsis	Pandoraea	841	8170	830	4337	13.3605	0.320287		
GCA_003443895.1	GCA_024169475.1	inter_genus	Paraburkholderia	Peribacillus	851	7231	790	5052	13.3599	0.372583		
GCA_001642805.2	GCA_027947575.1	inter_genus	Serratia	Streptomyces	778	4748	831	7298	13.3571	0.353280		
GCA_001400635.1	GCA_027947575.1	inter_genus	Pseudomonas	Streptomyces	824	5205	846	7298	13.3568	0.353280		
GCA_054602315.1	GCA_055396975.1	inter_genus	Bradyrhizobium	Symbiobacterium	792	7168	609	3322	13.3556	0.405585		
GCA_027947575.1	GCA_054602315.1	inter_genus	Streptomyces	Bradyrhizobium	940	7298	992	7168	13.3555	0.372583		
GCA_054602315.1	GCA_055383075.1	inter_genus	Bradyrhizobium	Symbiobacterium	787	7168	632	3457	13.3553	0.405585		
GCA_042647405.1	GCA_055396975.1	inter_genus	Xanthomonas	Symbiobacterium	477	4138	519	3322	13.3512	0.372583		
GCA_016598615.1	GCA_039522805.1	inter_genus	Streptomyces	Ralstonia	1055	9740	836	4426	13.3489	0.405585		
GCA_014873915.1	GCA_902459595.1	inter_genus	Amycolatopsis	Pandoraea	886	8602	841	4337	13.3472	0.353280		
GCA_001580545.1	GCA_055383075.1	inter_genus	Paraburkholderia	Symbiobacterium	755	6983	638	3457	13.3429	0.328965		
GCA_020404845.1	GCA_023278185.1	inter_genus	Streptomyces	Bradyrhizobium	1025	7263	1091	8598	13.3409	0.339586		
GCA_021919185.1	GCA_055383075.1	inter_genus	Xanthomonas	Symbiobacterium	463	3852	512	3457	13.3397	0.353280		
GCA_000372845.1	GCA_002741985.1	inter_genus	Methylocystis	Vibrio	536	3698	567	4574	13.3341			
GCA_001611855.1	GCA_023955645.1	inter_genus	Mycobacteroides	Ralstonia	639	4632	663	5136	13.3292	0.372583		
GCA_003064125.1	GCA_030412915.1	inter_genus	Xanthomonas	Nocardioides	520	4202	583	4078	13.3213	0.405585		
GCA_001642805.2	GCA_963924095.1	inter_genus	Serratia	Streptomyces	770	4748	826	7236	13.3178	0.339586		
GCA_025642175.1	GCA_900094605.1	inter_genus	Streptomyces	Bradyrhizobium	993	7338	1088	8291	13.3150	0.353280		
GCA_014656275.1	GCA_902459595.1	inter_genus	Streptomyces	Pandoraea	963	8995	812	4337	13.3138	0.405585		
GCA_001642805.2	GCA_025642175.1	inter_genus	Serratia	Streptomyces	770	4748	839	7338	13.3129	0.405585		
GCA_007858165.1	GCA_027947575.1	inter_genus	Pseudomonas	Streptomyces	858	5724	875	7298	13.3082	0.405585		
GCA_042431885.1	GCA_902459665.1	inter_genus	Streptomyces	Pandoraea	833	7515	785	4646	13.3048	0.405585		
GCA_007858165.1	GCA_014201515.1	inter_genus	Pseudomonas	Anoxybacillus	608	5724	513	2702	13.3041			
GCA_013366925.1	GCA_025175645.1	inter_genus	Paraburkholderia	Peribacillus	943	8209	893	5594	13.3015	0.372583		
GCA_001639065.2	GCA_900094605.1	inter_genus	Vibrio	Bradyrhizobium	833	5034	939	8291	13.2983			
GCA_008386555.1	GCA_021390235.1	inter_genus	Pseudomonas	Streptomyces	861	5389	968	8369	13.2941	0.353280		
GCA_001277805.1	GCA_958405935.1	inter_genus	Geobacillus	Ralstonia	481	2613	526	4962	13.2937			
GCA_014201515.1	GCA_021919185.1	inter_genus	Anoxybacillus	Xanthomonas	435	2702	436	3852	13.2896	0.405585		
GCA_001182745.2	GCA_023278185.1	inter_genus	Nocardia	Bradyrhizobium	885	6046	1061	8598	13.2887	0.353280		
GCA_001418655.1	GCA_007858165.1	inter_genus	Streptomyces	Pseudomonas	1093	9368	912	5724	13.2852	0.405585		
GCA_001401215.1	GCA_025642175.1	inter_genus	Pseudomonas	Streptomyces	810	5215	855	7338	13.2638	0.372583		
GCA_003443895.1	GCA_025175645.1	inter_genus	Paraburkholderia	Peribacillus	859	7231	842	5594	13.2632	0.372583		
GCA_001639065.2	GCA_055396975.1	inter_genus	Vibrio	Symbiobacterium	575	5034	533	3322	13.2599			
GCA_001418025.1	GCA_007858165.1	inter_genus	Anoxybacillus	Pseudomonas	504	2617	602	5724	13.2598			
GCA_001642805.2	GCA_042433635.1	inter_genus	Serratia	Streptomyces	728	4748	761	6482	13.2591	0.353280		
GCA_003443895.1	GCA_055383075.1	inter_genus	Paraburkholderia	Symbiobacterium	783	7231	634	3457	13.2579	0.339586		
GCA_001400635.1	GCA_014656275.1	inter_genus	Pseudomonas	Streptomyces	884	5205	998	8995	13.2535	0.353280		
GCA_000817815.1	GCA_001618685.1	inter_genus	Vibrio	Geobacillus	615	5721	568	3206	13.2519			
GCA_023278185.1	GCA_963924095.1	inter_genus	Bradyrhizobium	Streptomyces	1099	8598	999	7236	13.2500	0.353280		
GCA_001611855.1	GCA_902459595.1	inter_genus	Mycobacteroides	Pandoraea	552	4632	636	4337	13.2456	0.405585		
GCA_030412915.1	GCA_902459535.1	inter_genus	Nocardioides	Paraburkholderia	667	4078	841	7307	13.2455			
GCA_001401215.1	GCA_963924095.1	inter_genus	Pseudomonas	Streptomyces	820	5215	829	7236	13.2439	0.372583		
GCA_023278185.1	GCA_027947575.1	inter_genus	Bradyrhizobium	Streptomyces	1093	8598	1012	7298	13.2423	0.353280		
GCA_001182745.2	GCA_013087605.1	inter_genus	Nocardia	Rhizobium	768	6046	958	6988	13.2423	0.328965		
GCA_008386555.1	GCA_020404845.1	inter_genus	Pseudomonas	Streptomyces	811	5389	864	7263	13.2390			
GCA_042433635.1	GCA_054602315.1	inter_genus	Streptomyces	Bradyrhizobium	858	6482	949	7168	13.2381	0.353280		
GCA_030406665.1	GCA_042433635.1	inter_genus	Halomonas	Streptomyces	598	3257	691	6482	13.2354	0.372583		
GCA_007858165.1	GCA_016598615.1	inter_genus	Pseudomonas	Streptomyces	932	5724	1114	9740	13.2307	0.405585		
GCA_001611855.1	GCA_902459535.1	inter_genus	Mycobacteroides	Paraburkholderia	698	4632	881	7307	13.2256	0.372583		
GCA_003064125.1	GCA_055396975.1	inter_genus	Xanthomonas	Symbiobacterium	479	4202	516	3322	13.2243	0.372583		
GCA_000478275.1	GCA_958405935.1	inter_genus	Amycolatopsis	Ralstonia	902	8170	833	4962	13.2120			
GCA_001182745.2	GCA_030409215.1	inter_genus	Nocardia	Halomonas	634	6046	660	3749	13.2108	0.372583		
GCA_008386555.1	GCA_027947575.1	inter_genus	Pseudomonas	Streptomyces	817	5389	859	7298	13.2104	0.405585		
GCA_016598615.1	GCA_055396975.1	inter_genus	Streptomyces	Symbiobacterium	991	9740	734	3322	13.2062	0.339586		
GCA_001400635.1	GCA_001418655.1	inter_genus	Pseudomonas	Streptomyces	873	5205	1051	9368	13.2025	0.339586		
GCA_001277805.1	GCA_007858165.1	inter_genus	Geobacillus	Pseudomonas	499	2613	601	5724	13.1942			
GCA_010728525.1	GCA_055396975.1	inter_genus	Mycobacterium	Symbiobacterium	493	4427	529	3322	13.1888	0.372583		
GCA_000478275.1	GCA_900094605.1	inter_genus	Amycolatopsis	Bradyrhizobium	1030	8170	1140	8291	13.1827	0.405585		
GCA_013366925.1	GCA_024169475.1	inter_genus	Paraburkholderia	Peribacillus	928	8209	819	5052	13.1740	0.372583		
GCA_001580545.1	GCA_030412965.1	inter_genus	Paraburkholderia	Nocardioides	835	6983	710	4745	13.1736	0.405585		
GCA_042653945.1	GCA_958405935.1	inter_genus	Streptomyces	Ralstonia	1164	10714	901	4962	13.1730			
GCA_001418025.1	GCA_021919185.1	inter_genus	Anoxybacillus	Xanthomonas	429	2617	423	3852	13.1705			
GCA_030412915.1	GCA_042647405.1	inter_genus	Nocardioides	Xanthomonas	565	4078	517	4138	13.1694	0.405585		
GCA_001611855.1	GCA_055396975.1	inter_genus	Mycobacteroides	Symbiobacterium	497	4632	550	3322	13.1632	0.353280		
GCA_001182745.2	GCA_008386555.1	inter_genus	Nocardia	Pseudomonas	746	6046	759	5389	13.1613	0.405585		
GCA_016598615.1	GCA_055383075.1	inter_genus	Streptomyces	Symbiobacterium	998	9740	738	3457	13.1545	0.372583		
GCA_001611855.1	GCA_055383075.1	inter_genus	Mycobacteroides	Symbiobacterium	501	4632	562	3457	13.1413	0.372583		
GCA_002741985.1	GCA_054602315.1	inter_genus	Vibrio	Bradyrhizobium	729	4574	814	7168	13.1409			
GCA_042653945.1	GCA_900094605.1	inter_genus	Streptomyces	Bradyrhizobium	1306	10714	1191	8291	13.1386	0.353280		
GCA_001580545.1	GCA_001611855.1	inter_genus	Paraburkholderia	Mycobacteroides	850	6983	676	4632	13.1382	0.405585		
GCA_027947575.1	GCA_900094605.1	inter_genus	Streptomyces	Bradyrhizobium	986	7298	1062	8291	13.1375	0.339586		
GCA_000372845.1	GCA_012641725.1	inter_genus	Methylocystis	Pseudoalteromonas	543	3698	570	4777	13.1327			
GCA_001611855.1	GCA_001969825.1	inter_genus	Mycobacteroides	Bradyrhizobium	721	4632	908	7775	13.1297	0.353280		
GCA_001418655.1	GCA_902459595.1	inter_genus	Streptomyces	Pandoraea	992	9368	807	4337	13.1266	0.372583		
GCA_001618685.1	GCA_025642175.1	inter_genus	Geobacillus	Streptomyces	621	3206	763	7338	13.1259	0.405585		
GCA_008386555.1	GCA_042433635.1	inter_genus	Pseudomonas	Streptomyces	773	5389	784	6482	13.1160	0.405585		
GCA_001612785.1	GCA_046118665.1	inter_genus	Nocardia	Rhizobium	839	6744	986	7171	13.1153	0.405585		
GCA_001401215.1	GCA_030412965.1	inter_genus	Pseudomonas	Nocardioides	682	5215	624	4745	13.1124	0.372583		
GCA_001400635.1	GCA_025642175.1	inter_genus	Pseudomonas	Streptomyces	799	5205	845	7338	13.1069	0.372583		
GCA_014873915.1	GCA_902459665.1	inter_genus	Amycolatopsis	Pandoraea	880	8602	856	4646	13.1039	0.353280		
GCA_034424255.1	GCA_963924095.1	inter_genus	Serratia	Streptomyces	758	4755	813	7236	13.1015	0.372583		
GCA_012641725.1	GCA_013350005.1	inter_genus	Pseudoalteromonas	Methylocystis	576	4777	535	3705	13.0983			
GCA_013366925.1	GCA_055396975.1	inter_genus	Paraburkholderia	Symbiobacterium	856	8209	653	3322	13.0865	0.306598		
GCA_001418025.1	GCA_021173085.2	inter_genus	Anoxybacillus	Ralstonia	460	2617	514	4826	13.0861			
GCA_000478275.1	GCA_902459665.1	inter_genus	Amycolatopsis	Pandoraea	842	8170	834	4646	13.0774	0.339586		
GCA_001277805.1	GCA_023955645.1	inter_genus	Geobacillus	Ralstonia	482	2613	531	5136	13.0727			
GCA_001401215.1	GCA_016598615.1	inter_genus	Pseudomonas	Streptomyces	887	5215	1068	9740	13.0726	0.372583		
GCA_001618685.1	GCA_963924095.1	inter_genus	Geobacillus	Streptomyces	624	3206	740	7236	13.0626	0.405585		
GCA_001639065.2	GCA_025175645.1	inter_genus	Vibrio	Peribacillus	662	5034	726	5594	13.0598	0.405585		
GCA_001969825.1	GCA_042431885.1	inter_genus	Bradyrhizobium	Streptomyces	1017	7775	979	7515	13.0543	0.328965		
GCA_020404845.1	GCA_030406665.1	inter_genus	Streptomyces	Halomonas	756	7263	617	3257	13.0513	0.328965		
GCA_025642175.1	GCA_030409215.1	inter_genus	Streptomyces	Halomonas	769	7338	678	3749	13.0513	0.353280		
GCA_001611855.1	GCA_958405935.1	inter_genus	Mycobacteroides	Ralstonia	614	4632	638	4962	13.0498	0.405585		
GCA_001400635.1	GCA_963924095.1	inter_genus	Pseudomonas	Streptomyces	799	5205	824	7236	13.0456	0.372583		
GCA_030409215.1	GCA_963924095.1	inter_genus	Halomonas	Streptomyces	700	3749	733	7236	13.0451	0.312952		
GCA_039522805.1	GCA_042653945.1	inter_genus	Ralstonia	Streptomyces	857	4426	1118	10714	13.0449	0.372583		
GCA_014656275.1	GCA_902459665.1	inter_genus	Streptomyces	Pandoraea	952	8995	826	4646	13.0342	0.405585		
GCA_013087605.1	GCA_024169475.1	inter_genus	Rhizobium	Peribacillus	846	6988	723	5052	13.0316			
GCA_034424255.1	GCA_042433635.1	inter_genus	Serratia	Streptomyces	715	4755	749	6482	13.0284	0.405585		
GCA_025642175.1	GCA_034424255.1	inter_genus	Streptomyces	Serratia	823	7338	752	4755	13.0241	0.372583		
GCA_001418025.1	GCA_958405935.1	inter_genus	Anoxybacillus	Ralstonia	463	2617	524	4962	13.0228			
GCA_042647405.1	GCA_055383075.1	inter_genus	Xanthomonas	Symbiobacterium	468	4138	520	3457	13.0086	0.372583		
GCA_001400635.1	GCA_030412965.1	inter_genus	Pseudomonas	Nocardioides	677	5205	617	4745	13.0050	0.405585		
GCA_030412965.1	GCA_054602315.1	inter_genus	Nocardioides	Bradyrhizobium	692	4745	857	7168	13.0026	0.372583		
GCA_001182745.2	GCA_001618685.1	inter_genus	Nocardia	Geobacillus	625	6046	578	3206	13.0026	0.405585		
GCA_001418655.1	GCA_902459665.1	inter_genus	Streptomyces	Pandoraea	988	9368	834	4646	13.0013	0.372583		
GCA_003443895.1	GCA_030412965.1	inter_genus	Paraburkholderia	Nocardioides	857	7231	700	4745	13.0010	0.372583		
GCA_027947575.1	GCA_034424255.1	inter_genus	Streptomyces	Serratia	812	7298	754	4755	12.9926	0.372583		
GCA_042431885.1	GCA_046118665.1	inter_genus	Streptomyces	Rhizobium	919	7515	989	7171	12.9920	0.372583		
GCA_000759735.1	GCA_001544215.1	inter_genus	Citrobacter	Enterococcus	489	4575	463	2758	12.9824			
GCA_001618685.1	GCA_054602315.1	inter_genus	Geobacillus	Bradyrhizobium	572	3206	773	7168	12.9651	0.405585		
GCA_014201515.1	GCA_021173085.2	inter_genus	Anoxybacillus	Ralstonia	464	2702	512	4826	12.9649	0.405585		
GCA_000759735.1	GCA_053761065.1	inter_genus	Citrobacter	Enterococcus	483	4575	452	2637	12.9645			
GCA_016598615.1	GCA_902459595.1	inter_genus	Streptomyces	Pandoraea	996	9740	829	4337	12.9644			
GCA_023278185.1	GCA_042433635.1	inter_genus	Bradyrhizobium	Streptomyces	1040	8598	915	6482	12.9642	0.328965		
GCA_000372845.1	GCA_000382005.1	inter_genus	Methylocystis	Pseudoalteromonas	522	3698	544	4528	12.9589			
GCA_002741985.1	GCA_055396975.1	inter_genus	Vibrio	Symbiobacterium	515	4574	508	3322	12.9559			
GCA_001580545.1	GCA_030412915.1	inter_genus	Paraburkholderia	Nocardioides	788	6983	645	4078	12.9554	0.353280		
GCA_024169475.1	GCA_042433635.1	inter_genus	Peribacillus	Streptomyces	752	5052	742	6482	12.9530			
GCA_014201515.1	GCA_958405935.1	inter_genus	Anoxybacillus	Ralstonia	465	2702	527	4962	12.9436	0.405585		
GCA_020404845.1	GCA_900094605.1	inter_genus	Streptomyces	Bradyrhizobium	970	7263	1043	8291	12.9420	0.328965		
GCA_002086715.1	GCA_039522805.1	inter_genus	Mycobacteroides	Ralstonia	603	5117	631	4426	12.9309	0.405585		
GCA_001182745.2	GCA_046118665.1	inter_genus	Nocardia	Rhizobium	761	6046	948	7171	12.9303	0.339586		
GCA_000181535.1	GCA_001418025.1	inter_genus	Vibrio	Anoxybacillus	531	5066	462	2617	12.9246			
GCA_001618685.1	GCA_010728525.1	inter_genus	Geobacillus	Mycobacterium	494	3206	492	4427	12.9176	0.405585		
GCA_008386555.1	GCA_014656275.1	inter_genus	Pseudomonas	Streptomyces	851	5389	1007	8995	12.9171	0.353280		
GCA_000382005.1	GCA_013350005.1	inter_genus	Pseudoalteromonas	Methylocystis	546	4528	517	3705	12.9115			
GCA_025821505.1	GCA_055396975.1	inter_genus	Mycobacterium	Symbiobacterium	523	4819	528	3322	12.9100	0.405585		
GCA_002741985.1	GCA_024169475.1	inter_genus	Vibrio	Peribacillus	586	4574	655	5052	12.8922			
GCA_013366925.1	GCA_055383075.1	inter_genus	Paraburkholderia	Symbiobacterium	843	8209	661	3457	12.8922	0.353280		
GCA_024169475.1	GCA_046118665.1	inter_genus	Peribacillus	Rhizobium	729	5052	846	7171	12.8855			
GCA_001612785.1	GCA_900094605.1	inter_genus	Nocardia	Bradyrhizobium	907	6744	1030	8291	12.8833	0.372583		
GCA_001618685.1	GCA_021390235.1	inter_genus	Geobacillus	Streptomyces	649	3206	842	8369	12.8812	0.405585		
GCA_008386555.1	GCA_963924095.1	inter_genus	Pseudomonas	Streptomyces	815	5389	811	7236	12.8792	0.339586		
GCA_006365335.1	GCA_053761065.1	inter_genus	Salmonella	Enterococcus	472	4587	458	2637	12.8738			
GCA_900094605.1	GCA_963924095.1	inter_genus	Bradyrhizobium	Streptomyces	1036	8291	961	7236	12.8615	0.339586		
GCA_003064125.1	GCA_055383075.1	inter_genus	Xanthomonas	Symbiobacterium	464	4202	521	3457	12.8607	0.372583		
GCA_001611855.1	GCA_054602315.1	inter_genus	Mycobacteroides	Bradyrhizobium	664	4632	853	7168	12.8559	0.372583		
GCA_001418025.1	GCA_030412965.1	inter_genus	Anoxybacillus	Nocardioides	452	2617	494	4745	12.8498	0.405585		
GCA_001611855.1	GCA_902459665.1	inter_genus	Mycobacteroides	Pandoraea	551	4632	641	4646	12.8476	0.405585		
GCA_001418025.1	GCA_023955645.1	inter_genus	Anoxybacillus	Ralstonia	463	2617	533	5136	12.8466			
GCA_030406665.1	GCA_042430785.1	inter_genus	Halomonas	Streptomyces	618	3257	740	7315	12.8453	0.353280		
GCA_008386555.1	GCA_025642175.1	inter_genus	Pseudomonas	Streptomyces	791	5389	843	7338	12.8388	0.372583		
GCA_000382005.1	GCA_001618685.1	inter_genus	Pseudoalteromonas	Geobacillus	503	4528	489	3206	12.8265			
GCA_001400635.1	GCA_016598615.1	inter_genus	Pseudomonas	Streptomyces	873	5205	1043	9740	12.8203	0.353280		
GCA_000817815.1	GCA_054602315.1	inter_genus	Vibrio	Bradyrhizobium	787	5721	865	7168	12.8171			
GCA_001642805.2	GCA_014656275.1	inter_genus	Serratia	Streptomyces	802	4748	959	8995	12.8138	0.353280		
GCA_020404845.1	GCA_042647405.1	inter_genus	Streptomyces	Xanthomonas	827	7263	632	4138	12.7971	0.353280		
GCA_000181535.1	GCA_024169475.1	inter_genus	Vibrio	Peribacillus	633	5066	661	5052	12.7891			
GCA_000372845.1	GCA_001277805.1	inter_genus	Methylocystis	Geobacillus	411	3698	396	2613	12.7872	0.405585		
GCA_001611855.1	GCA_001618685.1	inter_genus	Mycobacteroides	Geobacillus	494	4632	508	3206	12.7839	0.405585		
GCA_002086715.1	GCA_021173085.2	inter_genus	Mycobacteroides	Ralstonia	631	5117	640	4826	12.7829	0.405585		
GCA_002086715.1	GCA_023955645.1	inter_genus	Mycobacteroides	Ralstonia	646	5117	664	5136	12.7767	0.372583		
GCA_001182745.2	GCA_007858165.1	inter_genus	Nocardia	Pseudomonas	731	6046	772	5724	12.7698	0.405585		
GCA_024169475.1	GCA_042430785.1	inter_genus	Peribacillus	Streptomyces	769	5052	810	7315	12.7678			
GCA_000478275.1	GCA_055396975.1	inter_genus	Amycolatopsis	Symbiobacterium	788	8170	679	3322	12.7654	0.328965		
GCA_013087605.1	GCA_025175645.1	inter_genus	Rhizobium	Peribacillus	841	6988	765	5594	12.7643			
GCA_007858165.1	GCA_030412915.1	inter_genus	Pseudomonas	Nocardioides	647	5724	604	4078	12.7627	0.405585		
GCA_016598615.1	GCA_902459665.1	inter_genus	Streptomyces	Pandoraea	993	9740	843	4646	12.7624			
GCA_001639065.2	GCA_023278185.1	inter_genus	Vibrio	Bradyrhizobium	817	5034	922	8598	12.7567	0.405585		
GCA_000759735.1	GCA_045310525.1	inter_genus	Citrobacter	Clostridium	543	4575	530	3841	12.7495			
GCA_021390235.1	GCA_034424255.1	inter_genus	Streptomyces	Serratia	895	8369	778	4755	12.7476	0.372583		
GCA_001969825.1	GCA_002086715.1	inter_genus	Bradyrhizobium	Mycobacteroides	915	7775	728	5117	12.7443	0.372583		
GCA_001401215.1	GCA_030412915.1	inter_genus	Pseudomonas	Nocardioides	620	5215	564	4078	12.7408			
GCA_000181535.1	GCA_001969825.1	inter_genus	Vibrio	Bradyrhizobium	788	5066	848	7775	12.7404			
GCA_001418655.1	GCA_008386555.1	inter_genus	Streptomyces	Pseudomonas	1032	9368	848	5389	12.7397	0.372583		
GCA_030409215.1	GCA_042431885.1	inter_genus	Halomonas	Streptomyces	679	3749	756	7515	12.7397	0.339586		
GCA_001401215.1	GCA_001612785.1	inter_genus	Pseudomonas	Nocardia	768	5215	755	6744	12.7352	0.372583		
GCA_014201515.1	GCA_023955645.1	inter_genus	Anoxybacillus	Ralstonia	464	2702	534	5136	12.7328	0.405585		
GCA_000181535.1	GCA_014201515.1	inter_genus	Vibrio	Anoxybacillus	529	5066	460	2702	12.7317			
GCA_001612785.1	GCA_007858165.1	inter_genus	Nocardia	Pseudomonas	789	6744	798	5724	12.7286	0.405585		
GCA_013087605.1	GCA_030412965.1	inter_genus	Rhizobium	Nocardioides	834	6988	659	4745	12.7248	0.372583		
GCA_020404845.1	GCA_024169475.1	inter_genus	Streptomyces	Peribacillus	798	7263	769	5052	12.7243			
GCA_027947575.1	GCA_030406665.1	inter_genus	Streptomyces	Halomonas	734	7298	609	3257	12.7238	0.320287		
GCA_002086715.1	GCA_902459535.1	inter_genus	Mycobacteroides	Paraburkholderia	712	5117	868	7307	12.7173	0.405585		
GCA_042432025.1	GCA_042433635.1	inter_genus	Xanthomonas	Streptomyces	597	3852	717	6482	12.7153	0.328965		
GCA_002086715.1	GCA_055396975.1	inter_genus	Mycobacteroides	Symbiobacterium	512	5117	561	3322	12.7148	0.339586		
GCA_002086715.1	GCA_902459595.1	inter_genus	Mycobacteroides	Pandoraea	560	5117	642	4337	12.7142	0.372583		
GCA_003064125.1	GCA_030412965.1	inter_genus	Xanthomonas	Nocardioides	540	4202	597	4745	12.7082	0.353280		
GCA_001612785.1	GCA_008386555.1	inter_genus	Nocardia	Pseudomonas	785	6744	756	5389	12.7009			
GCA_030412965.1	GCA_042647405.1	inter_genus	Nocardioides	Xanthomonas	591	4745	537	4138	12.6984	0.405585		
GCA_001580545.1	GCA_002086715.1	inter_genus	Paraburkholderia	Mycobacteroides	852	6983	684	5117	12.6942	0.372583		
GCA_014201515.1	GCA_030412965.1	inter_genus	Anoxybacillus	Nocardioides	453	2702	492	4745	12.6897	0.405585		
GCA_030412965.1	GCA_046118665.1	inter_genus	Nocardioides	Rhizobium	671	4745	841	7171	12.6888	0.405585		
GCA_042433635.1	GCA_900094605.1	inter_genus	Streptomyces	Bradyrhizobium	887	6482	987	8291	12.6853	0.328965		
GCA_010728525.1	GCA_055383075.1	inter_genus	Mycobacterium	Symbiobacterium	478	4427	522	3457	12.6839	0.339586		
GCA_007858165.1	GCA_042431885.1	inter_genus	Pseudomonas	Streptomyces	823	5724	856	7515	12.6822	0.353280		
GCA_001969825.1	GCA_055396975.1	inter_genus	Bradyrhizobium	Symbiobacterium	786	7775	621	3322	12.6791	0.328965		
GCA_000181535.1	GCA_013350005.1	inter_genus	Vibrio	Methylocystis	593	5066	519	3705	12.6781			
GCA_002741985.1	GCA_055383075.1	inter_genus	Vibrio	Symbiobacterium	512	4574	506	3457	12.6759			
GCA_007858165.1	GCA_030412965.1	inter_genus	Pseudomonas	Nocardioides	693	5724	634	4745	12.6755	0.353280		
GCA_000181535.1	GCA_900094605.1	inter_genus	Vibrio	Bradyrhizobium	800	5066	893	8291	12.6750			
GCA_042431885.1	GCA_054602315.1	inter_genus	Streptomyces	Bradyrhizobium	909	7515	952	7168	12.6745	0.353280		
GCA_001418655.1	GCA_001642805.2	inter_genus	Streptomyces	Serratia	1001	9368	788	4748	12.6736	0.372583		
GCA_001611855.1	GCA_007858165.1	inter_genus	Mycobacteroides	Pseudomonas	616	4632	696	5724	12.6690	0.372583		
GCA_001400635.1	GCA_001612785.1	inter_genus	Pseudomonas	Nocardia	754	5205	759	6744	12.6621	0.405585		
GCA_001544215.1	GCA_006365335.1	inter_genus	Enterococcus	Salmonella	461	2758	469	4587	12.6617			
GCA_001618685.1	GCA_042431885.1	inter_genus	Geobacillus	Streptomyces	615	3206	741	7515	12.6481			
GCA_001611855.1	GCA_001642805.2	inter_genus	Mycobacteroides	Serratia	568	4632	618	4748	12.6439	0.372583		
GCA_014656275.1	GCA_030409215.1	inter_genus	Streptomyces	Halomonas	878	8995	733	3749	12.6412	0.339586		
GCA_025175645.1	GCA_046118665.1	inter_genus	Peribacillus	Rhizobium	770	5594	843	7171	12.6361			
GCA_003443895.1	GCA_030412915.1	inter_genus	Paraburkholderia	Nocardioides	789	7231	640	4078	12.6360	0.372583		
GCA_000478275.1	GCA_055383075.1	inter_genus	Amycolatopsis	Symbiobacterium	791	8170	678	3457	12.6344	0.339586		
GCA_021919185.1	GCA_030412965.1	inter_genus	Xanthomonas	Nocardioides	511	3852	575	4745	12.6323	0.300994		
GCA_023278185.1	GCA_042431885.1	inter_genus	Bradyrhizobium	Streptomyces	1058	8598	977	7515	12.6296	0.405585		
GCA_001400635.1	GCA_042431885.1	inter_genus	Pseudomonas	Streptomyces	778	5205	828	7515	12.6258			
GCA_001400635.1	GCA_030412915.1	inter_genus	Pseudomonas	Nocardioides	611	5205	561	4078	12.6252			
GCA_008386555.1	GCA_014873915.1	inter_genus	Pseudomonas	Amycolatopsis	855	5389	911	8602	12.6224	0.405585		
GCA_014873915.1	GCA_055383075.1	inter_genus	Amycolatopsis	Symbiobacterium	833	8602	689	3457	12.6213	0.372583		
GCA_042433635.1	GCA_042647405.1	inter_genus	Streptomyces	Xanthomonas	744	6482	596	4138	12.6177	0.353280		
GCA_001969825.1	GCA_055383075.1	inter_genus	Bradyrhizobium	Symbiobacterium	779	7775	638	3457	12.6157	0.372583		
GCA_001618685.1	GCA_025821505.1	inter_genus	Geobacillus	Mycobacterium	496	3206	516	4819	12.6106	0.405585		
GCA_000372845.1	GCA_001418025.1	inter_genus	Methylocystis	Anoxybacillus	406	3698	390	2617	12.6049			
GCA_001642805.2	GCA_021390235.1	inter_genus	Serratia	Streptomyces	777	4748	876	8369	12.6020	0.405585		
GCA_001277805.1	GCA_013350005.1	inter_genus	Geobacillus	Methylocystis	394	2613	402	3705	12.5989	0.405585		
GCA_013366925.1	GCA_030412965.1	inter_genus	Paraburkholderia	Nocardioides	918	8209	714	4745	12.5984	0.353280		
GCA_001618685.1	GCA_014656275.1	inter_genus	Geobacillus	Streptomyces	640	3206	897	8995	12.5973			
GCA_000759735.1	GCA_045310675.1	inter_genus	Citrobacter	Clostridium	515	4575	495	3443	12.5967			
GCA_002086715.1	GCA_958405935.1	inter_genus	Mycobacteroides	Ralstonia	620	5117	649	4962	12.5905	0.405585		
GCA_001611855.1	GCA_030409215.1	inter_genus	Mycobacteroides	Halomonas	509	4632	546	3749	12.5880	0.339586		
GCA_030412965.1	GCA_042432025.1	inter_genus	Nocardioides	Xanthomonas	565	4745	517	3852	12.5858	0.320287		
GCA_002086715.1	GCA_055383075.1	inter_genus	Mycobacteroides	Symbiobacterium	513	5117	566	3457	12.5846	0.353280		
GCA_000817815.1	GCA_013350005.1	inter_genus	Vibrio	Methylocystis	615	5721	571	3705	12.5822			
GCA_008386555.1	GCA_030412915.1	inter_genus	Pseudomonas	Nocardioides	601	5389	590	4078	12.5805	0.405585		
GCA_001969825.1	GCA_030412965.1	inter_genus	Bradyrhizobium	Nocardioides	874	7775	701	4745	12.5799	0.372583		
GCA_021919185.1	GCA_042433635.1	inter_genus	Xanthomonas	Streptomyces	570	3852	730	6482	12.5798	0.339586		
GCA_001182745.2	GCA_900094605.1	inter_genus	Nocardia	Bradyrhizobium	823	6046	980	8291	12.5759	0.339586		
GCA_007858165.1	GCA_042653945.1	inter_genus	Pseudomonas	Streptomyces	919	5724	1148	10714	12.5745	0.405585		
GCA_001611855.1	GCA_008386555.1	inter_genus	Mycobacteroides	Pseudomonas	600	4632	660	5389	12.5736	0.372583		
GCA_042430785.1	GCA_042647405.1	inter_genus	Streptomyces	Xanthomonas	808	7315	632	4138	12.5731	0.353280		
GCA_001182745.2	GCA_030406665.1	inter_genus	Nocardia	Halomonas	596	6046	573	3257	12.5658	0.328965		
GCA_024169475.1	GCA_030412915.1	inter_genus	Peribacillus	Nocardioides	597	5052	550	4078	12.5630			
GCA_001401215.1	GCA_042431885.1	inter_genus	Pseudomonas	Streptomyces	779	5215	820	7515	12.5609			
GCA_025642175.1	GCA_042432025.1	inter_genus	Streptomyces	Xanthomonas	777	7338	628	3852	12.5559	0.372583		
GCA_042430785.1	GCA_042432025.1	inter_genus	Streptomyces	Xanthomonas	785	7315	617	3852	12.5548	0.372583		
GCA_014873915.1	GCA_055396975.1	inter_genus	Amycolatopsis	Symbiobacterium	814	8602	683	3322	12.5545	0.339586		
GCA_000181535.1	GCA_001277805.1	inter_genus	Vibrio	Geobacillus	522	5066	442	2613	12.5537			
GCA_020404845.1	GCA_025175645.1	inter_genus	Streptomyces	Peribacillus	816	7263	798	5594	12.5535			
GCA_014656275.1	GCA_034424255.1	inter_genus	Streptomyces	Serratia	948	8995	777	4755	12.5455	0.353280		
GCA_000478275.1	GCA_008386555.1	inter_genus	Amycolatopsis	Pseudomonas	864	8170	837	5389	12.5452			
GCA_000478275.1	GCA_007858165.1	inter_genus	Amycolatopsis	Pseudomonas	876	8170	867	5724	12.5450			
GCA_007858165.1	GCA_014873915.1	inter_genus	Pseudomonas	Amycolatopsis	892	5724	905	8602	12.5436			
GCA_001642805.2	GCA_016598615.1	inter_genus	Serratia	Streptomyces	813	4748	1004	9740	12.5414	0.405585		
GCA_001418655.1	GCA_034424255.1	inter_genus	Streptomyces	Serratia	997	9368	774	4755	12.5398	0.353280		
GCA_001611855.1	GCA_003443895.1	inter_genus	Mycobacteroides	Paraburkholderia	661	4632	826	7231	12.5348	0.405585		
GCA_008386555.1	GCA_042431885.1	inter_genus	Pseudomonas	Streptomyces	787	5389	830	7515	12.5310	0.328965		
GCA_000181535.1	GCA_000372845.1	inter_genus	Vibrio	Methylocystis	581	5066	517	3698	12.5285			
GCA_001618685.1	GCA_012641725.1	inter_genus	Geobacillus	Pseudoalteromonas	499	3206	501	4777	12.5266			
GCA_030406665.1	GCA_963924095.1	inter_genus	Halomonas	Streptomyces	611	3257	703	7236	12.5226	0.339586		
GCA_001611855.1	GCA_034424255.1	inter_genus	Mycobacteroides	Serratia	565	4632	610	4755	12.5173	0.372583		
GCA_021390235.1	GCA_024169475.1	inter_genus	Streptomyces	Peribacillus	889	8369	790	5052	12.5102			
GCA_001182745.2	GCA_001642805.2	inter_genus	Nocardia	Serratia	664	6046	686	4748	12.5069	0.372583		
GCA_042653945.1	GCA_902459665.1	inter_genus	Streptomyces	Pandoraea	1062	10714	859	4646	12.5065	0.405585		
GCA_034424255.1	GCA_042430785.1	inter_genus	Serratia	Streptomyces	723	4755	786	7315	12.5021			
GCA_001642805.2	GCA_042431885.1	inter_genus	Serratia	Streptomyces	740	4748	793	7515	12.5010	0.405585		
GCA_001182745.2	GCA_034424255.1	inter_genus	Nocardia	Serratia	670	6046	680	4755	12.4988	0.405585		
GCA_025642175.1	GCA_042647405.1	inter_genus	Streptomyces	Xanthomonas	819	7338	615	4138	12.4956	0.405585		
GCA_001182745.2	GCA_001401215.1	inter_genus	Nocardia	Pseudomonas	664	6046	743	5215	12.4944	0.339586		
GCA_001612785.1	GCA_030409215.1	inter_genus	Nocardia	Halomonas	655	6744	656	3749	12.4940	0.353280		
GCA_001642805.2	GCA_042430785.1	inter_genus	Serratia	Streptomyces	730	4748	777	7315	12.4927	0.405585		
GCA_027947575.1	GCA_042647405.1	inter_genus	Streptomyces	Xanthomonas	805	7298	623	4138	12.4869	0.339586		
GCA_001401215.1	GCA_042653945.1	inter_genus	Pseudomonas	Streptomyces	899	5215	1090	10714	12.4867	0.372583		
GCA_008386555.1	GCA_016598615.1	inter_genus	Pseudomonas	Streptomyces	854	5389	1035	9740	12.4860	0.372583		
GCA_025821505.1	GCA_902459535.1	inter_genus	Mycobacterium	Paraburkholderia	691	4819	823	7307	12.4856	0.405585		
GCA_001618685.1	GCA_001969825.1	inter_genus	Geobacillus	Bradyrhizobium	586	3206	785	7775	12.4852	0.405585		
GCA_042647405.1	GCA_963924095.1	inter_genus	Xanthomonas	Streptomyces	631	4138	789	7236	12.4846	0.328965		
GCA_042653945.1	GCA_902459595.1	inter_genus	Streptomyces	Pandoraea	1048	10714	831	4337	12.4842			
GCA_008386555.1	GCA_030412965.1	inter_genus	Pseudomonas	Nocardioides	650	5389	614	4745	12.4729	0.405585		
GCA_013366925.1	GCA_030412915.1	inter_genus	Paraburkholderia	Nocardioides	861	8209	671	4078	12.4685	0.372583		
GCA_001611855.1	GCA_013366925.1	inter_genus	Mycobacteroides	Paraburkholderia	684	4632	917	8209	12.4679	0.405585		
GCA_001611855.1	GCA_013087605.1	inter_genus	Mycobacteroides	Rhizobium	623	4632	825	6988	12.4613	0.405585		
GCA_025642175.1	GCA_030406665.1	inter_genus	Streptomyces	Halomonas	722	7338	598	3257	12.4587	0.339586		
GCA_001642805.2	GCA_030412915.1	inter_genus	Serratia	Nocardioides	563	4748	536	4078	12.4518	0.405585		
GCA_002086715.1	GCA_054602315.1	inter_genus	Mycobacteroides	Bradyrhizobium	669	5117	860	7168	12.4461	0.353280		
GCA_024169475.1	GCA_027947575.1	inter_genus	Peribacillus	Streptomyces	758	5052	779	7298	12.4453			
GCA_001544215.1	GCA_034424255.1	inter_genus	Enterococcus	Serratia	451	2758	484	4755	12.4451			
GCA_042653945.1	GCA_055383075.1	inter_genus	Streptomyces	Symbiobacterium	1022	10714	741	3457	12.4409	0.372583		
GCA_021390235.1	GCA_030406665.1	inter_genus	Streptomyces	Halomonas	809	8369	637	3257	12.4376	0.372583		
GCA_020404845.1	GCA_021919185.1	inter_genus	Streptomyces	Xanthomonas	786	7263	596	3852	12.4336	0.320287		
GCA_025175645.1	GCA_042430785.1	inter_genus	Peribacillus	Streptomyces	801	5594	804	7315	12.4332			
GCA_001418025.1	GCA_013350005.1	inter_genus	Anoxybacillus	Methylocystis	386	2617	400	3705	12.4328			
GCA_000817815.1	GCA_014201515.1	inter_genus	Vibrio	Anoxybacillus	547	5721	500	2702	12.4303			
GCA_001544215.1	GCA_001642805.2	inter_genus	Enterococcus	Serratia	450	2758	483	4748	12.4301			
GCA_025175645.1	GCA_042433635.1	inter_genus	Peribacillus	Streptomyces	762	5594	739	6482	12.4296			
GCA_003064125.1	GCA_020404845.1	inter_genus	Xanthomonas	Streptomyces	616	4202	809	7263	12.4291	0.353280		
GCA_000817815.1	GCA_001418025.1	inter_genus	Vibrio	Anoxybacillus	542	5721	494	2617	12.4250			
GCA_001277805.1	GCA_042433635.1	inter_genus	Geobacillus	Streptomyces	506	2613	624	6482	12.4244			
GCA_000382005.1	GCA_001277805.1	inter_genus	Pseudoalteromonas	Geobacillus	452	4528	435	2613	12.4212			
GCA_025821505.1	GCA_054602315.1	inter_genus	Mycobacterium	Bradyrhizobium	690	4819	798	7168	12.4134	0.320287		
GCA_042653945.1	GCA_055396975.1	inter_genus	Streptomyces	Symbiobacterium	1018	10714	724	3322	12.4109	0.312952		
GCA_002741985.1	GCA_900094605.1	inter_genus	Vibrio	Bradyrhizobium	735	4574	861	8291	12.4058			
GCA_030412915.1	GCA_034424255.1	inter_genus	Nocardioides	Serratia	535	4078	560	4755	12.3967	0.405585		
GCA_002741985.1	GCA_025175645.1	inter_genus	Vibrio	Peribacillus	588	4574	672	5594	12.3918			
GCA_000252995.1	GCA_045310525.1	inter_genus	Salmonella	Clostridium	475	3973	493	3841	12.3880			
GCA_000382005.1	GCA_046118665.1	inter_genus	Pseudoalteromonas	Rhizobium	686	4528	763	7171	12.3857			
GCA_001418025.1	GCA_042647405.1	inter_genus	Anoxybacillus	Xanthomonas	420	2617	416	4138	12.3760			
GCA_021919185.1	GCA_042430785.1	inter_genus	Xanthomonas	Streptomyces	591	3852	791	7315	12.3757	0.353280		
GCA_012641725.1	GCA_013087605.1	inter_genus	Pseudoalteromonas	Rhizobium	684	4777	772	6988	12.3757			
GCA_001418655.1	GCA_030409215.1	inter_genus	Streptomyces	Halomonas	906	9368	717	3749	12.3733	0.328965		
GCA_025821505.1	GCA_055383075.1	inter_genus	Mycobacterium	Symbiobacterium	498	4819	526	3457	12.3731	0.339586		
GCA_010728525.1	GCA_902459535.1	inter_genus	Mycobacterium	Paraburkholderia	654	4427	797	7307	12.3658	0.405585		
GCA_000817815.1	GCA_024169475.1	inter_genus	Vibrio	Peribacillus	631	5721	701	5052	12.3642			
GCA_034424255.1	GCA_042431885.1	inter_genus	Serratia	Streptomyces	730	4755	787	7515	12.3635	0.405585		
GCA_000372845.1	GCA_014201515.1	inter_genus	Methylocystis	Anoxybacillus	405	3698	386	2702	12.3594			
GCA_021919185.1	GCA_027947575.1	inter_genus	Xanthomonas	Streptomyces	590	3852	787	7298	12.3498	0.306598		
GCA_001182745.2	GCA_001400635.1	inter_genus	Nocardia	Pseudomonas	664	6046	725	5205	12.3456	0.353280		
GCA_002086715.1	GCA_902459665.1	inter_genus	Mycobacteroides	Pandoraea	562	5117	643	4646	12.3425	0.372583		
GCA_000382005.1	GCA_013087605.1	inter_genus	Pseudoalteromonas	Rhizobium	668	4528	753	6988	12.3394			
GCA_003064125.1	GCA_027947575.1	inter_genus	Xanthomonas	Streptomyces	614	4202	805	7298	12.3391	0.372583		
GCA_021390235.1	GCA_042647405.1	inter_genus	Streptomyces	Xanthomonas	882	8369	661	4138	12.3371	0.339586		
GCA_012641725.1	GCA_046118665.1	inter_genus	Pseudoalteromonas	Rhizobium	697	4777	777	7171	12.3368			
GCA_020404845.1	GCA_042432025.1	inter_genus	Streptomyces	Xanthomonas	756	7263	615	3852	12.3347	0.306598		
GCA_001418025.1	GCA_003064125.1	inter_genus	Anoxybacillus	Xanthomonas	422	2617	419	4202	12.3332			
GCA_016598615.1	GCA_034424255.1	inter_genus	Streptomyces	Serratia	995	9740	792	4755	12.3284	0.405585		
GCA_001418655.1	GCA_001618685.1	inter_genus	Streptomyces	Geobacillus	916	9368	634	3206	12.3270			
GCA_000181535.1	GCA_025175645.1	inter_genus	Vibrio	Peribacillus	621	5066	693	5594	12.3265	0.405585		
GCA_000252995.1	GCA_045310675.1	inter_genus	Salmonella	Clostridium	451	3973	463	3443	12.3247			
GCA_001612785.1	GCA_055396975.1	inter_genus	Nocardia	Symbiobacterium	630	6744	610	3322	12.3187	0.353280		
GCA_013087605.1	GCA_030412915.1	inter_genus	Rhizobium	Nocardioides	759	6988	604	4078	12.3170	0.353280		
GCA_000382005.1	GCA_001418025.1	inter_genus	Pseudoalteromonas	Anoxybacillus	452	4528	428	2617	12.3163			
GCA_001642805.2	GCA_030412965.1	inter_genus	Serratia	Nocardioides	597	4748	572	4745	12.3143	0.339586		
GCA_001400635.1	GCA_042653945.1	inter_genus	Pseudomonas	Streptomyces	883	5205	1077	10714	12.3123	0.372583		
GCA_042432025.1	GCA_963924095.1	inter_genus	Xanthomonas	Streptomyces	622	3852	743	7236	12.3106	0.312952		
GCA_002086715.1	GCA_003443895.1	inter_genus	Mycobacteroides	Paraburkholderia	677	5117	842	7231	12.3016	0.339586		
GCA_001969825.1	GCA_002741985.1	inter_genus	Bradyrhizobium	Vibrio	788	7775	731	4574	12.3006			
GCA_001612785.1	GCA_001618685.1	inter_genus	Nocardia	Geobacillus	636	6744	587	3206	12.2915			
GCA_003064125.1	GCA_042433635.1	inter_genus	Xanthomonas	Streptomyces	583	4202	730	6482	12.2894	0.372583		
GCA_000382005.1	GCA_014201515.1	inter_genus	Pseudoalteromonas	Anoxybacillus	456	4528	432	2702	12.2822			
GCA_001612785.1	GCA_055383075.1	inter_genus	Nocardia	Symbiobacterium	641	6744	611	3457	12.2733	0.405585		
GCA_025175645.1	GCA_030412915.1	inter_genus	Peribacillus	Nocardioides	636	5594	551	4078	12.2725			
GCA_003064125.1	GCA_025642175.1	inter_genus	Xanthomonas	Streptomyces	600	4202	816	7338	12.2704	0.405585		
GCA_024169475.1	GCA_030412965.1	inter_genus	Peribacillus	Nocardioides	632	5052	570	4745	12.2691			
GCA_001618685.1	GCA_002086715.1	inter_genus	Geobacillus	Mycobacteroides	517	3206	504	5117	12.2672	0.405585		
GCA_014201515.1	GCA_902459535.1	inter_genus	Anoxybacillus	Paraburkholderia	526	2702	700	7307	12.2490	0.405585		
GCA_025175645.1	GCA_027947575.1	inter_genus	Peribacillus	Streptomyces	782	5594	797	7298	12.2479			
GCA_001580545.1	GCA_014201515.1	inter_genus	Paraburkholderia	Anoxybacillus	670	6983	516	2702	12.2457	0.405585		
GCA_021919185.1	GCA_963924095.1	inter_genus	Xanthomonas	Streptomyces	601	3852	756	7236	12.2385	0.320287		
GCA_013350005.1	GCA_014201515.1	inter_genus	Methylocystis	Anoxybacillus	399	3705	385	2702	12.2366			
GCA_003064125.1	GCA_042430785.1	inter_genus	Xanthomonas	Streptomyces	611	4202	798	7315	12.2341	0.405585		
GCA_010728525.1	GCA_039522805.1	inter_genus	Mycobacterium	Ralstonia	527	4427	556	4426	12.2331			
GCA_010728525.1	GCA_030409215.1	inter_genus	Mycobacterium	Halomonas	473	4427	527	3749	12.2309	0.405585		
GCA_000372845.1	GCA_000817815.1	inter_genus	Methylocystis	Vibrio	560	3698	592	5721	12.2306			
GCA_014201515.1	GCA_042647405.1	inter_genus	Anoxybacillus	Xanthomonas	420	2702	416	4138	12.2222	0.405585		
GCA_008386555.1	GCA_042653945.1	inter_genus	Pseudomonas	Streptomyces	869	5389	1099	10714	12.2213	0.339586		
GCA_024169475.1	GCA_042432025.1	inter_genus	Peribacillus	Xanthomonas	604	5052	484	3852	12.2192	0.405585		
GCA_014873915.1	GCA_030409215.1	inter_genus	Amycolatopsis	Halomonas	791	8602	718	3749	12.2176	0.405585		
GCA_001401215.1	GCA_001611855.1	inter_genus	Pseudomonas	Mycobacteroides	644	5215	559	4632	12.2169			
GCA_027947575.1	GCA_042432025.1	inter_genus	Streptomyces	Xanthomonas	754	7298	608	3852	12.2152	0.306598		
GCA_030412915.1	GCA_046118665.1	inter_genus	Nocardioides	Rhizobium	602	4078	772	7171	12.2144	0.339586		
GCA_002086715.1	GCA_007858165.1	inter_genus	Mycobacteroides	Pseudomonas	622	5117	702	5724	12.2129			
GCA_030412915.1	GCA_054602315.1	inter_genus	Nocardioides	Bradyrhizobium	623	4078	750	7168	12.2088	0.339586		
GCA_000817815.1	GCA_001277805.1	inter_genus	Vibrio	Geobacillus	530	5721	486	2613	12.1910			
GCA_000817815.1	GCA_001969825.1	inter_genus	Vibrio	Bradyrhizobium	789	5721	856	7775	12.1888			
GCA_042431885.1	GCA_900094605.1	inter_genus	Streptomyces	Bradyrhizobium	932	7515	993	8291	12.1789	0.312952		
GCA_002086715.1	GCA_013087605.1	inter_genus	Mycobacteroides	Rhizobium	637	5117	837	6988	12.1768	0.372583		
GCA_000181535.1	GCA_023278185.1	inter_genus	Vibrio	Bradyrhizobium	787	5066	876	8598	12.1707	0.405585		
GCA_030412965.1	GCA_034424255.1	inter_genus	Nocardioides	Serratia	569	4745	587	4755	12.1684	0.372583		
GCA_001418025.1	GCA_001580545.1	inter_genus	Anoxybacillus	Paraburkholderia	504	2617	664	6983	12.1667			
GCA_001618685.1	GCA_016598615.1	inter_genus	Geobacillus	Streptomyces	650	3206	925	9740	12.1659			
GCA_001580545.1	GCA_025821505.1	inter_genus	Paraburkholderia	Mycobacterium	795	6983	640	4819	12.1590	0.372583		
GCA_003064125.1	GCA_021390235.1	inter_genus	Xanthomonas	Streptomyces	650	4202	878	8369	12.1550	0.353280		
GCA_001611855.1	GCA_023278185.1	inter_genus	Mycobacteroides	Bradyrhizobium	697	4632	911	8598	12.1542	0.353280		
GCA_024169475.1	GCA_025642175.1	inter_genus	Peribacillus	Streptomyces	741	5052	764	7338	12.1469			
GCA_001418025.1	GCA_012641725.1	inter_genus	Anoxybacillus	Pseudoalteromonas	436	2617	462	4777	12.1450			
GCA_000181535.1	GCA_055383075.1	inter_genus	Vibrio	Symbiobacterium	538	5066	497	3457	12.1436			
GCA_001612785.1	GCA_001642805.2	inter_genus	Nocardia	Serratia	704	6744	691	4748	12.1389	0.405585		
GCA_055383075.1	GCA_900094605.1	inter_genus	Symbiobacterium	Bradyrhizobium	634	3457	792	8291	12.1382	0.339586		
GCA_014656275.1	GCA_024169475.1	inter_genus	Streptomyces	Peribacillus	914	8995	791	5052	12.1378			
GCA_002086715.1	GCA_008386555.1	inter_genus	Mycobacteroides	Pseudomonas	612	5117	663	5389	12.1359			
GCA_006365335.1	GCA_045310525.1	inter_genus	Salmonella	Clostridium	507	4587	515	3841	12.1262			
GCA_000181535.1	GCA_055396975.1	inter_genus	Vibrio	Symbiobacterium	531	5066	486	3322	12.1245			
GCA_001418025.1	GCA_902459535.1	inter_genus	Anoxybacillus	Paraburkholderia	519	2617	684	7307	12.1221			
GCA_019048805.1	GCA_045310525.1	inter_genus	Citrobacter	Clostridium	559	5176	534	3841	12.1215			
GCA_001418025.1	GCA_001611855.1	inter_genus	Anoxybacillus	Mycobacteroides	438	2617	440	4632	12.1120	0.405585		
GCA_001277805.1	GCA_001611855.1	inter_genus	Geobacillus	Mycobacteroides	433	2613	444	4632	12.1049	0.405585		
GCA_023278185.1	GCA_030412965.1	inter_genus	Bradyrhizobium	Nocardioides	905	8598	710	4745	12.1037	0.353280		
GCA_021919185.1	GCA_025642175.1	inter_genus	Xanthomonas	Streptomyces	581	3852	773	7338	12.1001	0.372583		
GCA_001611855.1	GCA_014201515.1	inter_genus	Mycobacteroides	Anoxybacillus	440	4632	447	2702	12.0944	0.405585		
GCA_025821505.1	GCA_039522805.1	inter_genus	Mycobacterium	Ralstonia	551	4819	567	4426	12.0930			
GCA_001611855.1	GCA_030406665.1	inter_genus	Mycobacteroides	Halomonas	471	4632	483	3257	12.0928	0.372583		
GCA_001969825.1	GCA_030412915.1	inter_genus	Bradyrhizobium	Nocardioides	789	7775	644	4078	12.0898	0.339586		
GCA_002086715.1	GCA_013366925.1	inter_genus	Mycobacteroides	Paraburkholderia	685	5117	926	8209	12.0891	0.372583		
GCA_014656275.1	GCA_025175645.1	inter_genus	Streptomyces	Peribacillus	925	8995	838	5594	12.0844			
GCA_003064125.1	GCA_014201515.1	inter_genus	Xanthomonas	Anoxybacillus	415	4202	419	2702	12.0800	0.405585		
GCA_025821505.1	GCA_902459595.1	inter_genus	Mycobacterium	Pandoraea	528	4819	578	4337	12.0795	0.372583		
GCA_001400635.1	GCA_001611855.1	inter_genus	Pseudomonas	Mycobacteroides	630	5205	558	4632	12.0769	0.405585		
GCA_001418655.1	GCA_024169475.1	inter_genus	Streptomyces	Peribacillus	947	9368	794	5052	12.0735			
GCA_001612785.1	GCA_034424255.1	inter_genus	Nocardia	Serratia	714	6744	674	4755	12.0706	0.372583		
GCA_021390235.1	GCA_025175645.1	inter_genus	Streptomyces	Peribacillus	866	8369	817	5594	12.0533			
GCA_014873915.1	GCA_034424255.1	inter_genus	Amycolatopsis	Serratia	846	8602	763	4755	12.0461			
GCA_001400635.1	GCA_014873915.1	inter_genus	Pseudomonas	Amycolatopsis	815	5205	848	8602	12.0446	0.372583		
GCA_006365335.1	GCA_045310675.1	inter_genus	Salmonella	Clostridium	486	4587	481	3443	12.0423			
GCA_010728525.1	GCA_054602315.1	inter_genus	Mycobacterium	Bradyrhizobium	623	4427	773	7168	12.0397	0.320287		
GCA_019048805.1	GCA_053761065.1	inter_genus	Citrobacter	Enterococcus	486	5176	454	2637	12.0312			
GCA_014656275.1	GCA_042647405.1	inter_genus	Streptomyces	Xanthomonas	922	8995	658	4138	12.0308	0.372583		
GCA_023278185.1	GCA_055396975.1	inter_genus	Bradyrhizobium	Symbiobacterium	808	8598	626	3322	12.0302	0.372583		
GCA_001277805.1	GCA_012641725.1	inter_genus	Geobacillus	Pseudoalteromonas	441	2613	448	4777	12.0298			
GCA_030406665.1	GCA_042431885.1	inter_genus	Halomonas	Streptomyces	596	3257	699	7515	12.0219	0.306598		
GCA_021390235.1	GCA_042432025.1	inter_genus	Streptomyces	Xanthomonas	837	8369	632	3852	12.0203	0.339586		
GCA_016598615.1	GCA_030409215.1	inter_genus	Streptomyces	Halomonas	903	9740	718	3749	12.0172	0.372583		
GCA_000478275.1	GCA_030409215.1	inter_genus	Amycolatopsis	Halomonas	737	8170	695	3749	12.0144	0.405585		
GCA_001401215.1	GCA_014873915.1	inter_genus	Pseudomonas	Amycolatopsis	815	5215	845	8602	12.0142	0.353280		
GCA_002086715.1	GCA_023278185.1	inter_genus	Mycobacteroides	Bradyrhizobium	715	5117	932	8598	12.0087	0.372583		
GCA_010728525.1	GCA_902459595.1	inter_genus	Mycobacterium	Pandoraea	495	4427	557	4337	12.0037	0.339586		
GCA_055396975.1	GCA_900094605.1	inter_genus	Symbiobacterium	Bradyrhizobium	603	3322	790	8291	11.9952	0.353280		
GCA_023278185.1	GCA_055383075.1	inter_genus	Bradyrhizobium	Symbiobacterium	803	8598	643	3457	11.9950	0.372583		
GCA_024169475.1	GCA_963924095.1	inter_genus	Peribacillus	Streptomyces	737	5052	736	7236	11.9873			
GCA_001544215.1	GCA_019048805.1	inter_genus	Enterococcus	Citrobacter	464	2758	487	5176	11.9864			
GCA_001580545.1	GCA_010728525.1	inter_genus	Paraburkholderia	Mycobacterium	763	6983	604	4427	11.9807			
GCA_021390235.1	GCA_021919185.1	inter_genus	Streptomyces	Xanthomonas	852	8369	612	3852	11.9794	0.353280		
GCA_021173085.2	GCA_025821505.1	inter_genus	Ralstonia	Mycobacterium	584	4826	571	4819	11.9751	0.405585		
GCA_010728525.1	GCA_021173085.2	inter_genus	Mycobacterium	Ralstonia	541	4427	567	4826	11.9745	0.372583		
GCA_001642805.2	GCA_014873915.1	inter_genus	Serratia	Amycolatopsis	765	4748	833	8602	11.9700	0.328965		
GCA_019048805.1	GCA_045310675.1	inter_genus	Citrobacter	Clostridium	533	5176	498	3443	11.9619			
GCA_012641725.1	GCA_014201515.1	inter_genus	Pseudoalteromonas	Anoxybacillus	456	4777	438	2702	11.9535			
GCA_001418655.1	GCA_042647405.1	inter_genus	Streptomyces	Xanthomonas	962	9368	652	4138	11.9502	0.405585		
GCA_000478275.1	GCA_001401215.1	inter_genus	Amycolatopsis	Pseudomonas	801	8170	798	5215	11.9462	0.353280		
GCA_030412965.1	GCA_900094605.1	inter_genus	Nocardioides	Bradyrhizobium	687	4745	870	8291	11.9438	0.372583		
GCA_001277805.1	GCA_020404845.1	inter_genus	Geobacillus	Streptomyces	529	2613	650	7263	11.9380			
GCA_003064125.1	GCA_963924095.1	inter_genus	Xanthomonas	Streptomyces	607	4202	758	7236	11.9339	0.339586		
GCA_001642805.2	GCA_045310525.1	inter_genus	Serratia	Clostridium	516	4748	509	3841	11.9339			
GCA_001639065.2	GCA_045310525.1	inter_genus	Vibrio	Clostridium	553	5034	506	3841	11.9324			
GCA_034424255.1	GCA_053761065.1	inter_genus	Serratia	Enterococcus	455	4755	427	2637	11.9318			
GCA_024169475.1	GCA_042431885.1	inter_genus	Peribacillus	Streptomyces	747	5052	752	7515	11.9281			
GCA_025821505.1	GCA_030409215.1	inter_genus	Mycobacterium	Halomonas	494	4819	527	3749	11.9164	0.405585		
GCA_024169475.1	GCA_042647405.1	inter_genus	Peribacillus	Xanthomonas	617	5052	478	4138	11.9151	0.405585		
GCA_000478275.1	GCA_034424255.1	inter_genus	Amycolatopsis	Serratia	803	8170	737	4755	11.9149	0.405585		
GCA_001969825.1	GCA_025821505.1	inter_genus	Bradyrhizobium	Mycobacterium	798	7775	702	4819	11.9104	0.353280		
GCA_000478275.1	GCA_001642805.2	inter_genus	Amycolatopsis	Serratia	793	8170	745	4748	11.9059	0.339586		
GCA_001642805.2	GCA_042653945.1	inter_genus	Serratia	Streptomyces	804	4748	1035	10714	11.8937	0.405585		
GCA_002086715.1	GCA_034424255.1	inter_genus	Mycobacteroides	Serratia	567	5117	607	4755	11.8922	0.405585		
GCA_001642805.2	GCA_053761065.1	inter_genus	Serratia	Enterococcus	450	4748	428	2637	11.8890			
GCA_002086715.1	GCA_030409215.1	inter_genus	Mycobacteroides	Halomonas	510	5117	544	3749	11.8881	0.372583		
GCA_012641725.1	GCA_054602315.1	inter_genus	Pseudoalteromonas	Bradyrhizobium	699	4777	721	7168	11.8878	0.405585		
GCA_025175645.1	GCA_030412965.1	inter_genus	Peribacillus	Nocardioides	649	5594	580	4745	11.8870			
GCA_021919185.1	GCA_024169475.1	inter_genus	Xanthomonas	Peribacillus	463	3852	595	5052	11.8823	0.405585		
GCA_013087605.1	GCA_014201515.1	inter_genus	Rhizobium	Anoxybacillus	672	6988	479	2702	11.8782			
GCA_024169475.1	GCA_054602315.1	inter_genus	Peribacillus	Bradyrhizobium	682	5052	769	7168	11.8740			
GCA_001611855.1	GCA_046118665.1	inter_genus	Mycobacteroides	Rhizobium	601	4632	800	7171	11.8699	0.405585		
GCA_001277805.1	GCA_010728525.1	inter_genus	Geobacillus	Mycobacterium	417	2613	418	4427	11.8608	0.405585		
GCA_001611855.1	GCA_042647405.1	inter_genus	Mycobacteroides	Xanthomonas	538	4632	502	4138	11.8586	0.405585		
GCA_003064125.1	GCA_014656275.1	inter_genus	Xanthomonas	Streptomyces	639	4202	925	8995	11.8512	0.353280		
GCA_002741985.1	GCA_023278185.1	inter_genus	Vibrio	Bradyrhizobium	733	4574	828	8598	11.8509			
GCA_001182745.2	GCA_042432025.1	inter_genus	Nocardia	Xanthomonas	617	6046	556	3852	11.8509	0.306598		
GCA_001612785.1	GCA_030406665.1	inter_genus	Nocardia	Halomonas	615	6744	570	3257	11.8488	0.339586		
GCA_001618685.1	GCA_014873915.1	inter_genus	Geobacillus	Amycolatopsis	626	3206	773	8602	11.8479			
GCA_000817815.1	GCA_900094605.1	inter_genus	Vibrio	Bradyrhizobium	773	5721	887	8291	11.8470			
GCA_000478275.1	GCA_001618685.1	inter_genus	Amycolatopsis	Geobacillus	729	8170	618	3206	11.8407	0.405585		
GCA_001618685.1	GCA_023278185.1	inter_genus	Geobacillus	Bradyrhizobium	596	3206	801	8598	11.8350	0.405585		
GCA_003064125.1	GCA_024169475.1	inter_genus	Xanthomonas	Peribacillus	477	4202	618	5052	11.8327	0.405585		
GCA_001642805.2	GCA_002086715.1	inter_genus	Serratia	Mycobacteroides	609	4748	558	5117	11.8297	0.353280		
GCA_000478275.1	GCA_001400635.1	inter_genus	Amycolatopsis	Pseudomonas	798	8170	784	5205	11.8280	0.353280		
GCA_023955645.1	GCA_025821505.1	inter_genus	Ralstonia	Mycobacterium	599	5136	578	4819	11.8232	0.405585		
GCA_001618685.1	GCA_900094605.1	inter_genus	Geobacillus	Bradyrhizobium	567	3206	792	8291	11.8205	0.405585		
GCA_014201515.1	GCA_046118665.1	inter_genus	Anoxybacillus	Rhizobium	481	2702	686	7171	11.8201			
GCA_016598615.1	GCA_024169475.1	inter_genus	Streptomyces	Peribacillus	942	9740	806	5052	11.8172			
GCA_010728525.1	GCA_030406665.1	inter_genus	Mycobacterium	Halomonas	445	4427	463	3257	11.8168	0.320287		
GCA_001418655.1	GCA_025175645.1	inter_genus	Streptomyces	Peribacillus	942	9368	826	5594	11.8166			
GCA_010728525.1	GCA_023955645.1	inter_genus	Mycobacterium	Ralstonia	549	4427	581	5136	11.8164	0.372583		
GCA_010728525.1	GCA_014201515.1	inter_genus	Mycobacterium	Anoxybacillus	422	4427	420	2702	11.8109	0.405585		
GCA_001611855.1	GCA_042432025.1	inter_genus	Mycobacteroides	Xanthomonas	506	4632	496	3852	11.8105	0.405585		
GCA_000817815.1	GCA_025175645.1	inter_genus	Vibrio	Peribacillus	630	5721	706	5594	11.8073			
GCA_001401215.1	GCA_002086715.1	inter_genus	Pseudomonas	Mycobacteroides	651	5215	568	5117	11.7983	0.405585		
GCA_014656275.1	GCA_030406665.1	inter_genus	Streptomyces	Halomonas	822	8995	623	3257	11.7940	0.405585		
GCA_001418025.1	GCA_042433635.1	inter_genus	Anoxybacillus	Streptomyces	481	2617	592	6482	11.7925			
GCA_025175645.1	GCA_042432025.1	inter_genus	Peribacillus	Xanthomonas	630	5594	483	3852	11.7828	0.405585		
GCA_025175645.1	GCA_054602315.1	inter_genus	Peribacillus	Bradyrhizobium	732	5594	771	7168	11.7772			
GCA_001277805.1	GCA_001580545.1	inter_genus	Geobacillus	Paraburkholderia	500	2613	630	6983	11.7757	0.405585		
GCA_001969825.1	GCA_025175645.1	inter_genus	Bradyrhizobium	Peribacillus	810	7775	763	5594	11.7660			
GCA_001611855.1	GCA_021919185.1	inter_genus	Mycobacteroides	Xanthomonas	513	4632	485	3852	11.7633	0.353280		
GCA_001418025.1	GCA_010728525.1	inter_genus	Anoxybacillus	Mycobacterium	415	2617	413	4427	11.7547	0.405585		
GCA_042431885.1	GCA_042432025.1	inter_genus	Streptomyces	Xanthomonas	745	7515	591	3852	11.7533	0.320287		
GCA_014201515.1	GCA_042433635.1	inter_genus	Anoxybacillus	Streptomyces	486	2702	592	6482	11.7378			
GCA_021919185.1	GCA_042431885.1	inter_genus	Xanthomonas	Streptomyces	560	3852	774	7515	11.7357	0.353280		
GCA_034424255.1	GCA_042653945.1	inter_genus	Serratia	Streptomyces	794	4755	1020	10714	11.7267	0.372583		
GCA_042431885.1	GCA_042647405.1	inter_genus	Streptomyces	Xanthomonas	772	7515	594	4138	11.7223	0.353280		
GCA_025175645.1	GCA_963924095.1	inter_genus	Peribacillus	Streptomyces	754	5594	749	7236	11.7147			
GCA_001612785.1	GCA_042432025.1	inter_genus	Nocardia	Xanthomonas	670	6744	571	3852	11.7120	0.353280		
GCA_001418025.1	GCA_013087605.1	inter_genus	Anoxybacillus	Rhizobium	472	2617	652	6988	11.7022			
GCA_001418025.1	GCA_003443895.1	inter_genus	Anoxybacillus	Paraburkholderia	497	2617	655	7231	11.6978			
GCA_013350005.1	GCA_025821505.1	inter_genus	Methylocystis	Mycobacterium	491	3705	506	4819	11.6964	0.372583		
GCA_023656565.1	GCA_042647405.1	inter_genus	Flavobacterium	Xanthomonas	515	4502	495	4138	11.6898			
GCA_025175645.1	GCA_042431885.1	inter_genus	Peribacillus	Streptomyces	771	5594	761	7515	11.6866			
GCA_007858165.1	GCA_025821505.1	inter_genus	Pseudomonas	Mycobacterium	635	5724	597	4819	11.6855	0.405585		
GCA_014656275.1	GCA_021919185.1	inter_genus	Streptomyces	Xanthomonas	885	8995	616	3852	11.6837	0.353280		
GCA_001182745.2	GCA_021919185.1	inter_genus	Nocardia	Xanthomonas	612	6046	544	3852	11.6791	0.291447		
GCA_001642805.2	GCA_045310675.1	inter_genus	Serratia	Clostridium	490	4748	466	3443	11.6713			
GCA_014656275.1	GCA_042432025.1	inter_genus	Streptomyces	Xanthomonas	858	8995	640	3852	11.6603	0.372583		
GCA_003443895.1	GCA_025821505.1	inter_genus	Paraburkholderia	Mycobacterium	773	7231	631	4819	11.6515	0.328965		
GCA_001418655.1	GCA_003064125.1	inter_genus	Streptomyces	Xanthomonas	951	9368	630	4202	11.6507	0.405585		
GCA_000759735.1	GCA_020404845.1	inter_genus	Citrobacter	Streptomyces	646	4575	733	7263	11.6489			
GCA_001611855.1	GCA_900094605.1	inter_genus	Mycobacteroides	Bradyrhizobium	653	4632	852	8291	11.6459	0.372583		
GCA_025175645.1	GCA_025642175.1	inter_genus	Peribacillus	Streptomyces	756	5594	750	7338	11.6455			
GCA_025821505.1	GCA_958405935.1	inter_genus	Mycobacterium	Ralstonia	558	4819	581	4962	11.6450	0.405585		
GCA_000817815.1	GCA_055396975.1	inter_genus	Vibrio	Symbiobacterium	530	5721	523	3322	11.6444			
GCA_003064125.1	GCA_042431885.1	inter_genus	Xanthomonas	Streptomyces	588	4202	776	7515	11.6412	0.353280		
GCA_000817815.1	GCA_023278185.1	inter_genus	Vibrio	Bradyrhizobium	786	5721	880	8598	11.6349			
GCA_034424255.1	GCA_045310525.1	inter_genus	Serratia	Clostridium	504	4755	496	3841	11.6333			
GCA_001969825.1	GCA_024169475.1	inter_genus	Bradyrhizobium	Peribacillus	793	7775	699	5052	11.6317			
GCA_001639065.2	GCA_045310675.1	inter_genus	Vibrio	Clostridium	516	5034	470	3443	11.6315			
GCA_016598615.1	GCA_042647405.1	inter_genus	Streptomyces	Xanthomonas	953	9740	661	4138	11.6299			
GCA_002086715.1	GCA_046118665.1	inter_genus	Mycobacteroides	Rhizobium	618	5117	811	7171	11.6292	0.372583		
GCA_023278185.1	GCA_030412915.1	inter_genus	Bradyrhizobium	Nocardioides	823	8598	651	4078	11.6283	0.328965		
GCA_000382005.1	GCA_054602315.1	inter_genus	Pseudoalteromonas	Bradyrhizobium	662	4528	698	7168	11.6279	0.405585		
GCA_010728525.1	GCA_902459665.1	inter_genus	Mycobacterium	Pandoraea	496	4427	559	4646	11.6279	0.372583		
GCA_001277805.1	GCA_042430785.1	inter_genus	Geobacillus	Streptomyces	513	2613	641	7315	11.6237			
GCA_001277805.1	GCA_027947575.1	inter_genus	Geobacillus	Streptomyces	518	2613	634	7298	11.6234			
GCA_000372845.1	GCA_025821505.1	inter_genus	Methylocystis	Mycobacterium	483	3698	506	4819	11.6121	0.405585		
GCA_014201515.1	GCA_025821505.1	inter_genus	Anoxybacillus	Mycobacterium	427	2702	446	4819	11.6075	0.405585		
GCA_002086715.1	GCA_030406665.1	inter_genus	Mycobacteroides	Halomonas	479	5117	493	3257	11.6074	0.339586		
GCA_001277805.1	GCA_025821505.1	inter_genus	Geobacillus	Mycobacterium	425	2613	437	4819	11.5985	0.405585		
GCA_003443895.1	GCA_014201515.1	inter_genus	Paraburkholderia	Anoxybacillus	659	7231	493	2702	11.5977	0.405585		
GCA_001418655.1	GCA_030406665.1	inter_genus	Streptomyces	Halomonas	850	9368	614	3257	11.5960	0.353280		
GCA_001618685.1	GCA_042653945.1	inter_genus	Geobacillus	Streptomyces	663	3206	951	10714	11.5948			
GCA_013366925.1	GCA_014201515.1	inter_genus	Paraburkholderia	Anoxybacillus	733	8209	531	2702	11.5846	0.405585		
GCA_001969825.1	GCA_010728525.1	inter_genus	Bradyrhizobium	Mycobacterium	772	7775	641	4427	11.5801	0.353280		
GCA_025821505.1	GCA_902459665.1	inter_genus	Mycobacterium	Pandoraea	524	4819	572	4646	11.5795	0.372583		
GCA_001418025.1	GCA_025821505.1	inter_genus	Anoxybacillus	Mycobacterium	421	2617	440	4819	11.5788	0.405585		
GCA_001418655.1	GCA_021919185.1	inter_genus	Streptomyces	Xanthomonas	925	9368	605	3852	11.5734	0.339586		
GCA_001611855.1	GCA_003064125.1	inter_genus	Mycobacteroides	Xanthomonas	523	4632	499	4202	11.5689	0.405585		
GCA_016598615.1	GCA_025175645.1	inter_genus	Streptomyces	Peribacillus	941	9740	830	5594	11.5495			
GCA_001400635.1	GCA_002086715.1	inter_genus	Pseudomonas	Mycobacteroides	626	5205	566	5117	11.5481	0.405585		
GCA_001418025.1	GCA_002086715.1	inter_genus	Anoxybacillus	Mycobacteroides	442	2617	451	5117	11.5464	0.405585		
GCA_010728525.1	GCA_958405935.1	inter_genus	Mycobacterium	Ralstonia	527	4427	557	4962	11.5454	0.405585		
GCA_001418655.1	GCA_042432025.1	inter_genus	Streptomyces	Xanthomonas	895	9368	631	3852	11.5431	0.353280		
GCA_001612785.1	GCA_042647405.1	inter_genus	Nocardia	Xanthomonas	683	6744	573	4138	11.5420	0.339586		
GCA_000372845.1	GCA_030412915.1	inter_genus	Methylocystis	Nocardioides	432	3698	465	4078	11.5355			
GCA_014873915.1	GCA_042647405.1	inter_genus	Amycolatopsis	Xanthomonas	825	8602	644	4138	11.5306	0.405585		
GCA_001612785.1	GCA_003064125.1	inter_genus	Nocardia	Xanthomonas	690	6744	572	4202	11.5293	0.339586		
GCA_001418025.1	GCA_046118665.1	inter_genus	Anoxybacillus	Rhizobium	471	2617	657	7171	11.5243			
GCA_014873915.1	GCA_024169475.1	inter_genus	Amycolatopsis	Peribacillus	814	8602	759	5052	11.5204			
GCA_034424255.1	GCA_045310675.1	inter_genus	Serratia	Clostridium	481	4755	463	3443	11.5150			
GCA_001277805.1	GCA_902459535.1	inter_genus	Geobacillus	Paraburkholderia	504	2613	638	7307	11.5121			
GCA_003443895.1	GCA_010728525.1	inter_genus	Paraburkholderia	Mycobacterium	741	7231	601	4427	11.5114	0.353280		
GCA_001182745.2	GCA_042647405.1	inter_genus	Nocardia	Xanthomonas	622	6046	550	4138	11.5082	0.328965		
GCA_000252995.1	GCA_019930105.1	inter_genus	Salmonella	Streptococcus	341	3973	319	1770	11.4923			
GCA_007858165.1	GCA_010728525.1	inter_genus	Pseudomonas	Mycobacterium	611	5724	555	4427	11.4866	0.405585		
GCA_001418025.1	GCA_013366925.1	inter_genus	Anoxybacillus	Paraburkholderia	521	2617	721	8209	11.4724			
GCA_001401215.1	GCA_025821505.1	inter_genus	Pseudomonas	Mycobacterium	604	5215	547	4819	11.4710	0.372583		
GCA_014201515.1	GCA_042430785.1	inter_genus	Anoxybacillus	Streptomyces	511	2702	638	7315	11.4705			
GCA_001182745.2	GCA_003064125.1	inter_genus	Nocardia	Xanthomonas	622	6046	553	4202	11.4657	0.339586		
GCA_000478275.1	GCA_042647405.1	inter_genus	Amycolatopsis	Xanthomonas	789	8170	622	4138	11.4641			
GCA_002086715.1	GCA_014201515.1	inter_genus	Mycobacteroides	Anoxybacillus	448	5117	448	2702	11.4593	0.405585		
GCA_021919185.1	GCA_025175645.1	inter_genus	Xanthomonas	Peribacillus	458	3852	624	5594	11.4546	0.405585		
GCA_000759735.1	GCA_042433635.1	inter_genus	Citrobacter	Streptomyces	609	4575	656	6482	11.4407			
GCA_019048805.1	GCA_020404845.1	inter_genus	Citrobacter	Streptomyces	671	5176	750	7263	11.4237			
GCA_001612785.1	GCA_021919185.1	inter_genus	Nocardia	Xanthomonas	664	6744	546	3852	11.4194	0.372583		
GCA_000817815.1	GCA_055383075.1	inter_genus	Vibrio	Symbiobacterium	527	5721	521	3457	11.4186			
GCA_001277805.1	GCA_003443895.1	inter_genus	Geobacillus	Paraburkholderia	497	2613	627	7231	11.4181			
GCA_001277805.1	GCA_046118665.1	inter_genus	Geobacillus	Rhizobium	469	2613	648	7171	11.4166			
GCA_025175645.1	GCA_042647405.1	inter_genus	Peribacillus	Xanthomonas	635	5594	476	4138	11.4159	0.405585		
GCA_000759735.1	GCA_030412915.1	inter_genus	Citrobacter	Nocardioides	499	4575	488	4078	11.4064	0.405585		
GCA_003064125.1	GCA_016598615.1	inter_genus	Xanthomonas	Streptomyces	647	4202	943	9740	11.4044	0.405585		
GCA_023278185.1	GCA_025821505.1	inter_genus	Bradyrhizobium	Mycobacterium	830	8598	700	4819	11.4034	0.353280		
GCA_013366925.1	GCA_025821505.1	inter_genus	Paraburkholderia	Mycobacterium	831	8209	654	4819	11.3985	0.372583		
GCA_013350005.1	GCA_030412915.1	inter_genus	Methylocystis	Nocardioides	422	3705	465	4078	11.3966	0.405585		
GCA_025821505.1	GCA_030406665.1	inter_genus	Mycobacterium	Halomonas	457	4819	463	3257	11.3918	0.328965		
GCA_001969825.1	GCA_012641725.1	inter_genus	Bradyrhizobium	Pseudoalteromonas	736	7775	693	4777	11.3846			
GCA_030409215.1	GCA_042653945.1	inter_genus	Halomonas	Streptomyces	717	3749	928	10714	11.3739	0.353280		
GCA_001277805.1	GCA_013087605.1	inter_genus	Geobacillus	Rhizobium	464	2613	628	6988	11.3738			
GCA_001277805.1	GCA_963924095.1	inter_genus	Geobacillus	Streptomyces	503	2613	617	7236	11.3717	0.405585		
GCA_000759735.1	GCA_027947575.1	inter_genus	Citrobacter	Streptomyces	640	4575	710	7298	11.3703			
GCA_023656565.1	GCA_024169475.1	inter_genus	Flavobacterium	Peribacillus	489	4502	597	5052	11.3670			
GCA_003064125.1	GCA_023656565.1	inter_genus	Xanthomonas	Flavobacterium	492	4202	497	4502	11.3626			
GCA_002086715.1	GCA_042647405.1	inter_genus	Mycobacteroides	Xanthomonas	541	5117	510	4138	11.3560	0.405585		
GCA_030412915.1	GCA_900094605.1	inter_genus	Nocardioides	Bradyrhizobium	623	4078	781	8291	11.3510	0.339586		
GCA_001418025.1	GCA_042430785.1	inter_genus	Anoxybacillus	Streptomyces	505	2617	622	7315	11.3472			
GCA_001277805.1	GCA_025642175.1	inter_genus	Geobacillus	Streptomyces	497	2613	632	7338	11.3456			
GCA_000252995.1	GCA_030412915.1	inter_genus	Salmonella	Nocardioides	448	3973	465	4078	11.3402			
GCA_002086715.1	GCA_042432025.1	inter_genus	Mycobacteroides	Xanthomonas	521	5117	496	3852	11.3391	0.353280		
GCA_000478275.1	GCA_042432025.1	inter_genus	Amycolatopsis	Xanthomonas	744	8170	619	3852	11.3375	0.372583		
GCA_000382005.1	GCA_024169475.1	inter_genus	Pseudoalteromonas	Peribacillus	518	4528	568	5052	11.3361			
GCA_010728525.1	GCA_042432025.1	inter_genus	Mycobacterium	Xanthomonas	480	4427	458	3852	11.3299	0.405585		
GCA_002086715.1	GCA_021919185.1	inter_genus	Mycobacteroides	Xanthomonas	527	5117	489	3852	11.3279	0.339586		
GCA_016598615.1	GCA_021919185.1	inter_genus	Streptomyces	Xanthomonas	927	9740	612	3852	11.3228			
GCA_001418025.1	GCA_020404845.1	inter_genus	Anoxybacillus	Streptomyces	492	2617	626	7263	11.3158			
GCA_001182745.2	GCA_024169475.1	inter_genus	Nocardia	Peribacillus	606	6046	649	5052	11.3083			
GCA_002086715.1	GCA_900094605.1	inter_genus	Mycobacteroides	Bradyrhizobium	660	5117	856	8291	11.3067	0.372583		
GCA_014873915.1	GCA_021919185.1	inter_genus	Amycolatopsis	Xanthomonas	793	8602	614	3852	11.2976	0.405585		
GCA_001277805.1	GCA_002086715.1	inter_genus	Geobacillus	Mycobacteroides	434	2613	439	5117	11.2937	0.405585		
GCA_016598615.1	GCA_042432025.1	inter_genus	Streptomyces	Xanthomonas	893	9740	642	3852	11.2934	0.372583		
GCA_016598615.1	GCA_030406665.1	inter_genus	Streptomyces	Halomonas	843	9740	623	3257	11.2795	0.405585		
GCA_008386555.1	GCA_025821505.1	inter_genus	Pseudomonas	Mycobacterium	593	5389	558	4819	11.2755	0.405585		
GCA_014873915.1	GCA_030406665.1	inter_genus	Amycolatopsis	Halomonas	730	8602	607	3257	11.2741	0.405585		
GCA_014873915.1	GCA_042432025.1	inter_genus	Amycolatopsis	Xanthomonas	774	8602	630	3852	11.2735	0.372583		
GCA_000478275.1	GCA_021919185.1	inter_genus	Amycolatopsis	Xanthomonas	760	8170	595	3852	11.2710	0.353280		
GCA_000759735.1	GCA_900475975.1	inter_genus	Citrobacter	Streptococcus	381	4575	335	1779	11.2685			
GCA_002741985.1	GCA_045310525.1	inter_genus	Vibrio	Clostridium	481	4574	467	3841	11.2656			
GCA_000478275.1	GCA_024169475.1	inter_genus	Amycolatopsis	Peribacillus	754	8170	735	5052	11.2615			
GCA_001400635.1	GCA_025821505.1	inter_genus	Pseudomonas	Mycobacterium	589	5205	539	4819	11.2530	0.372583		
GCA_001418025.1	GCA_025642175.1	inter_genus	Anoxybacillus	Streptomyces	495	2617	625	7338	11.2506			
GCA_000252995.1	GCA_020404845.1	inter_genus	Salmonella	Streptomyces	574	3973	689	7263	11.2407			
GCA_000759735.1	GCA_030412965.1	inter_genus	Citrobacter	Nocardioides	523	4575	524	4745	11.2339			
GCA_001401215.1	GCA_010728525.1	inter_genus	Pseudomonas	Mycobacterium	578	5215	505	4427	11.2321	0.372583		
GCA_025175645.1	GCA_900094605.1	inter_genus	Peribacillus	Bradyrhizobium	742	5594	816	8291	11.2207			
GCA_014201515.1	GCA_020404845.1	inter_genus	Anoxybacillus	Streptomyces	501	2702	617	7263	11.2193			
GCA_012641725.1	GCA_024169475.1	inter_genus	Pseudoalteromonas	Peribacillus	528	4777	574	5052	11.2117			
GCA_000759735.1	GCA_963924095.1	inter_genus	Citrobacter	Streptomyces	641	4575	682	7236	11.2014	0.405585		
GCA_023278185.1	GCA_025175645.1	inter_genus	Bradyrhizobium	Peribacillus	828	8598	761	5594	11.1964			
GCA_000252995.1	GCA_900475975.1	inter_genus	Salmonella	Streptococcus	333	3973	311	1779	11.1961			
GCA_000372845.1	GCA_010728525.1	inter_genus	Methylocystis	Mycobacterium	457	3698	452	4427	11.1877	0.372583		
GCA_014873915.1	GCA_025175645.1	inter_genus	Amycolatopsis	Peribacillus	813	8602	775	5594	11.1862			
GCA_001611855.1	GCA_024169475.1	inter_genus	Mycobacteroides	Peribacillus	494	4632	589	5052	11.1834			
GCA_001418025.1	GCA_963924095.1	inter_genus	Anoxybacillus	Streptomyces	495	2617	606	7236	11.1743			
GCA_003064125.1	GCA_014873915.1	inter_genus	Xanthomonas	Amycolatopsis	627	4202	803	8602	11.1684	0.372583		
GCA_023278185.1	GCA_024169475.1	inter_genus	Bradyrhizobium	Peribacillus	816	8598	708	5052	11.1648			
GCA_024169475.1	GCA_042653945.1	inter_genus	Peribacillus	Streptomyces	794	5052	965	10714	11.1569			
GCA_001182745.2	GCA_025175645.1	inter_genus	Nocardia	Peribacillus	615	6046	682	5594	11.1426			
GCA_000372845.1	GCA_001611855.1	inter_genus	Methylocystis	Mycobacteroides	458	3698	470	4632	11.1405			
GCA_030378165.1	GCA_042647405.1	inter_genus	Flavobacterium	Xanthomonas	518	4966	496	4138	11.1380			
GCA_024169475.1	GCA_900094605.1	inter_genus	Peribacillus	Bradyrhizobium	689	5052	795	8291	11.1219			
GCA_001642805.2	GCA_023656565.1	inter_genus	Serratia	Flavobacterium	526	4748	501	4502	11.1027			
GCA_000382005.1	GCA_001969825.1	inter_genus	Pseudoalteromonas	Bradyrhizobium	648	4528	717	7775	11.0949	0.405585		
GCA_014201515.1	GCA_025642175.1	inter_genus	Anoxybacillus	Streptomyces	495	2702	618	7338	11.0857			
GCA_008386555.1	GCA_010728525.1	inter_genus	Pseudomonas	Mycobacterium	567	5389	521	4427	11.0839			
GCA_042647405.1	GCA_042659905.1	inter_genus	Xanthomonas	Flavobacterium	485	4138	518	4916	11.0780			
GCA_001182745.2	GCA_001277805.1	inter_genus	Nocardia	Geobacillus	493	6046	466	2613	11.0752	0.405585		
GCA_002086715.1	GCA_003064125.1	inter_genus	Mycobacteroides	Xanthomonas	532	5117	500	4202	11.0741	0.405585		
GCA_001418025.1	GCA_027947575.1	inter_genus	Anoxybacillus	Streptomyces	490	2617	608	7298	11.0741			
GCA_019048805.1	GCA_042433635.1	inter_genus	Citrobacter	Streptomyces	624	5176	667	6482	11.0739			
GCA_000478275.1	GCA_030406665.1	inter_genus	Amycolatopsis	Halomonas	682	8170	583	3257	11.0703	0.372583		
GCA_025821505.1	GCA_046118665.1	inter_genus	Mycobacterium	Rhizobium	588	4819	739	7171	11.0676	0.339586		
GCA_010728525.1	GCA_013350005.1	inter_genus	Mycobacterium	Methylocystis	458	4427	442	3705	11.0674	0.353280		
GCA_042432025.1	GCA_042653945.1	inter_genus	Xanthomonas	Streptomyces	661	3852	949	10714	11.0531	0.353280		
GCA_010728525.1	GCA_021919185.1	inter_genus	Mycobacterium	Xanthomonas	477	4427	438	3852	11.0521	0.405585		
GCA_002741985.1	GCA_045310675.1	inter_genus	Vibrio	Clostridium	447	4574	439	3443	11.0515			
GCA_003064125.1	GCA_025175645.1	inter_genus	Xanthomonas	Peribacillus	466	4202	616	5594	11.0453	0.405585		
GCA_001639065.2	GCA_053761065.1	inter_genus	Vibrio	Enterococcus	445	5034	402	2637	11.0416			
GCA_000759735.1	GCA_019930105.1	inter_genus	Citrobacter	Streptococcus	373	4575	327	1770	11.0323			
GCA_000478275.1	GCA_025175645.1	inter_genus	Amycolatopsis	Peribacillus	751	8170	767	5594	11.0288			
GCA_025175645.1	GCA_042653945.1	inter_genus	Peribacillus	Streptomyces	838	5594	960	10714	11.0253			
GCA_025821505.1	GCA_900094605.1	inter_genus	Mycobacterium	Bradyrhizobium	656	4819	789	8291	11.0221	0.339586		
GCA_023656565.1	GCA_034424255.1	inter_genus	Flavobacterium	Serratia	499	4502	521	4755	11.0187			
GCA_000478275.1	GCA_003064125.1	inter_genus	Amycolatopsis	Xanthomonas	764	8170	598	4202	11.0087	0.405585		
GCA_025821505.1	GCA_042432025.1	inter_genus	Mycobacterium	Xanthomonas	496	4819	458	3852	11.0022	0.353280		
GCA_001277805.1	GCA_013366925.1	inter_genus	Geobacillus	Paraburkholderia	512	2613	678	8209	10.9961	0.405585		
GCA_001612785.1	GCA_024169475.1	inter_genus	Nocardia	Peribacillus	640	6744	657	5052	10.9953			
GCA_010728525.1	GCA_013366925.1	inter_genus	Mycobacterium	Paraburkholderia	599	4427	790	8209	10.9924	0.372583		
GCA_019048805.1	GCA_030412915.1	inter_genus	Citrobacter	Nocardioides	510	5176	507	4078	10.9898	0.405585		
GCA_001418025.1	GCA_042431885.1	inter_genus	Anoxybacillus	Streptomyces	496	2617	617	7515	10.9850			
GCA_023656565.1	GCA_025175645.1	inter_genus	Flavobacterium	Peribacillus	479	4502	630	5594	10.9845			
GCA_014201515.1	GCA_963924095.1	inter_genus	Anoxybacillus	Streptomyces	493	2702	598	7236	10.9781			
GCA_001400635.1	GCA_010728525.1	inter_genus	Pseudomonas	Mycobacterium	565	5205	492	4427	10.9738	0.372583		
GCA_010728525.1	GCA_023278185.1	inter_genus	Mycobacterium	Bradyrhizobium	635	4427	794	8598	10.9712	0.328965		
GCA_001611855.1	GCA_025175645.1	inter_genus	Mycobacteroides	Peribacillus	501	4632	620	5594	10.9623			
GCA_019048805.1	GCA_027947575.1	inter_genus	Citrobacter	Streptomyces	652	5176	715	7298	10.9588	0.405585		
GCA_001544215.1	GCA_030406665.1	inter_genus	Enterococcus	Halomonas	333	2758	326	3257	10.9559	0.405585		
GCA_000372845.1	GCA_030412965.1	inter_genus	Methylocystis	Nocardioides	448	3698	477	4745	10.9558	0.372583		
GCA_000759735.1	GCA_023656565.1	inter_genus	Citrobacter	Flavobacterium	511	4575	483	4502	10.9508			
GCA_012641725.1	GCA_900094605.1	inter_genus	Pseudoalteromonas	Bradyrhizobium	690	4777	741	8291	10.9504			
GCA_001612785.1	GCA_025175645.1	inter_genus	Nocardia	Peribacillus	652	6744	699	5594	10.9499			
GCA_000252995.1	GCA_042433635.1	inter_genus	Salmonella	Streptomyces	531	3973	613	6482	10.9421			
GCA_000252995.1	GCA_027947575.1	inter_genus	Salmonella	Streptomyces	569	3973	664	7298	10.9396			
GCA_014201515.1	GCA_027947575.1	inter_genus	Anoxybacillus	Streptomyces	491	2702	602	7298	10.9300			
GCA_001400635.1	GCA_045310675.1	inter_genus	Pseudomonas	Clostridium	508	5205	437	3443	10.9274			
GCA_003064125.1	GCA_042653945.1	inter_genus	Xanthomonas	Streptomyces	654	4202	975	10714	10.9212	0.339586		
GCA_042647405.1	GCA_042653945.1	inter_genus	Xanthomonas	Streptomyces	654	4138	968	10714	10.9211	0.353280		
GCA_000759735.1	GCA_021390235.1	inter_genus	Citrobacter	Streptomyces	642	4575	771	8369	10.9163			
GCA_023656565.1	GCA_042432025.1	inter_genus	Flavobacterium	Xanthomonas	458	4502	453	3852	10.9050			
GCA_000759735.1	GCA_025642175.1	inter_genus	Citrobacter	Streptomyces	608	4575	691	7338	10.9041			
GCA_001611855.1	GCA_013350005.1	inter_genus	Mycobacteroides	Methylocystis	464	4632	445	3705	10.9032			
GCA_000181535.1	GCA_045310525.1	inter_genus	Vibrio	Clostridium	510	5066	461	3841	10.9015			
GCA_001277805.1	GCA_042431885.1	inter_genus	Geobacillus	Streptomyces	495	2613	609	7515	10.9005			
GCA_001182745.2	GCA_001418025.1	inter_genus	Nocardia	Anoxybacillus	488	6046	456	2617	10.8969			
GCA_006365335.1	GCA_020404845.1	inter_genus	Salmonella	Streptomyces	594	4587	696	7263	10.8861			
GCA_000382005.1	GCA_055396975.1	inter_genus	Pseudoalteromonas	Symbiobacterium	431	4528	423	3322	10.8790			
GCA_000759735.1	GCA_042430785.1	inter_genus	Citrobacter	Streptomyces	604	4575	688	7315	10.8663			
GCA_003064125.1	GCA_030378165.1	inter_genus	Xanthomonas	Flavobacterium	486	4202	510	4966	10.8639			
GCA_010728525.1	GCA_900094605.1	inter_genus	Mycobacterium	Bradyrhizobium	615	4427	766	8291	10.8586	0.339586		
GCA_000382005.1	GCA_025175645.1	inter_genus	Pseudoalteromonas	Peribacillus	518	4528	581	5594	10.8575	0.405585		
GCA_012641725.1	GCA_023278185.1	inter_genus	Pseudoalteromonas	Bradyrhizobium	687	4777	765	8598	10.8561			
GCA_021919185.1	GCA_025821505.1	inter_genus	Xanthomonas	Mycobacterium	445	3852	496	4819	10.8523	0.372583		
GCA_013350005.1	GCA_030412965.1	inter_genus	Methylocystis	Nocardioides	443	3705	474	4745	10.8521	0.372583		
GCA_014201515.1	GCA_054602315.1	inter_genus	Anoxybacillus	Bradyrhizobium	457	2702	614	7168	10.8511			
GCA_001618685.1	GCA_023656565.1	inter_genus	Geobacillus	Flavobacterium	427	3206	409	4502	10.8459			
GCA_019048805.1	GCA_030412965.1	inter_genus	Citrobacter	Nocardioides	535	5176	541	4745	10.8457			
GCA_000382005.1	GCA_900094605.1	inter_genus	Pseudoalteromonas	Bradyrhizobium	664	4528	726	8291	10.8433			
GCA_021919185.1	GCA_042653945.1	inter_genus	Xanthomonas	Streptomyces	619	3852	960	10714	10.8403	0.353280		
GCA_019048805.1	GCA_963924095.1	inter_genus	Citrobacter	Streptomyces	648	5176	697	7236	10.8363			
GCA_001401215.1	GCA_045310675.1	inter_genus	Pseudomonas	Clostridium	502	5215	436	3443	10.8339			
GCA_013350005.1	GCA_963924095.1	inter_genus	Methylocystis	Streptomyces	550	3705	635	7236	10.8308	0.405585		
GCA_001612785.1	GCA_013350005.1	inter_genus	Nocardia	Methylocystis	599	6744	532	3705	10.8240	0.372583		
GCA_030406665.1	GCA_042653945.1	inter_genus	Halomonas	Streptomyces	632	3257	880	10714	10.8224	0.372583		
GCA_012641725.1	GCA_025175645.1	inter_genus	Pseudoalteromonas	Peribacillus	530	4777	592	5594	10.8186			
GCA_001277805.1	GCA_021390235.1	inter_genus	Geobacillus	Streptomyces	517	2613	671	8369	10.8177			
GCA_001642805.2	GCA_025821505.1	inter_genus	Serratia	Mycobacterium	529	4748	505	4819	10.8080	0.372583		
GCA_013087605.1	GCA_025821505.1	inter_genus	Rhizobium	Mycobacterium	719	6988	556	4819	10.7987	0.339586		
GCA_021919185.1	GCA_023656565.1	inter_genus	Xanthomonas	Flavobacterium	446	3852	456	4502	10.7972			
GCA_001400635.1	GCA_023656565.1	inter_genus	Pseudomonas	Flavobacterium	556	5205	492	4502	10.7963			
GCA_000372845.1	GCA_042433635.1	inter_genus	Methylocystis	Streptomyces	508	3698	591	6482	10.7957	0.405585		
GCA_000252995.1	GCA_030412965.1	inter_genus	Salmonella	Nocardioides	457	3973	484	4745	10.7938			
GCA_014201515.1	GCA_042431885.1	inter_genus	Anoxybacillus	Streptomyces	493	2702	608	7515	10.7762			
GCA_001418025.1	GCA_054602315.1	inter_genus	Anoxybacillus	Bradyrhizobium	448	2617	606	7168	10.7716			
GCA_045310675.1	GCA_902459595.1	inter_genus	Clostridium	Pandoraea	388	3443	450	4337	10.7712			
GCA_000252995.1	GCA_023656565.1	inter_genus	Salmonella	Flavobacterium	458	3973	454	4502	10.7611			
GCA_045310525.1	GCA_902459595.1	inter_genus	Clostridium	Pandoraea	424	3841	456	4337	10.7606			
GCA_000372845.1	GCA_001612785.1	inter_genus	Methylocystis	Nocardia	533	3698	590	6744	10.7546	0.372583		
GCA_001544215.1	GCA_001639065.2	inter_genus	Enterococcus	Vibrio	400	2758	438	5034	10.7546	0.405585		
GCA_000372845.1	GCA_963924095.1	inter_genus	Methylocystis	Streptomyces	541	3698	634	7236	10.7463	0.405585		
GCA_019308285.1	GCA_042647405.1	inter_genus	Flavobacterium	Xanthomonas	504	5097	488	4138	10.7417			
GCA_001182745.2	GCA_014201515.1	inter_genus	Nocardia	Anoxybacillus	481	6046	458	2702	10.7339			
GCA_001401215.1	GCA_023656565.1	inter_genus	Pseudomonas	Flavobacterium	552	5215	491	4502	10.7338			
GCA_019308285.1	GCA_024169475.1	inter_genus	Flavobacterium	Peribacillus	496	5097	593	5052	10.7301			
GCA_006365335.1	GCA_019930105.1	inter_genus	Salmonella	Streptococcus	355	4587	327	1770	10.7283			
GCA_030409215.1	GCA_053761065.1	inter_genus	Halomonas	Enterococcus	348	3749	337	2637	10.7266	0.405585		
GCA_003064125.1	GCA_042659905.1	inter_genus	Xanthomonas	Flavobacterium	478	4202	500	4916	10.7260			
GCA_039522805.1	GCA_045310675.1	inter_genus	Ralstonia	Clostridium	435	4426	409	3443	10.7256			
GCA_024169475.1	GCA_042659905.1	inter_genus	Peribacillus	Flavobacterium	591	5052	478	4916	10.7243			
GCA_006365335.1	GCA_042433635.1	inter_genus	Salmonella	Streptomyces	562	4587	625	6482	10.7236			
GCA_012641725.1	GCA_055396975.1	inter_genus	Pseudoalteromonas	Symbiobacterium	436	4777	432	3322	10.7174			
GCA_030406665.1	GCA_053761065.1	inter_genus	Halomonas	Enterococcus	317	3257	314	2637	10.7058	0.405585		
GCA_014201515.1	GCA_023656565.1	inter_genus	Anoxybacillus	Flavobacterium	388	2702	383	4502	10.7024			
GCA_014201515.1	GCA_021390235.1	inter_genus	Anoxybacillus	Streptomyces	513	2702	671	8369	10.6946			
GCA_024169475.1	GCA_030378165.1	inter_genus	Peribacillus	Flavobacterium	584	5052	487	4966	10.6908			
GCA_000759735.1	GCA_042431885.1	inter_genus	Citrobacter	Streptomyces	614	4575	678	7515	10.6865			
GCA_010728525.1	GCA_013087605.1	inter_genus	Mycobacterium	Rhizobium	524	4427	695	6988	10.6789	0.339586		
GCA_001418025.1	GCA_023656565.1	inter_genus	Anoxybacillus	Flavobacterium	385	2617	375	4502	10.6757			
GCA_000252995.1	GCA_025642175.1	inter_genus	Salmonella	Streptomyces	551	3973	656	7338	10.6710			
GCA_001418025.1	GCA_014656275.1	inter_genus	Anoxybacillus	Streptomyces	526	2617	713	8995	10.6700			
GCA_003064125.1	GCA_019308285.1	inter_genus	Xanthomonas	Flavobacterium	486	4202	505	5097	10.6571			
GCA_039522805.1	GCA_045310525.1	inter_genus	Ralstonia	Clostridium	447	4426	434	3841	10.6568			
GCA_000759735.1	GCA_001182745.2	inter_genus	Citrobacter	Nocardia	571	4575	560	6046	10.6487			
GCA_001642805.2	GCA_010728525.1	inter_genus	Serratia	Mycobacterium	508	4748	469	4427	10.6485	0.372583		
GCA_010728525.1	GCA_046118665.1	inter_genus	Mycobacterium	Rhizobium	531	4427	704	7171	10.6484	0.339586		
GCA_000372845.1	GCA_025642175.1	inter_genus	Methylocystis	Streptomyces	529	3698	646	7338	10.6470	0.372583		
GCA_001277805.1	GCA_001612785.1	inter_genus	Geobacillus	Nocardia	473	2613	523	6744	10.6444			
GCA_002086715.1	GCA_024169475.1	inter_genus	Mycobacteroides	Peribacillus	498	5117	584	5052	10.6402			
GCA_001418025.1	GCA_001612785.1	inter_genus	Anoxybacillus	Nocardia	472	2617	524	6744	10.6399			
GCA_000181535.1	GCA_045310675.1	inter_genus	Vibrio	Clostridium	480	5066	425	3443	10.6358			
GCA_000759735.1	GCA_001611855.1	inter_genus	Citrobacter	Mycobacteroides	503	4575	476	4632	10.6332	0.405585		
GCA_025821505.1	GCA_034424255.1	inter_genus	Mycobacterium	Serratia	498	4819	520	4755	10.6330			
GCA_001418025.1	GCA_021390235.1	inter_genus	Anoxybacillus	Streptomyces	505	2617	663	8369	10.6317			
GCA_013350005.1	GCA_042433635.1	inter_genus	Methylocystis	Streptomyces	497	3705	586	6482	10.6312	0.405585		
GCA_000372845.1	GCA_002086715.1	inter_genus	Methylocystis	Mycobacteroides	464	3698	473	5117	10.6296	0.405585		
GCA_010728525.1	GCA_042647405.1	inter_genus	Mycobacterium	Xanthomonas	464	4427	446	4138	10.6246	0.372583		
GCA_000372845.1	GCA_024169475.1	inter_genus	Methylocystis	Peribacillus	426	3698	502	5052	10.6057			
GCA_003064125.1	GCA_010728525.1	inter_genus	Xanthomonas	Mycobacterium	444	4202	471	4427	10.6038	0.372583		
GCA_000372845.1	GCA_020404845.1	inter_genus	Methylocystis	Streptomyces	519	3698	643	7263	10.6012	0.405585		
GCA_019048805.1	GCA_021390235.1	inter_genus	Citrobacter	Streptomyces	646	5176	789	8369	10.5943			
GCA_001182745.2	GCA_013350005.1	inter_genus	Nocardia	Methylocystis	538	6046	495	3705	10.5938	0.353280		
GCA_019048805.1	GCA_025642175.1	inter_genus	Citrobacter	Streptomyces	618	5176	707	7338	10.5881			
GCA_002086715.1	GCA_025175645.1	inter_genus	Mycobacteroides	Peribacillus	509	5117	624	5594	10.5779			
GCA_001544215.1	GCA_030409215.1	inter_genus	Enterococcus	Halomonas	336	2758	352	3749	10.5732	0.405585		
GCA_006365335.1	GCA_027947575.1	inter_genus	Salmonella	Streptomyces	592	4587	664	7298	10.5679			
GCA_000252995.1	GCA_963924095.1	inter_genus	Salmonella	Streptomyces	553	3973	631	7236	10.5629			
GCA_025821505.1	GCA_042647405.1	inter_genus	Mycobacterium	Xanthomonas	490	4819	456	4138	10.5616	0.353280		
GCA_000382005.1	GCA_055383075.1	inter_genus	Pseudoalteromonas	Symbiobacterium	420	4528	423	3457	10.5573			
GCA_001642805.2	GCA_030378165.1	inter_genus	Serratia	Flavobacterium	527	4748	498	4966	10.5518			
GCA_014201515.1	GCA_014656275.1	inter_genus	Anoxybacillus	Streptomyces	519	2702	714	8995	10.5412			
GCA_010728525.1	GCA_024169475.1	inter_genus	Mycobacterium	Peribacillus	464	4427	535	5052	10.5391			
GCA_045310525.1	GCA_902459665.1	inter_genus	Clostridium	Pandoraea	428	3841	466	4646	10.5338			
GCA_019930105.1	GCA_034424255.1	inter_genus	Streptococcus	Serratia	321	1770	366	4755	10.5287			
GCA_013350005.1	GCA_024169475.1	inter_genus	Methylocystis	Peribacillus	422	3705	500	5052	10.5287			
GCA_006365335.1	GCA_030412915.1	inter_genus	Salmonella	Nocardioides	446	4587	466	4078	10.5251	0.405585		
GCA_001400635.1	GCA_045310525.1	inter_genus	Pseudomonas	Clostridium	507	5205	445	3841	10.5240			
GCA_001401215.1	GCA_045310525.1	inter_genus	Pseudomonas	Clostridium	506	5215	447	3841	10.5234			
GCA_001612785.1	GCA_014201515.1	inter_genus	Nocardia	Anoxybacillus	520	6744	473	2702	10.5124			
GCA_007858165.1	GCA_045310675.1	inter_genus	Pseudomonas	Clostridium	509	5724	454	3443	10.5051			
GCA_019048805.1	GCA_042430785.1	inter_genus	Citrobacter	Streptomyces	618	5176	694	7315	10.5036			
GCA_034424255.1	GCA_042659905.1	inter_genus	Serratia	Flavobacterium	511	4755	504	4916	10.4953			
GCA_001642805.2	GCA_019930105.1	inter_genus	Serratia	Streptococcus	364	4748	320	1770	10.4940			
GCA_006365335.1	GCA_900475975.1	inter_genus	Salmonella	Streptococcus	348	4587	320	1779	10.4932			
GCA_000382005.1	GCA_023278185.1	inter_genus	Pseudoalteromonas	Bradyrhizobium	644	4528	733	8598	10.4906			
GCA_030378165.1	GCA_042432025.1	inter_genus	Flavobacterium	Xanthomonas	462	4966	463	3852	10.4899			
GCA_000252995.1	GCA_042430785.1	inter_genus	Salmonella	Streptomyces	541	3973	643	7315	10.4890			
GCA_024169475.1	GCA_025821505.1	inter_genus	Peribacillus	Mycobacterium	546	5052	489	4819	10.4853			
GCA_007858165.1	GCA_023656565.1	inter_genus	Pseudomonas	Flavobacterium	567	5724	505	4502	10.4831			
GCA_012641725.1	GCA_055383075.1	inter_genus	Pseudoalteromonas	Symbiobacterium	436	4777	427	3457	10.4809			
GCA_000252995.1	GCA_001182745.2	inter_genus	Salmonella	Nocardia	519	3973	531	6046	10.4801			
GCA_030406665.1	GCA_045310675.1	inter_genus	Halomonas	Clostridium	347	3257	355	3443	10.4776			
GCA_008386555.1	GCA_023656565.1	inter_genus	Pseudomonas	Flavobacterium	545	5389	491	4502	10.4742			
GCA_010728525.1	GCA_025175645.1	inter_genus	Mycobacterium	Peribacillus	475	4427	574	5594	10.4680			
GCA_000372845.1	GCA_001182745.2	inter_genus	Methylocystis	Nocardia	490	3698	530	6046	10.4680	0.372583		
GCA_021919185.1	GCA_030378165.1	inter_genus	Xanthomonas	Flavobacterium	457	3852	466	4966	10.4672			
GCA_010728525.1	GCA_034424255.1	inter_genus	Mycobacterium	Serratia	465	4427	496	4755	10.4661			
GCA_001642805.2	GCA_042659905.1	inter_genus	Serratia	Flavobacterium	514	4748	497	4916	10.4615			
GCA_000759735.1	GCA_014656275.1	inter_genus	Citrobacter	Streptomyces	632	4575	787	8995	10.4569			
GCA_030378165.1	GCA_034424255.1	inter_genus	Flavobacterium	Serratia	501	4966	515	4755	10.4516			
GCA_001277805.1	GCA_054602315.1	inter_genus	Geobacillus	Bradyrhizobium	437	2613	585	7168	10.4488			
GCA_008386555.1	GCA_045310525.1	inter_genus	Pseudomonas	Clostridium	503	5389	461	3841	10.4442			
GCA_030409215.1	GCA_045310675.1	inter_genus	Halomonas	Clostridium	376	3749	375	3443	10.4422			
GCA_021919185.1	GCA_042659905.1	inter_genus	Xanthomonas	Flavobacterium	446	3852	469	4916	10.4357			
GCA_000372845.1	GCA_042430785.1	inter_genus	Methylocystis	Streptomyces	518	3698	630	7315	10.4240	0.353280		
GCA_030409215.1	GCA_045310525.1	inter_genus	Halomonas	Clostridium	401	3749	390	3841	10.4216			
GCA_000372845.1	GCA_042431885.1	inter_genus	Methylocystis	Streptomyces	537	3698	631	7515	10.4165	0.405585		
GCA_000759735.1	GCA_042659905.1	inter_genus	Citrobacter	Flavobacterium	502	4575	486	4916	10.4099			
GCA_045310675.1	GCA_902459665.1	inter_genus	Clostridium	Pandoraea	388	3443	454	4646	10.4092			
GCA_001618685.1	GCA_019308285.1	inter_genus	Geobacillus	Flavobacterium	434	3206	430	5097	10.4059			
GCA_001418025.1	GCA_001418655.1	inter_genus	Anoxybacillus	Streptomyces	518	2617	729	9368	10.4047			
GCA_001401215.1	GCA_030378165.1	inter_genus	Pseudomonas	Flavobacterium	557	5215	502	4966	10.4017			
GCA_042432025.1	GCA_042659905.1	inter_genus	Xanthomonas	Flavobacterium	450	3852	462	4916	10.4015			
GCA_013350005.1	GCA_042431885.1	inter_genus	Methylocystis	Streptomyces	532	3705	635	7515	10.4011	0.405585		
GCA_025175645.1	GCA_025821505.1	inter_genus	Peribacillus	Mycobacterium	576	5594	507	4819	10.4005			
GCA_025175645.1	GCA_042659905.1	inter_genus	Peribacillus	Flavobacterium	624	5594	469	4916	10.3996			
GCA_008386555.1	GCA_045310675.1	inter_genus	Pseudomonas	Clostridium	479	5389	439	3443	10.3940			
GCA_001400635.1	GCA_030378165.1	inter_genus	Pseudomonas	Flavobacterium	556	5205	501	4966	10.3923			
GCA_000252995.1	GCA_001611855.1	inter_genus	Salmonella	Mycobacteroides	448	3973	446	4632	10.3893	0.405585		
GCA_025175645.1	GCA_030378165.1	inter_genus	Peribacillus	Flavobacterium	628	5594	469	4966	10.3883			
GCA_002741985.1	GCA_053761065.1	inter_genus	Vibrio	Enterococcus	381	4574	368	2637	10.3869			
GCA_003064125.1	GCA_025821505.1	inter_genus	Xanthomonas	Mycobacterium	452	4202	485	4819	10.3869	0.353280		
GCA_000252995.1	GCA_021390235.1	inter_genus	Salmonella	Streptomyces	567	3973	714	8369	10.3792			
GCA_013350005.1	GCA_025642175.1	inter_genus	Methylocystis	Streptomyces	513	3705	633	7338	10.3776	0.405585		
GCA_000759735.1	GCA_030378165.1	inter_genus	Citrobacter	Flavobacterium	507	4575	482	4966	10.3658			
GCA_000382005.1	GCA_023656565.1	inter_genus	Pseudoalteromonas	Flavobacterium	480	4528	456	4502	10.3654	0.405585		
GCA_001400635.1	GCA_042659905.1	inter_genus	Pseudomonas	Flavobacterium	551	5205	498	4916	10.3646			
GCA_019048805.1	GCA_023656565.1	inter_genus	Citrobacter	Flavobacterium	514	5176	489	4502	10.3637			
GCA_002086715.1	GCA_013350005.1	inter_genus	Mycobacteroides	Methylocystis	469	5117	445	3705	10.3605	0.405585		
GCA_019308285.1	GCA_042432025.1	inter_genus	Flavobacterium	Xanthomonas	473	5097	454	3852	10.3587			
GCA_030406665.1	GCA_045310525.1	inter_genus	Halomonas	Clostridium	356	3257	379	3841	10.3550			
GCA_000759735.1	GCA_001612785.1	inter_genus	Citrobacter	Nocardia	572	4575	600	6744	10.3543			
GCA_019048805.1	GCA_042431885.1	inter_genus	Citrobacter	Streptomyces	623	5176	691	7515	10.3538			
GCA_001618685.1	GCA_030378165.1	inter_genus	Geobacillus	Flavobacterium	425	3206	421	4966	10.3524			
GCA_001544215.1	GCA_002741985.1	inter_genus	Enterococcus	Vibrio	374	2758	385	4574	10.3519			
GCA_019308285.1	GCA_021919185.1	inter_genus	Flavobacterium	Xanthomonas	476	5097	450	3852	10.3475			
GCA_001277805.1	GCA_014656275.1	inter_genus	Geobacillus	Streptomyces	500	2613	701	8995	10.3463			
GCA_001642805.2	GCA_019308285.1	inter_genus	Serratia	Flavobacterium	523	4748	495	5097	10.3403			
GCA_006365335.1	GCA_025642175.1	inter_genus	Salmonella	Streptomyces	569	4587	664	7338	10.3396			
GCA_013350005.1	GCA_020404845.1	inter_genus	Methylocystis	Streptomyces	505	3705	628	7263	10.3301			
GCA_001618685.1	GCA_042659905.1	inter_genus	Geobacillus	Flavobacterium	426	3206	413	4916	10.3300			
GCA_007858165.1	GCA_045310525.1	inter_genus	Pseudomonas	Clostridium	522	5724	466	3841	10.3293			
GCA_013350005.1	GCA_042430785.1	inter_genus	Methylocystis	Streptomyces	516	3705	622	7315	10.3267	0.405585		
GCA_019308285.1	GCA_025175645.1	inter_genus	Flavobacterium	Peribacillus	480	5097	624	5594	10.3264			
GCA_006365335.1	GCA_963924095.1	inter_genus	Salmonella	Streptomyces	578	4587	642	7236	10.3189			
GCA_001401215.1	GCA_042659905.1	inter_genus	Pseudomonas	Flavobacterium	542	5215	503	4916	10.3149			
GCA_000478275.1	GCA_001277805.1	inter_genus	Amycolatopsis	Geobacillus	613	8170	498	2613	10.3033	0.405585		
GCA_000759735.1	GCA_001418655.1	inter_genus	Citrobacter	Streptomyces	621	4575	814	9368	10.2919			
GCA_000372845.1	GCA_025175645.1	inter_genus	Methylocystis	Peribacillus	429	3698	527	5594	10.2884			
GCA_000817815.1	GCA_045310525.1	inter_genus	Vibrio	Clostridium	505	5721	478	3841	10.2803			
GCA_006365335.1	GCA_042430785.1	inter_genus	Salmonella	Streptomyces	562	4587	658	7315	10.2504			
GCA_001418655.1	GCA_014201515.1	inter_genus	Streptomyces	Anoxybacillus	728	9368	509	2702	10.2486			
GCA_001277805.1	GCA_014873915.1	inter_genus	Geobacillus	Amycolatopsis	500	2613	649	8602	10.2452			
GCA_019308285.1	GCA_034424255.1	inter_genus	Flavobacterium	Serratia	497	5097	512	4755	10.2416			
GCA_001277805.1	GCA_001418655.1	inter_genus	Geobacillus	Streptomyces	497	2613	728	9368	10.2245			
GCA_014656275.1	GCA_019048805.1	inter_genus	Streptomyces	Citrobacter	805	8995	643	5176	10.2181			
GCA_000252995.1	GCA_042431885.1	inter_genus	Salmonella	Streptomyces	544	3973	629	7515	10.2107			
GCA_019048805.1	GCA_019930105.1	inter_genus	Citrobacter	Streptococcus	379	5176	330	1770	10.2073			
GCA_021173085.2	GCA_023656565.1	inter_genus	Ralstonia	Flavobacterium	492	4826	459	4502	10.1951			
GCA_000252995.1	GCA_019308285.1	inter_genus	Salmonella	Flavobacterium	452	3973	472	5097	10.1874			
GCA_000181535.1	GCA_053761065.1	inter_genus	Vibrio	Enterococcus	415	5066	368	2637	10.1649			
GCA_000759735.1	GCA_016598615.1	inter_genus	Citrobacter	Streptomyces	639	4575	816	9740	10.1642			
GCA_000759735.1	GCA_019308285.1	inter_genus	Citrobacter	Flavobacterium	503	4575	480	5097	10.1634			
GCA_013350005.1	GCA_025175645.1	inter_genus	Methylocystis	Peribacillus	423	3705	521	5594	10.1516			
GCA_007858165.1	GCA_042659905.1	inter_genus	Pseudomonas	Flavobacterium	555	5724	524	4916	10.1410			
GCA_001182745.2	GCA_019048805.1	inter_genus	Nocardia	Citrobacter	563	6046	575	5176	10.1408			
GCA_006365335.1	GCA_030412965.1	inter_genus	Salmonella	Nocardioides	459	4587	487	4745	10.1372	0.405585		
GCA_023656565.1	GCA_902459595.1	inter_genus	Flavobacterium	Pandoraea	426	4502	470	4337	10.1369			
GCA_006365335.1	GCA_021390235.1	inter_genus	Salmonella	Streptomyces	588	4587	724	8369	10.1266	0.405585		
GCA_019048805.1	GCA_900475975.1	inter_genus	Citrobacter	Streptococcus	378	5176	326	1779	10.1222			
GCA_000759735.1	GCA_002086715.1	inter_genus	Citrobacter	Mycobacteroides	501	4575	480	5117	10.1217			
GCA_023656565.1	GCA_958405935.1	inter_genus	Flavobacterium	Ralstonia	458	4502	499	4962	10.1120			
GCA_001182745.2	GCA_006365335.1	inter_genus	Nocardia	Salmonella	544	6046	531	4587	10.1100			
GCA_021173085.2	GCA_045310525.1	inter_genus	Ralstonia	Clostridium	437	4826	439	3841	10.1073			
GCA_000252995.1	GCA_042659905.1	inter_genus	Salmonella	Flavobacterium	445	3973	453	4916	10.1024			
GCA_001611855.1	GCA_006365335.1	inter_genus	Mycobacteroides	Salmonella	459	4632	472	4587	10.0987			
GCA_001401215.1	GCA_019308285.1	inter_genus	Pseudomonas	Flavobacterium	538	5215	503	5097	10.0950			
GCA_023656565.1	GCA_039522805.1	inter_genus	Flavobacterium	Ralstonia	431	4502	470	4426	10.0918			
GCA_023955645.1	GCA_045310525.1	inter_genus	Ralstonia	Clostridium	459	5136	446	3841	10.0813			
GCA_045310525.1	GCA_958405935.1	inter_genus	Clostridium	Ralstonia	439	3841	448	4962	10.0761			
GCA_001400635.1	GCA_019308285.1	inter_genus	Pseudomonas	Flavobacterium	538	5205	500	5097	10.0757			
GCA_001418025.1	GCA_030378165.1	inter_genus	Anoxybacillus	Flavobacterium	388	2617	376	4966	10.0752			
GCA_001418025.1	GCA_001969825.1	inter_genus	Anoxybacillus	Bradyrhizobium	446	2617	601	7775	10.0751			
GCA_000478275.1	GCA_000759735.1	inter_genus	Amycolatopsis	Citrobacter	662	8170	621	4575	10.0667	0.405585		
GCA_001418655.1	GCA_019048805.1	inter_genus	Streptomyces	Citrobacter	826	9368	638	5176	10.0660			
GCA_013350005.1	GCA_021390235.1	inter_genus	Methylocystis	Streptomyces	537	3705	678	8369	10.0629	0.405585		
GCA_006365335.1	GCA_023656565.1	inter_genus	Salmonella	Flavobacterium	467	4587	447	4502	10.0561			
GCA_000817815.1	GCA_045310675.1	inter_genus	Vibrio	Clostridium	472	5721	449	3443	10.0502			
GCA_021173085.2	GCA_045310675.1	inter_genus	Ralstonia	Clostridium	422	4826	409	3443	10.0496			
GCA_021173085.2	GCA_042659905.1	inter_genus	Ralstonia	Flavobacterium	490	4826	489	4916	10.0493			
GCA_000478275.1	GCA_001418025.1	inter_genus	Amycolatopsis	Anoxybacillus	590	8170	493	2617	10.0399			
GCA_034424255.1	GCA_900475975.1	inter_genus	Serratia	Streptococcus	353	4755	302	1779	10.0245			
GCA_000252995.1	GCA_030378165.1	inter_genus	Salmonella	Flavobacterium	447	3973	449	4966	10.0235			
GCA_001969825.1	GCA_014201515.1	inter_genus	Bradyrhizobium	Anoxybacillus	603	7775	447	2702	10.0220			
GCA_000372845.1	GCA_021390235.1	inter_genus	Methylocystis	Streptomyces	526	3698	683	8369	10.0191	0.405585		
GCA_000372845.1	GCA_027947575.1	inter_genus	Methylocystis	Streptomyces	499	3698	602	7298	10.0127			
GCA_001277805.1	GCA_023656565.1	inter_genus	Geobacillus	Flavobacterium	360	2613	352	4502	10.0070			
GCA_000382005.1	GCA_030378165.1	inter_genus	Pseudoalteromonas	Flavobacterium	487	4528	463	4966	10.0063			
GCA_001642805.2	GCA_900475975.1	inter_genus	Serratia	Streptococcus	350	4748	303	1779	10.0046			
GCA_023656565.1	GCA_023955645.1	inter_genus	Flavobacterium	Ralstonia	458	4502	506	5136	10.0021			
GCA_001639065.2	GCA_019930105.1	inter_genus	Vibrio	Streptococcus	369	5034	311	1770	9.9941			
GCA_012641725.1	GCA_023656565.1	inter_genus	Pseudoalteromonas	Flavobacterium	473	4777	454	4502	9.9903			
GCA_016598615.1	GCA_019048805.1	inter_genus	Streptomyces	Citrobacter	832	9740	658	5176	9.9893			
GCA_001612785.1	GCA_019048805.1	inter_genus	Nocardia	Citrobacter	611	6744	579	5176	9.9832			
GCA_013350005.1	GCA_027947575.1	inter_genus	Methylocystis	Streptomyces	487	3705	611	7298	9.9791	0.405585		
GCA_008386555.1	GCA_042659905.1	inter_genus	Pseudomonas	Flavobacterium	534	5389	494	4916	9.9757			
GCA_001418025.1	GCA_019308285.1	inter_genus	Anoxybacillus	Flavobacterium	386	2617	383	5097	9.9689			
GCA_001611855.1	GCA_019048805.1	inter_genus	Mycobacteroides	Citrobacter	479	4632	498	5176	9.9613	0.405585		
GCA_002741985.1	GCA_023656565.1	inter_genus	Vibrio	Flavobacterium	464	4574	440	4502	9.9603			
GCA_001277805.1	GCA_001969825.1	inter_genus	Geobacillus	Bradyrhizobium	442	2613	592	7775	9.9538			
GCA_000252995.1	GCA_001612785.1	inter_genus	Salmonella	Nocardia	510	3973	556	6744	9.9468			
GCA_045310675.1	GCA_958405935.1	inter_genus	Clostridium	Ralstonia	404	3443	431	4962	9.9346			
GCA_007858165.1	GCA_030378165.1	inter_genus	Pseudomonas	Flavobacterium	560	5724	502	4966	9.9345			
GCA_023955645.1	GCA_045310675.1	inter_genus	Ralstonia	Clostridium	435	5136	417	3443	9.9312			
GCA_019048805.1	GCA_042659905.1	inter_genus	Citrobacter	Flavobacterium	509	5176	493	4916	9.9287			
GCA_019930105.1	GCA_030406665.1	inter_genus	Streptococcus	Halomonas	245	1770	254	3257	9.9264			
GCA_014201515.1	GCA_019308285.1	inter_genus	Anoxybacillus	Flavobacterium	388	2702	386	5097	9.9243			
GCA_000759735.1	GCA_025821505.1	inter_genus	Citrobacter	Mycobacterium	470	4575	462	4819	9.9212			
GCA_001418025.1	GCA_016598615.1	inter_genus	Anoxybacillus	Streptomyces	514	2617	711	9740	9.9134			
GCA_000759735.1	GCA_014873915.1	inter_genus	Citrobacter	Amycolatopsis	618	4575	688	8602	9.9112			
GCA_014201515.1	GCA_042659905.1	inter_genus	Anoxybacillus	Flavobacterium	382	2702	372	4916	9.8976			
GCA_021173085.2	GCA_030378165.1	inter_genus	Ralstonia	Flavobacterium	498	4826	470	4966	9.8856			
GCA_014201515.1	GCA_030378165.1	inter_genus	Anoxybacillus	Flavobacterium	385	2702	373	4966	9.8852			
GCA_023656565.1	GCA_902459665.1	inter_genus	Flavobacterium	Pandoraea	433	4502	471	4646	9.8819			
GCA_008386555.1	GCA_030378165.1	inter_genus	Pseudomonas	Flavobacterium	537	5389	485	4966	9.8696			
GCA_000478275.1	GCA_014201515.1	inter_genus	Amycolatopsis	Anoxybacillus	583	8170	490	2702	9.8694			
GCA_001639065.2	GCA_900475975.1	inter_genus	Vibrio	Streptococcus	364	5034	308	1779	9.8635			
GCA_014201515.1	GCA_016598615.1	inter_genus	Anoxybacillus	Streptomyces	513	2702	714	9740	9.8618			
GCA_014201515.1	GCA_900094605.1	inter_genus	Anoxybacillus	Bradyrhizobium	455	2702	629	8291	9.8608			
GCA_001418025.1	GCA_042659905.1	inter_genus	Anoxybacillus	Flavobacterium	378	2617	364	4916	9.8500			
GCA_006365335.1	GCA_042431885.1	inter_genus	Salmonella	Streptomyces	559	4587	633	7515	9.8496			
GCA_001418025.1	GCA_014873915.1	inter_genus	Anoxybacillus	Amycolatopsis	497	2617	608	8602	9.8494			
GCA_001418025.1	GCA_900094605.1	inter_genus	Anoxybacillus	Bradyrhizobium	448	2617	624	8291	9.8276			
GCA_019048805.1	GCA_030378165.1	inter_genus	Citrobacter	Flavobacterium	511	5176	485	4966	9.8205			
GCA_030378165.1	GCA_039522805.1	inter_genus	Flavobacterium	Ralstonia	438	4966	482	4426	9.7956			
GCA_019308285.1	GCA_021173085.2	inter_genus	Flavobacterium	Ralstonia	470	5097	502	4826	9.7954			
GCA_030378165.1	GCA_958405935.1	inter_genus	Flavobacterium	Ralstonia	467	4966	504	4962	9.7804			
GCA_002741985.1	GCA_019930105.1	inter_genus	Vibrio	Streptococcus	326	4574	294	1770	9.7730			
GCA_000252995.1	GCA_014656275.1	inter_genus	Salmonella	Streptomyces	548	3973	718	8995	9.7625			
GCA_000478275.1	GCA_019048805.1	inter_genus	Amycolatopsis	Citrobacter	682	8170	620	5176	9.7557	0.405585		
GCA_001277805.1	GCA_016598615.1	inter_genus	Geobacillus	Streptomyces	503	2613	702	9740	9.7547			
GCA_039522805.1	GCA_042659905.1	inter_genus	Ralstonia	Flavobacterium	465	4426	445	4916	9.7410			
GCA_000478275.1	GCA_013350005.1	inter_genus	Amycolatopsis	Methylocystis	623	8170	532	3705	9.7263	0.405585		
GCA_001639065.2	GCA_023656565.1	inter_genus	Vibrio	Flavobacterium	481	5034	446	4502	9.7211			
GCA_000382005.1	GCA_042659905.1	inter_genus	Pseudoalteromonas	Flavobacterium	466	4528	452	4916	9.7205	0.405585		
GCA_012641725.1	GCA_030378165.1	inter_genus	Pseudoalteromonas	Flavobacterium	488	4777	459	4966	9.7198			
GCA_042659905.1	GCA_902459595.1	inter_genus	Flavobacterium	Pandoraea	433	4916	466	4337	9.7158			
GCA_000372845.1	GCA_000478275.1	inter_genus	Methylocystis	Amycolatopsis	532	3698	621	8170	9.7152	0.405585		
GCA_045310675.1	GCA_902459535.1	inter_genus	Clostridium	Paraburkholderia	470	3443	574	7307	9.7116			
GCA_023955645.1	GCA_030378165.1	inter_genus	Ralstonia	Flavobacterium	510	5136	470	4966	9.7010			
GCA_023656565.1	GCA_045310525.1	inter_genus	Flavobacterium	Clostridium	389	4502	420	3841	9.6968			
GCA_030378165.1	GCA_902459595.1	inter_genus	Flavobacterium	Pandoraea	433	4966	469	4337	9.6958			
GCA_019308285.1	GCA_039522805.1	inter_genus	Flavobacterium	Ralstonia	438	5097	485	4426	9.6923			
GCA_030406665.1	GCA_900475975.1	inter_genus	Halomonas	Streptococcus	249	3257	239	1779	9.6902			
GCA_014201515.1	GCA_014873915.1	inter_genus	Anoxybacillus	Amycolatopsis	488	2702	607	8602	9.6868			
GCA_007858165.1	GCA_019308285.1	inter_genus	Pseudomonas	Flavobacterium	546	5724	502	5097	9.6849			
GCA_000252995.1	GCA_001418655.1	inter_genus	Salmonella	Streptomyces	542	3973	749	9368	9.6769			
GCA_000382005.1	GCA_019308285.1	inter_genus	Pseudoalteromonas	Flavobacterium	470	4528	460	5097	9.6623			
GCA_008386555.1	GCA_019308285.1	inter_genus	Pseudomonas	Flavobacterium	526	5389	487	5097	9.6605			
GCA_023955645.1	GCA_042659905.1	inter_genus	Ralstonia	Flavobacterium	496	5136	475	4916	9.6598			
GCA_023656565.1	GCA_045310675.1	inter_genus	Flavobacterium	Clostridium	364	4502	403	3443	9.6539	0.405585		
GCA_001639065.2	GCA_030412915.1	inter_genus	Vibrio	Nocardioides	445	5034	434	4078	9.6466			
GCA_030378165.1	GCA_902459665.1	inter_genus	Flavobacterium	Pandoraea	445	4966	482	4646	9.6442			
GCA_000817815.1	GCA_053761065.1	inter_genus	Vibrio	Enterococcus	413	5721	393	2637	9.6435	0.405585		
GCA_000759735.1	GCA_010728525.1	inter_genus	Citrobacter	Mycobacterium	447	4575	421	4427	9.6423			
GCA_014201515.1	GCA_023278185.1	inter_genus	Anoxybacillus	Bradyrhizobium	457	2702	632	8598	9.6372			
GCA_000252995.1	GCA_002086715.1	inter_genus	Salmonella	Mycobacteroides	437	3973	439	5117	9.6370			
GCA_045310525.1	GCA_902459535.1	inter_genus	Clostridium	Paraburkholderia	490	3841	584	7307	9.6340			
GCA_001418025.1	GCA_023278185.1	inter_genus	Anoxybacillus	Bradyrhizobium	452	2617	628	8598	9.6300			
GCA_000759735.1	GCA_042653945.1	inter_genus	Citrobacter	Streptomyces	643	4575	829	10714	9.6278	0.405585		
GCA_012641725.1	GCA_019308285.1	inter_genus	Pseudoalteromonas	Flavobacterium	483	4777	467	5097	9.6212			
GCA_012641725.1	GCA_042659905.1	inter_genus	Pseudoalteromonas	Flavobacterium	479	4777	453	4916	9.6152			
GCA_042659905.1	GCA_902459665.1	inter_genus	Flavobacterium	Pandoraea	445	4916	474	4646	9.6110			
GCA_002086715.1	GCA_019048805.1	inter_genus	Mycobacteroides	Citrobacter	485	5117	504	5176	9.6085			
GCA_002741985.1	GCA_900475975.1	inter_genus	Vibrio	Streptococcus	315	4574	295	1779	9.6018			
GCA_000181535.1	GCA_001544215.1	inter_genus	Vibrio	Enterococcus	396	5066	355	2758	9.5987	0.405585		
GCA_019048805.1	GCA_019308285.1	inter_genus	Citrobacter	Flavobacterium	504	5176	482	5097	9.5980			
GCA_042659905.1	GCA_958405935.1	inter_genus	Flavobacterium	Ralstonia	466	4916	482	4962	9.5971			
GCA_006365335.1	GCA_030378165.1	inter_genus	Salmonella	Flavobacterium	465	4587	451	4966	9.5886			
GCA_000252995.1	GCA_025821505.1	inter_genus	Salmonella	Mycobacterium	418	3973	425	4819	9.5883			
GCA_019930105.1	GCA_030409215.1	inter_genus	Streptococcus	Halomonas	250	1770	279	3749	9.5851			
GCA_001612785.1	GCA_006365335.1	inter_genus	Nocardia	Salmonella	570	6744	516	4587	9.5843			
GCA_014873915.1	GCA_019048805.1	inter_genus	Amycolatopsis	Citrobacter	697	8602	623	5176	9.5805			
GCA_019308285.1	GCA_958405935.1	inter_genus	Flavobacterium	Ralstonia	461	5097	502	4962	9.5735			
GCA_001277805.1	GCA_023278185.1	inter_genus	Geobacillus	Bradyrhizobium	447	2613	626	8598	9.5710			
GCA_013087605.1	GCA_045310675.1	inter_genus	Rhizobium	Clostridium	571	6988	427	3443	9.5676			
GCA_000372845.1	GCA_014656275.1	inter_genus	Methylocystis	Streptomyces	516	3698	697	8995	9.5564			
GCA_001544215.1	GCA_902459595.1	inter_genus	Enterococcus	Pandoraea	325	2758	353	4337	9.5560	0.405585		
GCA_019308285.1	GCA_902459665.1	inter_genus	Flavobacterium	Pandoraea	449	5097	482	4646	9.5556			
GCA_006365335.1	GCA_014656275.1	inter_genus	Salmonella	Streptomyces	563	4587	734	8995	9.5494			
GCA_013087605.1	GCA_045310525.1	inter_genus	Rhizobium	Clostridium	582	6988	452	3841	9.5484			
GCA_006365335.1	GCA_042659905.1	inter_genus	Salmonella	Flavobacterium	454	4587	453	4916	9.5444			
GCA_000817815.1	GCA_001544215.1	inter_genus	Vibrio	Enterococcus	412	5721	397	2758	9.5412			
GCA_045310525.1	GCA_046118665.1	inter_genus	Clostridium	Rhizobium	458	3841	592	7171	9.5351			
GCA_042432025.1	GCA_045310675.1	inter_genus	Xanthomonas	Clostridium	341	3852	354	3443	9.5271			
GCA_000252995.1	GCA_010728525.1	inter_genus	Salmonella	Mycobacterium	402	3973	397	4427	9.5119			
GCA_006365335.1	GCA_019308285.1	inter_genus	Salmonella	Flavobacterium	462	4587	459	5097	9.5105			
GCA_039522805.1	GCA_053761065.1	inter_genus	Ralstonia	Enterococcus	342	4426	329	2637	9.5002	0.372583		
GCA_019048805.1	GCA_042653945.1	inter_genus	Citrobacter	Streptomyces	654	5176	855	10714	9.4965			
GCA_000252995.1	GCA_000478275.1	inter_genus	Salmonella	Amycolatopsis	545	3973	608	8170	9.4952			
GCA_001277805.1	GCA_019308285.1	inter_genus	Geobacillus	Flavobacterium	367	2613	365	5097	9.4942			
GCA_002741985.1	GCA_019308285.1	inter_genus	Vibrio	Flavobacterium	474	4574	444	5097	9.4923			
GCA_001639065.2	GCA_042433635.1	inter_genus	Vibrio	Streptomyces	542	5034	550	6482	9.4825	0.405585		
GCA_001544215.1	GCA_039522805.1	inter_genus	Enterococcus	Ralstonia	333	2758	348	4426	9.4794	0.372583		
GCA_002741985.1	GCA_042659905.1	inter_genus	Vibrio	Flavobacterium	465	4574	434	4916	9.4731	0.405585		
GCA_001277805.1	GCA_042659905.1	inter_genus	Geobacillus	Flavobacterium	358	2613	355	4916	9.4700			
GCA_001639065.2	GCA_030412965.1	inter_genus	Vibrio	Nocardioides	471	5034	455	4745	9.4693			
GCA_000372845.1	GCA_001418655.1	inter_genus	Methylocystis	Streptomyces	515	3698	721	9368	9.4597			
GCA_045310675.1	GCA_046118665.1	inter_genus	Clostridium	Rhizobium	434	3443	570	7171	9.4592			
GCA_001639065.2	GCA_020404845.1	inter_genus	Vibrio	Streptomyces	559	5034	604	7263	9.4576			
GCA_001639065.2	GCA_019308285.1	inter_genus	Vibrio	Flavobacterium	493	5034	465	5097	9.4561			
GCA_053761065.1	GCA_902459595.1	inter_genus	Enterococcus	Pandoraea	315	2637	343	4337	9.4350	0.405585		
GCA_001418655.1	GCA_006365335.1	inter_genus	Streptomyces	Salmonella	760	9368	556	4587	9.4303	0.372583		
GCA_001277805.1	GCA_030378165.1	inter_genus	Geobacillus	Flavobacterium	359	2613	355	4966	9.4208			
GCA_023656565.1	GCA_030406665.1	inter_genus	Flavobacterium	Halomonas	358	4502	372	3257	9.4084			
GCA_019308285.1	GCA_023955645.1	inter_genus	Flavobacterium	Ralstonia	461	5097	501	5136	9.4010			
GCA_030412915.1	GCA_053761065.1	inter_genus	Nocardioides	Enterococcus	330	4078	301	2637	9.3969	0.405585		
GCA_013350005.1	GCA_014656275.1	inter_genus	Methylocystis	Streptomyces	505	3705	688	8995	9.3937			
GCA_006365335.1	GCA_025821505.1	inter_genus	Salmonella	Mycobacterium	439	4587	443	4819	9.3770	0.372583		
GCA_001277805.1	GCA_042653945.1	inter_genus	Geobacillus	Streptomyces	522	2613	727	10714	9.3720			
GCA_001639065.2	GCA_042659905.1	inter_genus	Vibrio	Flavobacterium	484	5034	448	4916	9.3668			
GCA_000252995.1	GCA_014873915.1	inter_genus	Salmonella	Amycolatopsis	546	3973	631	8602	9.3598			
GCA_001277805.1	GCA_900094605.1	inter_genus	Geobacillus	Bradyrhizobium	427	2613	593	8291	9.3544			
GCA_013350005.1	GCA_014873915.1	inter_genus	Methylocystis	Amycolatopsis	516	3705	635	8602	9.3524	0.405585		
GCA_030378165.1	GCA_045310525.1	inter_genus	Flavobacterium	Clostridium	394	4966	429	3841	9.3448	0.405585		
GCA_001639065.2	GCA_030378165.1	inter_genus	Vibrio	Flavobacterium	489	5034	445	4966	9.3400			
GCA_002741985.1	GCA_030378165.1	inter_genus	Vibrio	Flavobacterium	463	4574	428	4966	9.3396			
GCA_001544215.1	GCA_042432025.1	inter_genus	Enterococcus	Xanthomonas	315	2758	302	3852	9.3343	0.405585		
GCA_001580545.1	GCA_023656565.1	inter_genus	Paraburkholderia	Flavobacterium	580	6983	492	4502	9.3339			
GCA_019930105.1	GCA_902459595.1	inter_genus	Streptococcus	Pandoraea	257	1770	313	4337	9.3336			
GCA_023656565.1	GCA_030409215.1	inter_genus	Flavobacterium	Halomonas	375	4502	395	3749	9.3322			
GCA_000252995.1	GCA_016598615.1	inter_genus	Salmonella	Streptomyces	545	3973	734	9740	9.3269			
GCA_001418025.1	GCA_042653945.1	inter_genus	Anoxybacillus	Streptomyces	514	2617	729	10714	9.3241			
GCA_042432025.1	GCA_053761065.1	inter_genus	Xanthomonas	Enterococcus	301	3852	304	2637	9.3235	0.405585		
GCA_023656565.1	GCA_902459535.1	inter_genus	Flavobacterium	Paraburkholderia	493	4502	608	7307	9.3234			
GCA_001401215.1	GCA_001544215.1	inter_genus	Pseudomonas	Enterococcus	390	5215	353	2758	9.3190	0.405585		
GCA_001400635.1	GCA_001544215.1	inter_genus	Pseudomonas	Enterococcus	388	5205	354	2758	9.3181	0.405585		
GCA_002086715.1	GCA_006365335.1	inter_genus	Mycobacteroides	Salmonella	447	5117	457	4587	9.3157			
GCA_001418655.1	GCA_013350005.1	inter_genus	Streptomyces	Methylocystis	716	9368	500	3705	9.3016			
GCA_030409215.1	GCA_900475975.1	inter_genus	Halomonas	Streptococcus	273	3749	241	1779	9.2981			
GCA_000478275.1	GCA_006365335.1	inter_genus	Amycolatopsis	Salmonella	625	8170	561	4587	9.2969			
GCA_001580545.1	GCA_042659905.1	inter_genus	Paraburkholderia	Flavobacterium	596	6983	510	4916	9.2949			
GCA_013350005.1	GCA_045310675.1	inter_genus	Methylocystis	Clostridium	327	3705	337	3443	9.2893			
GCA_019308285.1	GCA_902459595.1	inter_genus	Flavobacterium	Pandoraea	420	5097	456	4337	9.2856			
GCA_030412915.1	GCA_045310675.1	inter_genus	Nocardioides	Clostridium	356	4078	342	3443	9.2807	0.405585		
GCA_014201515.1	GCA_042653945.1	inter_genus	Anoxybacillus	Streptomyces	510	2702	732	10714	9.2576			
GCA_000817815.1	GCA_023656565.1	inter_genus	Vibrio	Flavobacterium	494	5721	451	4502	9.2439			
GCA_001544215.1	GCA_902459665.1	inter_genus	Enterococcus	Pandoraea	324	2758	360	4646	9.2382	0.405585		
GCA_001580545.1	GCA_045310675.1	inter_genus	Paraburkholderia	Clostridium	523	6983	439	3443	9.2269			
GCA_021919185.1	GCA_045310675.1	inter_genus	Xanthomonas	Clostridium	323	3852	350	3443	9.2255			
GCA_019048805.1	GCA_025821505.1	inter_genus	Citrobacter	Mycobacterium	464	5176	458	4819	9.2246			
GCA_001544215.1	GCA_008386555.1	inter_genus	Enterococcus	Pseudomonas	364	2758	387	5389	9.2181	0.405585		
GCA_006365335.1	GCA_014873915.1	inter_genus	Salmonella	Amycolatopsis	563	4587	652	8602	9.2122			
GCA_001580545.1	GCA_045310525.1	inter_genus	Paraburkholderia	Clostridium	533	6983	464	3841	9.2110			
GCA_002741985.1	GCA_042433635.1	inter_genus	Vibrio	Streptomyces	493	4574	525	6482	9.2077			
GCA_001544215.1	GCA_007858165.1	inter_genus	Enterococcus	Pseudomonas	370	2758	410	5724	9.1959	0.405585		
GCA_000372845.1	GCA_014873915.1	inter_genus	Methylocystis	Amycolatopsis	513	3698	617	8602	9.1870			
GCA_042659905.1	GCA_045310525.1	inter_genus	Flavobacterium	Clostridium	388	4916	416	3841	9.1812	0.405585		
GCA_003443895.1	GCA_045310525.1	inter_genus	Paraburkholderia	Clostridium	548	7231	468	3841	9.1763			
GCA_000372845.1	GCA_016598615.1	inter_genus	Methylocystis	Streptomyces	522	3698	711	9740	9.1755			
GCA_000372845.1	GCA_023656565.1	inter_genus	Methylocystis	Flavobacterium	377	3698	375	4502	9.1707			
GCA_042433635.1	GCA_045310525.1	inter_genus	Streptomyces	Clostridium	496	6482	450	3841	9.1640			
GCA_030378165.1	GCA_045310675.1	inter_genus	Flavobacterium	Clostridium	368	4966	402	3443	9.1569	0.405585		
GCA_042659905.1	GCA_902459535.1	inter_genus	Flavobacterium	Paraburkholderia	508	4916	611	7307	9.1549			
GCA_042432025.1	GCA_045310525.1	inter_genus	Xanthomonas	Clostridium	342	3852	362	3841	9.1512			
GCA_013087605.1	GCA_023656565.1	inter_genus	Rhizobium	Flavobacterium	565	6988	486	4502	9.1471			
GCA_000372845.1	GCA_045310675.1	inter_genus	Methylocystis	Clostridium	326	3698	327	3443	9.1444			
GCA_030412915.1	GCA_045310525.1	inter_genus	Nocardioides	Clostridium	364	4078	360	3841	9.1426	0.405585		
GCA_001580545.1	GCA_030378165.1	inter_genus	Paraburkholderia	Flavobacterium	593	6983	499	4966	9.1388			
GCA_021919185.1	GCA_053761065.1	inter_genus	Xanthomonas	Enterococcus	291	3852	302	2637	9.1385	0.405585		
GCA_030409215.1	GCA_042659905.1	inter_genus	Halomonas	Flavobacterium	407	3749	384	4916	9.1287			
GCA_013350005.1	GCA_016598615.1	inter_genus	Methylocystis	Streptomyces	512	3705	715	9740	9.1261			
GCA_030378165.1	GCA_046118665.1	inter_genus	Flavobacterium	Rhizobium	523	4966	584	7171	9.1209			
GCA_002741985.1	GCA_030412915.1	inter_genus	Vibrio	Nocardioides	402	4574	387	4078	9.1193			
GCA_001400635.1	GCA_053761065.1	inter_genus	Pseudomonas	Enterococcus	375	5205	340	2637	9.1176	0.405585		
GCA_030378165.1	GCA_902459535.1	inter_genus	Flavobacterium	Paraburkholderia	502	4966	615	7307	9.1013			
GCA_006365335.1	GCA_016598615.1	inter_genus	Salmonella	Streptomyces	569	4587	733	9740	9.0877			
GCA_013087605.1	GCA_030378165.1	inter_genus	Rhizobium	Flavobacterium	579	6988	507	4966	9.0848			
GCA_001544215.1	GCA_030412915.1	inter_genus	Enterococcus	Nocardioides	301	2758	320	4078	9.0843	0.405585		
GCA_001639065.2	GCA_027947575.1	inter_genus	Vibrio	Streptomyces	551	5034	569	7298	9.0821	0.405585		
GCA_001580545.1	GCA_019308285.1	inter_genus	Paraburkholderia	Flavobacterium	594	6983	503	5097	9.0811			
GCA_002741985.1	GCA_020404845.1	inter_genus	Vibrio	Streptomyces	501	4574	573	7263	9.0732			
GCA_010728525.1	GCA_019048805.1	inter_genus	Mycobacterium	Citrobacter	425	4427	446	5176	9.0701			
GCA_000817815.1	GCA_019308285.1	inter_genus	Vibrio	Flavobacterium	508	5721	473	5097	9.0682			
GCA_001401215.1	GCA_053761065.1	inter_genus	Pseudomonas	Enterococcus	375	5215	335	2637	9.0423	0.405585		
GCA_006365335.1	GCA_010728525.1	inter_genus	Salmonella	Mycobacterium	413	4587	402	4427	9.0415	0.372583		
GCA_019308285.1	GCA_045310525.1	inter_genus	Flavobacterium	Clostridium	395	5097	413	3841	9.0401	0.405585		
GCA_013087605.1	GCA_042659905.1	inter_genus	Rhizobium	Flavobacterium	578	6988	498	4916	9.0390			
GCA_053761065.1	GCA_902459665.1	inter_genus	Enterococcus	Pandoraea	310	2637	348	4646	9.0347	0.405585		
GCA_003443895.1	GCA_045310675.1	inter_genus	Paraburkholderia	Clostridium	521	7231	443	3443	9.0313			
GCA_001544215.1	GCA_021919185.1	inter_genus	Enterococcus	Xanthomonas	306	2758	290	3852	9.0166	0.405585		
GCA_019308285.1	GCA_045310675.1	inter_genus	Flavobacterium	Clostridium	371	5097	399	3443	9.0164	0.372583		
GCA_001639065.2	GCA_042430785.1	inter_genus	Vibrio	Streptomyces	545	5034	567	7315	9.0048			
GCA_000817815.1	GCA_030378165.1	inter_genus	Vibrio	Flavobacterium	502	5721	460	4966	9.0016			
GCA_019308285.1	GCA_902459535.1	inter_genus	Flavobacterium	Paraburkholderia	506	5097	610	7307	8.9971			
GCA_030378165.1	GCA_030409215.1	inter_genus	Flavobacterium	Halomonas	382	4966	402	3749	8.9960			
GCA_019930105.1	GCA_902459665.1	inter_genus	Streptococcus	Pandoraea	259	1770	318	4646	8.9931			
GCA_030378165.1	GCA_030406665.1	inter_genus	Flavobacterium	Halomonas	363	4966	376	3257	8.9870			
GCA_000252995.1	GCA_042653945.1	inter_genus	Salmonella	Streptomyces	549	3973	770	10714	8.9807			
GCA_003443895.1	GCA_023656565.1	inter_genus	Paraburkholderia	Flavobacterium	564	7231	489	4502	8.9747			
GCA_001639065.2	GCA_025642175.1	inter_genus	Vibrio	Streptomyces	532	5034	578	7338	8.9719			
GCA_013350005.1	GCA_045310525.1	inter_genus	Methylocystis	Clostridium	328	3705	349	3841	8.9716			
GCA_021919185.1	GCA_045310525.1	inter_genus	Xanthomonas	Clostridium	333	3852	357	3841	8.9692			
GCA_021173085.2	GCA_053761065.1	inter_genus	Ralstonia	Enterococcus	339	4826	330	2637	8.9642	0.372583		
GCA_030406665.1	GCA_042659905.1	inter_genus	Halomonas	Flavobacterium	372	3257	359	4916	8.9441			
GCA_001639065.2	GCA_963924095.1	inter_genus	Vibrio	Streptomyces	543	5034	554	7236	8.9405			
GCA_000817815.1	GCA_042659905.1	inter_genus	Vibrio	Flavobacterium	493	5721	458	4916	8.9405			
GCA_042433635.1	GCA_045310675.1	inter_genus	Streptomyces	Clostridium	478	6482	409	3443	8.9370	0.405585		
GCA_023656565.1	GCA_046118665.1	inter_genus	Flavobacterium	Rhizobium	486	4502	557	7171	8.9351			
GCA_003443895.1	GCA_042659905.1	inter_genus	Paraburkholderia	Flavobacterium	579	7231	504	4916	8.9158			
GCA_000181535.1	GCA_020404845.1	inter_genus	Vibrio	Streptomyces	529	5066	570	7263	8.9139			
GCA_000372845.1	GCA_045310525.1	inter_genus	Methylocystis	Clostridium	327	3698	345	3841	8.9136			
GCA_042659905.1	GCA_046118665.1	inter_genus	Flavobacterium	Rhizobium	503	4916	574	7171	8.9104			
GCA_001544215.1	GCA_042647405.1	inter_genus	Enterococcus	Xanthomonas	309	2758	305	4138	8.9037	0.405585		
GCA_007858165.1	GCA_053761065.1	inter_genus	Pseudomonas	Enterococcus	392	5724	352	2637	8.8985	0.405585		
GCA_013350005.1	GCA_042653945.1	inter_genus	Methylocystis	Streptomyces	538	3705	745	10714	8.8980			
GCA_042659905.1	GCA_045310675.1	inter_genus	Flavobacterium	Clostridium	355	4916	387	3443	8.8767	0.405585		
GCA_001544215.1	GCA_021173085.2	inter_genus	Enterococcus	Ralstonia	331	2758	342	4826	8.8739	0.372583		
GCA_013087605.1	GCA_019308285.1	inter_genus	Rhizobium	Flavobacterium	569	6988	502	5097	8.8622			
GCA_019308285.1	GCA_046118665.1	inter_genus	Flavobacterium	Rhizobium	512	5097	575	7171	8.8604			
GCA_000181535.1	GCA_030412915.1	inter_genus	Vibrio	Nocardioides	420	5066	390	4078	8.8583			
GCA_053761065.1	GCA_958405935.1	inter_genus	Enterococcus	Ralstonia	330	2637	343	4962	8.8564	0.372583		
GCA_002741985.1	GCA_030412965.1	inter_genus	Vibrio	Nocardioides	413	4574	412	4745	8.8529			
GCA_000181535.1	GCA_023656565.1	inter_genus	Vibrio	Flavobacterium	443	5066	404	4502	8.8524			
GCA_013366925.1	GCA_023656565.1	inter_genus	Paraburkholderia	Flavobacterium	620	8209	505	4502	8.8506			
GCA_019308285.1	GCA_030409215.1	inter_genus	Flavobacterium	Halomonas	382	5097	400	3749	8.8402			
GCA_002741985.1	GCA_027947575.1	inter_genus	Vibrio	Streptomyces	496	4574	552	7298	8.8275			
GCA_001544215.1	GCA_003064125.1	inter_genus	Enterococcus	Xanthomonas	313	2758	301	4202	8.8218	0.405585		
GCA_001639065.2	GCA_042431885.1	inter_genus	Vibrio	Streptomyces	540	5034	567	7515	8.8214			
GCA_008386555.1	GCA_053761065.1	inter_genus	Pseudomonas	Enterococcus	369	5389	337	2637	8.7964	0.405585		
GCA_042433635.1	GCA_053761065.1	inter_genus	Streptomyces	Enterococcus	438	6482	364	2637	8.7948			
GCA_000181535.1	GCA_042433635.1	inter_genus	Vibrio	Streptomyces	504	5066	511	6482	8.7894	0.405585		
GCA_046118665.1	GCA_053761065.1	inter_genus	Rhizobium	Enterococcus	498	7171	364	2637	8.7887	0.405585		
GCA_042647405.1	GCA_053761065.1	inter_genus	Xanthomonas	Enterococcus	292	4138	303	2637	8.7823	0.405585		
GCA_019308285.1	GCA_030406665.1	inter_genus	Flavobacterium	Halomonas	363	5097	370	3257	8.7742			
GCA_030412965.1	GCA_045310675.1	inter_genus	Nocardioides	Clostridium	356	4745	362	3443	8.7689	0.405585		
GCA_000181535.1	GCA_030412965.1	inter_genus	Vibrio	Nocardioides	448	5066	412	4745	8.7657			
GCA_000817815.1	GCA_020404845.1	inter_genus	Vibrio	Streptomyces	544	5721	594	7263	8.7646			
GCA_000382005.1	GCA_045310675.1	inter_genus	Pseudoalteromonas	Clostridium	352	4528	346	3443	8.7567			
GCA_001182745.2	GCA_001639065.2	inter_genus	Nocardia	Vibrio	459	6046	511	5034	8.7545			
GCA_000181535.1	GCA_027947575.1	inter_genus	Vibrio	Streptomyces	528	5066	554	7298	8.7512	0.405585		
GCA_013350005.1	GCA_023656565.1	inter_genus	Methylocystis	Flavobacterium	357	3705	361	4502	8.7486			
GCA_042647405.1	GCA_045310525.1	inter_genus	Xanthomonas	Clostridium	335	4138	363	3841	8.7480			
GCA_013366925.1	GCA_042659905.1	inter_genus	Paraburkholderia	Flavobacterium	638	8209	510	4916	8.7467			
GCA_013366925.1	GCA_030378165.1	inter_genus	Paraburkholderia	Flavobacterium	649	8209	503	4966	8.7438			
GCA_003064125.1	GCA_045310675.1	inter_genus	Xanthomonas	Clostridium	324	4202	344	3443	8.7377			
GCA_001544215.1	GCA_958405935.1	inter_genus	Enterococcus	Ralstonia	329	2758	345	4962	8.7306	0.372583		
GCA_000817815.1	GCA_019930105.1	inter_genus	Vibrio	Streptococcus	341	5721	313	1770	8.7305			
GCA_023955645.1	GCA_053761065.1	inter_genus	Ralstonia	Enterococcus	345	5136	332	2637	8.7096	0.372583		
GCA_020404845.1	GCA_045310525.1	inter_genus	Streptomyces	Clostridium	516	7263	451	3841	8.7086			
GCA_000181535.1	GCA_019930105.1	inter_genus	Vibrio	Streptococcus	328	5066	267	1770	8.7039			
GCA_019930105.1	GCA_030412915.1	inter_genus	Streptococcus	Nocardioides	244	1770	265	4078	8.7038	0.405585		
GCA_000372845.1	GCA_042653945.1	inter_genus	Methylocystis	Streptomyces	529	3698	725	10714	8.7011			
GCA_042647405.1	GCA_045310675.1	inter_genus	Xanthomonas	Clostridium	318	4138	341	3443	8.6928			
GCA_001544215.1	GCA_046118665.1	inter_genus	Enterococcus	Rhizobium	359	2758	504	7171	8.6917	0.405585		
GCA_000382005.1	GCA_001544215.1	inter_genus	Pseudoalteromonas	Enterococcus	322	4528	311	2758	8.6879			
GCA_000382005.1	GCA_045310525.1	inter_genus	Pseudoalteromonas	Clostridium	372	4528	355	3841	8.6868			
GCA_012641725.1	GCA_045310675.1	inter_genus	Pseudoalteromonas	Clostridium	360	4777	354	3443	8.6861			
GCA_003443895.1	GCA_030378165.1	inter_genus	Paraburkholderia	Flavobacterium	572	7231	487	4966	8.6825			
GCA_002741985.1	GCA_025642175.1	inter_genus	Vibrio	Streptomyces	477	4574	557	7338	8.6803			
GCA_002741985.1	GCA_042430785.1	inter_genus	Vibrio	Streptomyces	483	4574	549	7315	8.6803			
GCA_013366925.1	GCA_019308285.1	inter_genus	Paraburkholderia	Flavobacterium	648	8209	506	5097	8.6728			
GCA_042430785.1	GCA_045310525.1	inter_genus	Streptomyces	Clostridium	522	7315	444	3841	8.6590			
GCA_001544215.1	GCA_042433635.1	inter_genus	Enterococcus	Streptomyces	364	2758	436	6482	8.6580			
GCA_000382005.1	GCA_030412915.1	inter_genus	Pseudoalteromonas	Nocardioides	366	4528	379	4078	8.6568			
GCA_001639065.2	GCA_021390235.1	inter_genus	Vibrio	Streptomyces	558	5034	602	8369	8.6548	0.405585		
GCA_003064125.1	GCA_053761065.1	inter_genus	Xanthomonas	Enterococcus	289	4202	302	2637	8.6416	0.405585		
GCA_019930105.1	GCA_039522805.1	inter_genus	Streptococcus	Ralstonia	245	1770	290	4426	8.6346	0.405585		
GCA_006365335.1	GCA_042653945.1	inter_genus	Salmonella	Streptomyces	564	4587	757	10714	8.6334			
GCA_020404845.1	GCA_045310675.1	inter_genus	Streptomyces	Clostridium	505	7263	419	3443	8.6307			
GCA_001544215.1	GCA_023955645.1	inter_genus	Enterococcus	Ralstonia	335	2758	346	5136	8.6268	0.372583		
GCA_013087605.1	GCA_053761065.1	inter_genus	Rhizobium	Enterococcus	479	6988	350	2637	8.6130	0.405585		
GCA_001611855.1	GCA_002741985.1	inter_genus	Mycobacteroides	Vibrio	383	4632	409	4574	8.6031			
GCA_001544215.1	GCA_013087605.1	inter_genus	Enterococcus	Rhizobium	349	2758	489	6988	8.5984	0.405585		
GCA_012641725.1	GCA_045310525.1	inter_genus	Pseudoalteromonas	Clostridium	373	4777	368	3841	8.5983			
GCA_025642175.1	GCA_045310525.1	inter_genus	Streptomyces	Clostridium	514	7338	447	3841	8.5965			
GCA_000372845.1	GCA_019930105.1	inter_genus	Methylocystis	Streptococcus	243	3698	227	1770	8.5955			
GCA_000817815.1	GCA_042433635.1	inter_genus	Vibrio	Streptomyces	509	5721	539	6482	8.5881			
GCA_013350005.1	GCA_019930105.1	inter_genus	Methylocystis	Streptococcus	237	3705	233	1770	8.5845			
GCA_013366925.1	GCA_045310675.1	inter_genus	Paraburkholderia	Clostridium	563	8209	437	3443	8.5822			
GCA_003064125.1	GCA_045310525.1	inter_genus	Xanthomonas	Clostridium	330	4202	360	3841	8.5789			
GCA_030412965.1	GCA_045310525.1	inter_genus	Nocardioides	Clostridium	363	4745	373	3841	8.5721			
GCA_900475975.1	GCA_902459595.1	inter_genus	Streptococcus	Pandoraea	235	1779	289	4337	8.5677			
GCA_030412965.1	GCA_053761065.1	inter_genus	Nocardioides	Enterococcus	321	4745	311	2637	8.5614	0.405585		
GCA_013366925.1	GCA_045310525.1	inter_genus	Paraburkholderia	Clostridium	576	8209	455	3841	8.5560			
GCA_000372845.1	GCA_042659905.1	inter_genus	Methylocystis	Flavobacterium	368	3698	369	4916	8.5558			
GCA_001639065.2	GCA_014656275.1	inter_genus	Vibrio	Streptomyces	563	5034	637	8995	8.5537			
GCA_027947575.1	GCA_045310525.1	inter_genus	Streptomyces	Clostridium	506	7298	446	3841	8.5465			
GCA_023656565.1	GCA_055383075.1	inter_genus	Flavobacterium	Symbiobacterium	320	4502	360	3457	8.5438			
GCA_042430785.1	GCA_045310675.1	inter_genus	Streptomyces	Clostridium	500	7315	419	3443	8.5425			
GCA_012641725.1	GCA_030412915.1	inter_genus	Pseudoalteromonas	Nocardioides	368	4777	388	4078	8.5375			
GCA_000181535.1	GCA_900475975.1	inter_genus	Vibrio	Streptococcus	323	5066	261	1779	8.5318			
GCA_002741985.1	GCA_963924095.1	inter_genus	Vibrio	Streptomyces	484	4574	522	7236	8.5182			
GCA_003443895.1	GCA_019308285.1	inter_genus	Paraburkholderia	Flavobacterium	567	7231	482	5097	8.5091			
GCA_000817815.1	GCA_900475975.1	inter_genus	Vibrio	Streptococcus	335	5721	303	1779	8.5067			
GCA_000181535.1	GCA_019308285.1	inter_genus	Vibrio	Flavobacterium	442	5066	422	5097	8.5014			
GCA_000181535.1	GCA_042659905.1	inter_genus	Vibrio	Flavobacterium	445	5066	402	4916	8.4853			
GCA_001611855.1	GCA_001639065.2	inter_genus	Mycobacteroides	Vibrio	380	4632	440	5034	8.4833			
GCA_000372845.1	GCA_001544215.1	inter_genus	Methylocystis	Enterococcus	272	3698	275	2758	8.4727			
GCA_000382005.1	GCA_053761065.1	inter_genus	Pseudoalteromonas	Enterococcus	309	4528	297	2637	8.4578			
GCA_023656565.1	GCA_055396975.1	inter_genus	Flavobacterium	Symbiobacterium	311	4502	350	3322	8.4484			
GCA_000372845.1	GCA_053761065.1	inter_genus	Methylocystis	Enterococcus	265	3698	270	2637	8.4451			
GCA_001544215.1	GCA_012641725.1	inter_genus	Enterococcus	Pseudoalteromonas	315	2758	321	4777	8.4406			
GCA_025642175.1	GCA_045310675.1	inter_genus	Streptomyces	Clostridium	495	7338	414	3443	8.4315			
GCA_012641725.1	GCA_053761065.1	inter_genus	Pseudoalteromonas	Enterococcus	320	4777	305	2637	8.4300			
GCA_000817815.1	GCA_027947575.1	inter_genus	Vibrio	Streptomyces	527	5721	568	7298	8.4108			
GCA_045310525.1	GCA_054602315.1	inter_genus	Clostridium	Bradyrhizobium	412	3841	513	7168	8.4022			
GCA_001612785.1	GCA_001639065.2	inter_genus	Nocardia	Vibrio	483	6744	506	5034	8.3970			
GCA_000181535.1	GCA_025642175.1	inter_genus	Vibrio	Streptomyces	498	5066	543	7338	8.3925			
GCA_045310525.1	GCA_963924095.1	inter_genus	Clostridium	Streptomyces	445	3841	484	7236	8.3867			
GCA_013350005.1	GCA_030378165.1	inter_genus	Methylocystis	Flavobacterium	365	3705	362	4966	8.3843			
GCA_000181535.1	GCA_030378165.1	inter_genus	Vibrio	Flavobacterium	438	5066	403	4966	8.3832			
GCA_001544215.1	GCA_013350005.1	inter_genus	Enterococcus	Methylocystis	275	2758	266	3705	8.3707			
GCA_012641725.1	GCA_030412965.1	inter_genus	Pseudoalteromonas	Nocardioides	387	4777	408	4745	8.3491			
GCA_000817815.1	GCA_030412915.1	inter_genus	Vibrio	Nocardioides	413	5721	405	4078	8.3478			
GCA_000181535.1	GCA_042430785.1	inter_genus	Vibrio	Streptomyces	503	5066	530	7315	8.3434			
GCA_013350005.1	GCA_053761065.1	inter_genus	Methylocystis	Enterococcus	261	3705	268	2637	8.3412			
GCA_000181535.1	GCA_963924095.1	inter_genus	Vibrio	Streptomyces	506	5066	520	7236	8.3401			
GCA_001418655.1	GCA_001639065.2	inter_genus	Streptomyces	Vibrio	651	9368	550	5034	8.3391			
GCA_030412915.1	GCA_900475975.1	inter_genus	Nocardioides	Streptococcus	256	4078	232	1779	8.3319	0.405585		
GCA_000372845.1	GCA_019308285.1	inter_genus	Methylocystis	Flavobacterium	368	3698	364	5097	8.3229			
GCA_045310675.1	GCA_054602315.1	inter_genus	Clostridium	Bradyrhizobium	388	3443	495	7168	8.3216			
GCA_002741985.1	GCA_021390235.1	inter_genus	Vibrio	Streptomyces	494	4574	583	8369	8.3211			
GCA_013350005.1	GCA_019308285.1	inter_genus	Methylocystis	Flavobacterium	364	3705	368	5097	8.3163			
GCA_027947575.1	GCA_045310675.1	inter_genus	Streptomyces	Clostridium	484	7298	409	3443	8.3139			
GCA_000382005.1	GCA_020404845.1	inter_genus	Pseudoalteromonas	Streptomyces	440	4528	540	7263	8.3114			
GCA_012641725.1	GCA_020404845.1	inter_genus	Pseudoalteromonas	Streptomyces	456	4777	544	7263	8.3056			
GCA_001544215.1	GCA_030412965.1	inter_genus	Enterococcus	Nocardioides	307	2758	316	4745	8.3033	0.405585		
GCA_020404845.1	GCA_053761065.1	inter_genus	Streptomyces	Enterococcus	452	7263	370	2637	8.3030			
GCA_000372845.1	GCA_030378165.1	inter_genus	Methylocystis	Flavobacterium	365	3698	354	4966	8.2987			
GCA_000817815.1	GCA_025642175.1	inter_genus	Vibrio	Streptomyces	507	5721	575	7338	8.2855			
GCA_021390235.1	GCA_045310525.1	inter_genus	Streptomyces	Clostridium	548	8369	462	3841	8.2719			
GCA_000382005.1	GCA_030412965.1	inter_genus	Pseudoalteromonas	Nocardioides	381	4528	386	4745	8.2713			
GCA_001544215.1	GCA_001611855.1	inter_genus	Enterococcus	Mycobacteroides	311	2758	300	4632	8.2679	0.405585		
GCA_001182745.2	GCA_002741985.1	inter_genus	Nocardia	Vibrio	438	6046	439	4574	8.2580			
GCA_002741985.1	GCA_042431885.1	inter_genus	Vibrio	Streptomyces	468	4574	530	7515	8.2554			
GCA_042659905.1	GCA_055396975.1	inter_genus	Flavobacterium	Symbiobacterium	320	4916	360	3322	8.2544			
GCA_000181535.1	GCA_042431885.1	inter_genus	Vibrio	Streptomyces	502	5066	536	7515	8.2505			
GCA_013350005.1	GCA_042659905.1	inter_genus	Methylocystis	Flavobacterium	353	3705	358	4916	8.2473			
GCA_042431885.1	GCA_045310525.1	inter_genus	Streptomyces	Clostridium	493	7515	440	3841	8.2159			
GCA_001544215.1	GCA_020404845.1	inter_genus	Enterococcus	Streptomyces	366	2758	455	7263	8.1928			
GCA_001639065.2	GCA_025821505.1	inter_genus	Vibrio	Mycobacterium	424	5034	383	4819	8.1904			
GCA_023656565.1	GCA_053761065.1	inter_genus	Flavobacterium	Enterococcus	279	4502	305	2637	8.1804			
GCA_000382005.1	GCA_019930105.1	inter_genus	Pseudoalteromonas	Streptococcus	268	4528	247	1770	8.1772			
GCA_001611855.1	GCA_053761065.1	inter_genus	Mycobacteroides	Enterococcus	291	4632	303	2637	8.1717	0.405585		
GCA_001639065.2	GCA_010728525.1	inter_genus	Vibrio	Mycobacterium	413	5034	360	4427	8.1704			
GCA_000181535.1	GCA_001182745.2	inter_genus	Vibrio	Nocardia	477	5066	430	6046	8.1623			
GCA_000817815.1	GCA_042430785.1	inter_genus	Vibrio	Streptomyces	503	5721	561	7315	8.1620			
GCA_001544215.1	GCA_023656565.1	inter_genus	Enterococcus	Flavobacterium	312	2758	280	4502	8.1543			
GCA_008386555.1	GCA_019930105.1	inter_genus	Pseudomonas	Streptococcus	310	5389	273	1770	8.1436			
GCA_042659905.1	GCA_054602315.1	inter_genus	Flavobacterium	Bradyrhizobium	456	4916	527	7168	8.1347			
GCA_002741985.1	GCA_025821505.1	inter_genus	Vibrio	Mycobacterium	395	4574	369	4819	8.1337			
GCA_023656565.1	GCA_054602315.1	inter_genus	Flavobacterium	Bradyrhizobium	440	4502	509	7168	8.1320			
GCA_900475975.1	GCA_902459665.1	inter_genus	Streptococcus	Pandoraea	236	1779	286	4646	8.1245			
GCA_000817815.1	GCA_963924095.1	inter_genus	Vibrio	Streptomyces	507	5721	545	7236	8.1192			
GCA_001639065.2	GCA_016598615.1	inter_genus	Vibrio	Streptomyces	552	5034	647	9740	8.1156			
GCA_001400635.1	GCA_019930105.1	inter_genus	Pseudomonas	Streptococcus	305	5205	261	1770	8.1147			
GCA_019930105.1	GCA_021173085.2	inter_genus	Streptococcus	Ralstonia	251	1770	284	4826	8.1110	0.405585		
GCA_042659905.1	GCA_055383075.1	inter_genus	Flavobacterium	Symbiobacterium	317	4916	362	3457	8.1094			
GCA_045310675.1	GCA_963924095.1	inter_genus	Clostridium	Streptomyces	409	3443	457	7236	8.1094			
GCA_042431885.1	GCA_045310675.1	inter_genus	Streptomyces	Clostridium	474	7515	413	3443	8.0945			
GCA_030378165.1	GCA_054602315.1	inter_genus	Flavobacterium	Bradyrhizobium	461	4966	521	7168	8.0930			
GCA_000817815.1	GCA_030412965.1	inter_genus	Vibrio	Nocardioides	425	5721	422	4745	8.0929			
GCA_027947575.1	GCA_053761065.1	inter_genus	Streptomyces	Enterococcus	440	7298	364	2637	8.0926			
GCA_039522805.1	GCA_900475975.1	inter_genus	Ralstonia	Streptococcus	271	4426	231	1779	8.0902	0.405585		
GCA_001639065.2	GCA_002086715.1	inter_genus	Vibrio	Mycobacteroides	439	5034	382	5117	8.0879			
GCA_030378165.1	GCA_055383075.1	inter_genus	Flavobacterium	Symbiobacterium	320	4966	361	3457	8.0850			
GCA_019308285.1	GCA_055383075.1	inter_genus	Flavobacterium	Symbiobacterium	329	5097	362	3457	8.0781			
GCA_012641725.1	GCA_042433635.1	inter_genus	Pseudoalteromonas	Streptomyces	434	4777	475	6482	8.0735			
GCA_002086715.1	GCA_002741985.1	inter_genus	Mycobacteroides	Vibrio	379	5117	403	4574	8.0693			
GCA_042430785.1	GCA_053761065.1	inter_genus	Streptomyces	Enterococcus	439	7315	364	2637	8.0687			
GCA_000382005.1	GCA_042433635.1	inter_genus	Pseudoalteromonas	Streptomyces	415	4528	473	6482	8.0654			
GCA_000817815.1	GCA_042431885.1	inter_genus	Vibrio	Streptomyces	504	5721	563	7515	8.0613			
GCA_001612785.1	GCA_002741985.1	inter_genus	Nocardia	Vibrio	463	6744	449	4574	8.0580			
GCA_001969825.1	GCA_023656565.1	inter_genus	Bradyrhizobium	Flavobacterium	535	7775	454	4502	8.0557			
GCA_021390235.1	GCA_045310675.1	inter_genus	Streptomyces	Clostridium	517	8369	434	3443	8.0511			
GCA_000181535.1	GCA_014656275.1	inter_genus	Vibrio	Streptomyces	527	5066	605	8995	8.0506			
GCA_030378165.1	GCA_055396975.1	inter_genus	Flavobacterium	Symbiobacterium	312	4966	355	3322	8.0478			
GCA_012641725.1	GCA_027947575.1	inter_genus	Pseudoalteromonas	Streptomyces	453	4777	518	7298	8.0414			
GCA_001969825.1	GCA_045310675.1	inter_genus	Bradyrhizobium	Clostridium	500	7775	402	3443	8.0406			
GCA_002741985.1	GCA_014656275.1	inter_genus	Vibrio	Streptomyces	494	4574	597	8995	8.0404			
GCA_001401215.1	GCA_019930105.1	inter_genus	Pseudomonas	Streptococcus	304	5215	257	1770	8.0315			
GCA_019930105.1	GCA_958405935.1	inter_genus	Streptococcus	Ralstonia	252	1770	288	4962	8.0214	0.405585		
GCA_012641725.1	GCA_025642175.1	inter_genus	Pseudoalteromonas	Streptomyces	446	4777	525	7338	8.0149			
GCA_000181535.1	GCA_021390235.1	inter_genus	Vibrio	Streptomyces	514	5066	561	8369	8.0015	0.405585		
GCA_001544215.1	GCA_027947575.1	inter_genus	Enterococcus	Streptomyces	366	2758	438	7298	7.9952			
GCA_002741985.1	GCA_010728525.1	inter_genus	Vibrio	Mycobacterium	374	4574	345	4427	7.9880			
GCA_000372845.1	GCA_900475975.1	inter_genus	Methylocystis	Streptococcus	223	3698	214	1779	7.9788			
GCA_000382005.1	GCA_027947575.1	inter_genus	Pseudoalteromonas	Streptomyces	433	4528	509	7298	7.9655			
GCA_000181535.1	GCA_001418655.1	inter_genus	Vibrio	Streptomyces	526	5066	623	9368	7.9604			
GCA_001544215.1	GCA_902459535.1	inter_genus	Enterococcus	Paraburkholderia	365	2758	436	7307	7.9583	0.372583		
GCA_019308285.1	GCA_055396975.1	inter_genus	Flavobacterium	Symbiobacterium	316	5097	354	3322	7.9582			
GCA_010728525.1	GCA_053761065.1	inter_genus	Mycobacterium	Enterococcus	276	4427	286	2637	7.9558	0.405585		
GCA_000478275.1	GCA_001639065.2	inter_genus	Amycolatopsis	Vibrio	527	8170	523	5034	7.9521			
GCA_019930105.1	GCA_042432025.1	inter_genus	Streptococcus	Xanthomonas	223	1770	224	3852	7.9509	0.405585		
GCA_001418655.1	GCA_045310525.1	inter_genus	Streptomyces	Clostridium	591	9368	459	3841	7.9491			
GCA_000382005.1	GCA_900475975.1	inter_genus	Pseudoalteromonas	Streptococcus	258	4528	243	1779	7.9436			
GCA_007858165.1	GCA_019930105.1	inter_genus	Pseudomonas	Streptococcus	322	5724	272	1770	7.9263			
GCA_001969825.1	GCA_045310525.1	inter_genus	Bradyrhizobium	Clostridium	512	7775	408	3841	7.9201			
GCA_014656275.1	GCA_045310525.1	inter_genus	Streptomyces	Clostridium	560	8995	456	3841	7.9152			
GCA_000382005.1	GCA_001612785.1	inter_genus	Pseudoalteromonas	Nocardia	429	4528	463	6744	7.9134			
GCA_001612785.1	GCA_012641725.1	inter_genus	Nocardia	Pseudoalteromonas	468	6744	443	4777	7.9073			
GCA_000817815.1	GCA_021390235.1	inter_genus	Vibrio	Streptomyces	518	5721	595	8369	7.8992			
GCA_001639065.2	GCA_014873915.1	inter_genus	Vibrio	Amycolatopsis	528	5034	549	8602	7.8982			
GCA_013350005.1	GCA_900475975.1	inter_genus	Methylocystis	Streptococcus	222	3705	211	1779	7.8957			
GCA_001544215.1	GCA_042430785.1	inter_genus	Enterococcus	Streptomyces	356	2758	439	7315	7.8924			
GCA_001544215.1	GCA_030378165.1	inter_genus	Enterococcus	Flavobacterium	322	2758	287	4966	7.8845	0.372583		
GCA_001544215.1	GCA_001580545.1	inter_genus	Enterococcus	Paraburkholderia	352	2758	416	6983	7.8842	0.372583		
GCA_000817815.1	GCA_001611855.1	inter_genus	Vibrio	Mycobacteroides	422	5721	394	4632	7.8818			
GCA_019930105.1	GCA_021919185.1	inter_genus	Streptococcus	Xanthomonas	224	1770	219	3852	7.8798	0.405585		
GCA_000382005.1	GCA_025642175.1	inter_genus	Pseudoalteromonas	Streptomyces	418	4528	517	7338	7.8797			
GCA_001544215.1	GCA_010728525.1	inter_genus	Enterococcus	Mycobacterium	294	2758	272	4427	7.8775	0.405585		
GCA_025821505.1	GCA_045310675.1	inter_genus	Mycobacterium	Clostridium	317	4819	333	3443	7.8673			
GCA_053761065.1	GCA_963924095.1	inter_genus	Enterococcus	Streptomyces	357	2637	419	7236	7.8598			
GCA_012641725.1	GCA_042430785.1	inter_genus	Pseudoalteromonas	Streptomyces	444	4777	506	7315	7.8564			
GCA_001418655.1	GCA_002741985.1	inter_genus	Streptomyces	Vibrio	608	9368	487	4574	7.8540			
GCA_014656275.1	GCA_045310675.1	inter_genus	Streptomyces	Clostridium	547	8995	429	3443	7.8469			
GCA_000817815.1	GCA_001182745.2	inter_genus	Vibrio	Nocardia	460	5721	463	6046	7.8440			
GCA_019930105.1	GCA_030412965.1	inter_genus	Streptococcus	Nocardioides	240	1770	271	4745	7.8434	0.372583		
GCA_008386555.1	GCA_900475975.1	inter_genus	Pseudomonas	Streptococcus	298	5389	264	1779	7.8404			
GCA_025642175.1	GCA_053761065.1	inter_genus	Streptomyces	Enterococcus	434	7338	348	2637	7.8396			
GCA_001418655.1	GCA_045310675.1	inter_genus	Streptomyces	Clostridium	573	9368	431	3443	7.8370			
GCA_012641725.1	GCA_019930105.1	inter_genus	Pseudoalteromonas	Streptococcus	267	4777	246	1770	7.8356			
GCA_019308285.1	GCA_054602315.1	inter_genus	Flavobacterium	Bradyrhizobium	447	5097	514	7168	7.8353			
GCA_000817815.1	GCA_014656275.1	inter_genus	Vibrio	Streptomyces	525	5721	628	8995	7.8350			
GCA_001544215.1	GCA_025642175.1	inter_genus	Enterococcus	Streptomyces	353	2758	436	7338	7.8150			
GCA_000382005.1	GCA_001182745.2	inter_genus	Pseudoalteromonas	Nocardia	394	4528	432	6046	7.8116			
GCA_012641725.1	GCA_042431885.1	inter_genus	Pseudoalteromonas	Streptomyces	440	4777	520	7515	7.8100			
GCA_001182745.2	GCA_012641725.1	inter_genus	Nocardia	Pseudoalteromonas	434	6046	411	4777	7.8074			
GCA_025821505.1	GCA_053761065.1	inter_genus	Mycobacterium	Enterococcus	285	4819	297	2637	7.8058			
GCA_001544215.1	GCA_019308285.1	inter_genus	Enterococcus	Flavobacterium	318	2758	295	5097	7.8039			
GCA_010728525.1	GCA_045310675.1	inter_genus	Mycobacterium	Clostridium	296	4427	318	3443	7.8018			
GCA_012641725.1	GCA_900475975.1	inter_genus	Pseudoalteromonas	Streptococcus	261	4777	250	1779	7.7944			
GCA_019930105.1	GCA_023955645.1	inter_genus	Streptococcus	Ralstonia	249	1770	289	5136	7.7903	0.405585		
GCA_025821505.1	GCA_045310525.1	inter_genus	Mycobacterium	Clostridium	328	4819	346	3841	7.7829			
GCA_000181535.1	GCA_016598615.1	inter_genus	Vibrio	Streptomyces	531	5066	620	9740	7.7739			
GCA_001544215.1	GCA_025821505.1	inter_genus	Enterococcus	Mycobacterium	305	2758	284	4819	7.7735			
GCA_001611855.1	GCA_045310525.1	inter_genus	Mycobacteroides	Clostridium	308	4632	350	3841	7.7658			
GCA_010728525.1	GCA_045310525.1	inter_genus	Mycobacterium	Clostridium	305	4427	337	3841	7.7649			
GCA_012641725.1	GCA_963924095.1	inter_genus	Pseudoalteromonas	Streptomyces	440	4777	492	7236	7.7583			
GCA_019308285.1	GCA_053761065.1	inter_genus	Flavobacterium	Enterococcus	287	5097	313	2637	7.7580			
GCA_000382005.1	GCA_042430785.1	inter_genus	Pseudoalteromonas	Streptomyces	418	4528	500	7315	7.7514			
GCA_016598615.1	GCA_045310525.1	inter_genus	Streptomyces	Clostridium	586	9740	466	3841	7.7461			
GCA_001611855.1	GCA_045310675.1	inter_genus	Mycobacteroides	Clostridium	296	4632	329	3443	7.7399	0.405585		
GCA_000382005.1	GCA_042431885.1	inter_genus	Pseudoalteromonas	Streptomyces	417	4528	514	7515	7.7306			
GCA_030378165.1	GCA_053761065.1	inter_genus	Flavobacterium	Enterococcus	279	4966	308	2637	7.7206			
GCA_001544215.1	GCA_002086715.1	inter_genus	Enterococcus	Mycobacteroides	312	2758	296	5117	7.7206	0.405585		
GCA_000817815.1	GCA_001418655.1	inter_genus	Vibrio	Streptomyces	524	5721	640	9368	7.7142			
GCA_002086715.1	GCA_053761065.1	inter_genus	Mycobacteroides	Enterococcus	294	5117	304	2637	7.7121	0.405585		
GCA_002741985.1	GCA_016598615.1	inter_genus	Vibrio	Streptomyces	495	4574	608	9740	7.7057			
GCA_042659905.1	GCA_053761065.1	inter_genus	Flavobacterium	Enterococcus	279	4916	303	2637	7.7055			
GCA_023656565.1	GCA_900094605.1	inter_genus	Flavobacterium	Bradyrhizobium	449	4502	536	8291	7.6995			
GCA_001544215.1	GCA_003443895.1	inter_genus	Enterococcus	Paraburkholderia	345	2758	424	7231	7.6985	0.353280		
GCA_001969825.1	GCA_042659905.1	inter_genus	Bradyrhizobium	Flavobacterium	537	7775	440	4916	7.6984			
GCA_000382005.1	GCA_001611855.1	inter_genus	Pseudoalteromonas	Mycobacteroides	348	4528	357	4632	7.6965			
GCA_001544215.1	GCA_042659905.1	inter_genus	Enterococcus	Flavobacterium	313	2758	277	4916	7.6883			
GCA_001969825.1	GCA_019308285.1	inter_genus	Bradyrhizobium	Flavobacterium	539	7775	450	5097	7.6833			
GCA_000181535.1	GCA_001612785.1	inter_genus	Vibrio	Nocardia	460	5066	447	6744	7.6799			
GCA_023278185.1	GCA_023656565.1	inter_genus	Bradyrhizobium	Flavobacterium	551	8598	455	4502	7.6794			
GCA_007858165.1	GCA_900475975.1	inter_genus	Pseudomonas	Streptococcus	311	5724	265	1779	7.6769			
GCA_001969825.1	GCA_030378165.1	inter_genus	Bradyrhizobium	Flavobacterium	539	7775	439	4966	7.6760			
GCA_000478275.1	GCA_002741985.1	inter_genus	Amycolatopsis	Vibrio	502	8170	476	4574	7.6742			
GCA_001401215.1	GCA_900475975.1	inter_genus	Pseudomonas	Streptococcus	290	5215	246	1779	7.6637			
GCA_023278185.1	GCA_045310675.1	inter_genus	Bradyrhizobium	Clostridium	530	8598	392	3443	7.6572			
GCA_000382005.1	GCA_002086715.1	inter_genus	Pseudoalteromonas	Mycobacteroides	366	4528	372	5117	7.6516			
GCA_021390235.1	GCA_053761065.1	inter_genus	Streptomyces	Enterococcus	467	8369	375	2637	7.6504			
GCA_001544215.1	GCA_963924095.1	inter_genus	Enterococcus	Streptomyces	353	2758	411	7236	7.6446			
GCA_053761065.1	GCA_902459535.1	inter_genus	Enterococcus	Paraburkholderia	341	2637	418	7307	7.6327	0.372583		
GCA_001400635.1	GCA_900475975.1	inter_genus	Pseudomonas	Streptococcus	285	5205	248	1779	7.6317			
GCA_023278185.1	GCA_045310525.1	inter_genus	Bradyrhizobium	Clostridium	541	8598	408	3841	7.6292			
GCA_001639065.2	GCA_042653945.1	inter_genus	Vibrio	Streptomyces	553	5034	647	10714	7.6200			
GCA_001580545.1	GCA_053761065.1	inter_genus	Paraburkholderia	Enterococcus	402	6983	331	2637	7.6195	0.372583		
GCA_001182745.2	GCA_045310675.1	inter_genus	Nocardia	Clostridium	359	6046	364	3443	7.6193	0.405585		
GCA_030378165.1	GCA_900094605.1	inter_genus	Flavobacterium	Bradyrhizobium	458	4966	552	8291	7.6186			
GCA_042432025.1	GCA_900475975.1	inter_genus	Xanthomonas	Streptococcus	219	3852	210	1779	7.6185	0.405585		
GCA_019930105.1	GCA_042647405.1	inter_genus	Streptococcus	Xanthomonas	229	1770	221	4138	7.6168	0.405585		
GCA_001611855.1	GCA_012641725.1	inter_genus	Mycobacteroides	Pseudoalteromonas	357	4632	359	4777	7.6097			
GCA_014656275.1	GCA_053761065.1	inter_genus	Streptomyces	Enterococcus	507	8995	378	2637	7.6083			
GCA_001182745.2	GCA_045310525.1	inter_genus	Nocardia	Clostridium	370	6046	382	3841	7.6059	0.405585		
GCA_000817815.1	GCA_001612785.1	inter_genus	Vibrio	Nocardia	467	5721	481	6744	7.6053	0.405585		
GCA_042659905.1	GCA_900094605.1	inter_genus	Flavobacterium	Bradyrhizobium	451	4916	553	8291	7.6020			
GCA_001418655.1	GCA_012641725.1	inter_genus	Streptomyces	Pseudoalteromonas	601	9368	473	4777	7.5928			
GCA_012641725.1	GCA_021390235.1	inter_genus	Pseudoalteromonas	Streptomyces	457	4777	541	8369	7.5917			
GCA_000817815.1	GCA_016598615.1	inter_genus	Vibrio	Streptomyces	530	5721	643	9740	7.5868			
GCA_000382005.1	GCA_010728525.1	inter_genus	Pseudoalteromonas	Mycobacterium	351	4528	328	4427	7.5824			
GCA_012641725.1	GCA_014656275.1	inter_genus	Pseudoalteromonas	Streptomyces	474	4777	570	8995	7.5806			
GCA_002086715.1	GCA_012641725.1	inter_genus	Mycobacteroides	Pseudoalteromonas	374	5117	376	4777	7.5804			
GCA_016598615.1	GCA_045310675.1	inter_genus	Streptomyces	Clostridium	563	9740	436	3443	7.5779			
GCA_023278185.1	GCA_030378165.1	inter_genus	Bradyrhizobium	Flavobacterium	567	8598	460	4966	7.5715			
GCA_001182745.2	GCA_053761065.1	inter_genus	Nocardia	Enterococcus	327	6046	330	2637	7.5665			
GCA_001544215.1	GCA_042431885.1	inter_genus	Enterococcus	Streptomyces	354	2758	423	7515	7.5635			
GCA_013087605.1	GCA_019930105.1	inter_genus	Rhizobium	Streptococcus	402	6988	260	1770	7.5588			
GCA_000817815.1	GCA_002086715.1	inter_genus	Vibrio	Mycobacteroides	424	5721	395	5117	7.5567			
GCA_001182745.2	GCA_001544215.1	inter_genus	Nocardia	Enterococcus	326	6046	339	2758	7.5534			
GCA_000817815.1	GCA_025821505.1	inter_genus	Vibrio	Mycobacterium	410	5721	386	4819	7.5522			
GCA_001612785.1	GCA_045310525.1	inter_genus	Nocardia	Clostridium	400	6744	399	3841	7.5484			
GCA_000181535.1	GCA_000478275.1	inter_genus	Vibrio	Amycolatopsis	497	5066	502	8170	7.5476			
GCA_001611855.1	GCA_019930105.1	inter_genus	Mycobacteroides	Streptococcus	241	4632	242	1770	7.5445	0.405585		
GCA_019308285.1	GCA_023278185.1	inter_genus	Flavobacterium	Bradyrhizobium	464	5097	569	8598	7.5429			
GCA_021173085.2	GCA_900475975.1	inter_genus	Ralstonia	Streptococcus	263	4826	235	1779	7.5397	0.405585		
GCA_000382005.1	GCA_963924095.1	inter_genus	Pseudoalteromonas	Streptomyces	410	4528	476	7236	7.5315			
GCA_042431885.1	GCA_053761065.1	inter_genus	Streptomyces	Enterococcus	414	7515	349	2637	7.5158			
GCA_000478275.1	GCA_000817815.1	inter_genus	Amycolatopsis	Vibrio	539	8170	504	5721	7.5085			
GCA_010728525.1	GCA_019930105.1	inter_genus	Mycobacterium	Streptococcus	238	4427	227	1770	7.5036	0.405585		
GCA_001612785.1	GCA_045310675.1	inter_genus	Nocardia	Clostridium	385	6744	379	3443	7.4998	0.405585		
GCA_002741985.1	GCA_014873915.1	inter_genus	Vibrio	Amycolatopsis	478	4574	510	8602	7.4985			
GCA_014873915.1	GCA_045310525.1	inter_genus	Amycolatopsis	Clostridium	497	8602	435	3841	7.4902			
GCA_045310675.1	GCA_900094605.1	inter_genus	Clostridium	Bradyrhizobium	388	3443	489	8291	7.4740			
GCA_003064125.1	GCA_019930105.1	inter_genus	Xanthomonas	Streptococcus	220	4202	226	1770	7.4682	0.405585		
GCA_000181535.1	GCA_001611855.1	inter_genus	Vibrio	Mycobacteroides	390	5066	334	4632	7.4655			
GCA_021919185.1	GCA_900475975.1	inter_genus	Xanthomonas	Streptococcus	209	3852	211	1779	7.4587	0.405585		
GCA_000181535.1	GCA_014873915.1	inter_genus	Vibrio	Amycolatopsis	499	5066	519	8602	7.4481			
GCA_012641725.1	GCA_016598615.1	inter_genus	Pseudoalteromonas	Streptomyces	488	4777	593	9740	7.4464			
GCA_010728525.1	GCA_012641725.1	inter_genus	Mycobacterium	Pseudoalteromonas	326	4427	359	4777	7.4424			
GCA_023278185.1	GCA_042659905.1	inter_genus	Bradyrhizobium	Flavobacterium	557	8598	448	4916	7.4367			
GCA_000382005.1	GCA_021390235.1	inter_genus	Pseudoalteromonas	Streptomyces	427	4528	532	8369	7.4358			
GCA_019308285.1	GCA_900094605.1	inter_genus	Flavobacterium	Bradyrhizobium	451	5097	544	8291	7.4320			
GCA_045310525.1	GCA_900094605.1	inter_genus	Clostridium	Bradyrhizobium	401	3841	500	8291	7.4266			
GCA_019930105.1	GCA_046118665.1	inter_genus	Streptococcus	Rhizobium	258	1770	406	7171	7.4265			
GCA_012641725.1	GCA_014873915.1	inter_genus	Pseudoalteromonas	Amycolatopsis	465	4777	528	8602	7.4221			
GCA_023656565.1	GCA_030412915.1	inter_genus	Flavobacterium	Nocardioides	302	4502	334	4078	7.4126			
GCA_019930105.1	GCA_025821505.1	inter_genus	Streptococcus	Mycobacterium	237	1770	251	4819	7.4063	0.405585		
GCA_030412965.1	GCA_900475975.1	inter_genus	Nocardioides	Streptococcus	257	4745	226	1779	7.4034	0.372583		
GCA_900475975.1	GCA_958405935.1	inter_genus	Streptococcus	Ralstonia	232	1779	267	4962	7.4025	0.405585		
GCA_000181535.1	GCA_025821505.1	inter_genus	Vibrio	Mycobacterium	391	5066	340	4819	7.3950			
GCA_000382005.1	GCA_025821505.1	inter_genus	Pseudoalteromonas	Mycobacterium	344	4528	347	4819	7.3927			
GCA_042653945.1	GCA_045310525.1	inter_genus	Streptomyces	Clostridium	606	10714	470	3841	7.3926			
GCA_000478275.1	GCA_045310525.1	inter_genus	Amycolatopsis	Clostridium	468	8170	419	3841	7.3849			
GCA_012641725.1	GCA_025821505.1	inter_genus	Pseudoalteromonas	Mycobacterium	356	4777	351	4819	7.3677			
GCA_000382005.1	GCA_014656275.1	inter_genus	Pseudoalteromonas	Streptomyces	440	4528	556	8995	7.3652			
GCA_002741985.1	GCA_042653945.1	inter_genus	Vibrio	Streptomyces	497	4574	628	10714	7.3587			
GCA_023656565.1	GCA_042433635.1	inter_genus	Flavobacterium	Streptomyces	365	4502	442	6482	7.3471			
GCA_001544215.1	GCA_001612785.1	inter_genus	Enterococcus	Nocardia	338	2758	360	6744	7.3458			
GCA_001544215.1	GCA_021390235.1	inter_genus	Enterococcus	Streptomyces	366	2758	451	8369	7.3425			
GCA_000817815.1	GCA_010728525.1	inter_genus	Vibrio	Mycobacterium	387	5721	358	4427	7.3413			
GCA_001544215.1	GCA_014656275.1	inter_genus	Enterococcus	Streptomyces	368	2758	493	8995	7.3258			
GCA_002086715.1	GCA_045310525.1	inter_genus	Mycobacteroides	Clostridium	313	5117	343	3841	7.3231			
GCA_000382005.1	GCA_001418655.1	inter_genus	Pseudoalteromonas	Streptomyces	433	4528	584	9368	7.3187			
GCA_001544215.1	GCA_054602315.1	inter_genus	Enterococcus	Bradyrhizobium	324	2758	402	7168	7.3141	0.405585		
GCA_000382005.1	GCA_014873915.1	inter_genus	Pseudoalteromonas	Amycolatopsis	438	4528	522	8602	7.3115			
GCA_000181535.1	GCA_002086715.1	inter_genus	Vibrio	Mycobacteroides	396	5066	348	5117	7.3063			
GCA_023955645.1	GCA_900475975.1	inter_genus	Ralstonia	Streptococcus	269	5136	236	1779	7.3030	0.405585		
GCA_013087605.1	GCA_900475975.1	inter_genus	Rhizobium	Streptococcus	387	6988	253	1779	7.3001			
GCA_002086715.1	GCA_045310675.1	inter_genus	Mycobacteroides	Clostridium	298	5117	326	3443	7.2897			
GCA_003443895.1	GCA_053761065.1	inter_genus	Paraburkholderia	Enterococcus	399	7231	319	2637	7.2760	0.372583		
GCA_001418655.1	GCA_053761065.1	inter_genus	Streptomyces	Enterococcus	504	9368	369	2637	7.2720			
GCA_001611855.1	GCA_900475975.1	inter_genus	Mycobacteroides	Streptococcus	238	4632	228	1779	7.2688	0.405585		
GCA_000181535.1	GCA_042653945.1	inter_genus	Vibrio	Streptomyces	528	5066	619	10714	7.2687			
GCA_000181535.1	GCA_010728525.1	inter_genus	Vibrio	Mycobacterium	372	5066	318	4427	7.2685			
GCA_042647405.1	GCA_900475975.1	inter_genus	Xanthomonas	Streptococcus	212	4138	218	1779	7.2672	0.405585		
GCA_000478275.1	GCA_012641725.1	inter_genus	Amycolatopsis	Pseudoalteromonas	496	8170	444	4777	7.2604	0.405585		
GCA_001612785.1	GCA_053761065.1	inter_genus	Nocardia	Enterococcus	350	6744	330	2637	7.2487			
GCA_014873915.1	GCA_045310675.1	inter_genus	Amycolatopsis	Clostridium	465	8602	408	3443	7.2478			
GCA_019930105.1	GCA_042433635.1	inter_genus	Streptococcus	Streptomyces	262	1770	336	6482	7.2467			
GCA_000382005.1	GCA_000478275.1	inter_genus	Pseudoalteromonas	Amycolatopsis	426	4528	494	8170	7.2452			
GCA_001544215.1	GCA_013366925.1	inter_genus	Enterococcus	Paraburkholderia	359	2758	432	8209	7.2125	0.372583		
GCA_000817815.1	GCA_014873915.1	inter_genus	Vibrio	Amycolatopsis	496	5721	537	8602	7.2122			
GCA_019308285.1	GCA_030412915.1	inter_genus	Flavobacterium	Nocardioides	316	5097	345	4078	7.2044			
GCA_030378165.1	GCA_030412915.1	inter_genus	Flavobacterium	Nocardioides	305	4966	345	4078	7.1871			
GCA_000382005.1	GCA_016598615.1	inter_genus	Pseudoalteromonas	Streptomyces	448	4528	576	9740	7.1769			
GCA_000478275.1	GCA_045310675.1	inter_genus	Amycolatopsis	Clostridium	439	8170	394	3443	7.1730			
GCA_030378165.1	GCA_042433635.1	inter_genus	Flavobacterium	Streptomyces	380	4966	439	6482	7.1541			
GCA_000817815.1	GCA_042653945.1	inter_genus	Vibrio	Streptomyces	523	5721	651	10714	7.1433			
GCA_003064125.1	GCA_900475975.1	inter_genus	Xanthomonas	Streptococcus	210	4202	217	1779	7.1393	0.405585		
GCA_002086715.1	GCA_019930105.1	inter_genus	Mycobacteroides	Streptococcus	251	5117	240	1770	7.1294	0.405585		
GCA_046118665.1	GCA_900475975.1	inter_genus	Rhizobium	Streptococcus	390	7171	248	1779	7.1285			
GCA_010728525.1	GCA_900475975.1	inter_genus	Mycobacterium	Streptococcus	223	4427	218	1779	7.1060	0.405585		
GCA_042433635.1	GCA_042659905.1	inter_genus	Streptomyces	Flavobacterium	434	6482	375	4916	7.0977			
GCA_001418655.1	GCA_001544215.1	inter_genus	Streptomyces	Enterococcus	502	9368	358	2758	7.0922			
GCA_019308285.1	GCA_042433635.1	inter_genus	Flavobacterium	Streptomyces	389	5097	432	6482	7.0904			
GCA_027947575.1	GCA_030378165.1	inter_genus	Streptomyces	Flavobacterium	468	7298	400	4966	7.0776			
GCA_016598615.1	GCA_053761065.1	inter_genus	Streptomyces	Enterococcus	500	9740	375	2637	7.0696			
GCA_023656565.1	GCA_030412965.1	inter_genus	Flavobacterium	Nocardioides	308	4502	344	4745	7.0509			
GCA_023656565.1	GCA_027947575.1	inter_genus	Flavobacterium	Streptomyces	373	4502	459	7298	7.0508			
GCA_013366925.1	GCA_053761065.1	inter_genus	Paraburkholderia	Enterococcus	424	8209	340	2637	7.0441	0.372583		
GCA_020404845.1	GCA_042659905.1	inter_genus	Streptomyces	Flavobacterium	464	7263	393	4916	7.0367			
GCA_027947575.1	GCA_042659905.1	inter_genus	Streptomyces	Flavobacterium	467	7298	392	4916	7.0329			
GCA_042653945.1	GCA_045310675.1	inter_genus	Streptomyces	Clostridium	560	10714	433	3443	7.0142			
GCA_023656565.1	GCA_963924095.1	inter_genus	Flavobacterium	Streptomyces	372	4502	450	7236	7.0029			
GCA_023656565.1	GCA_025642175.1	inter_genus	Flavobacterium	Streptomyces	370	4502	459	7338	7.0017			
GCA_019308285.1	GCA_020404845.1	inter_genus	Flavobacterium	Streptomyces	399	5097	466	7263	6.9984			
GCA_019930105.1	GCA_023656565.1	inter_genus	Streptococcus	Flavobacterium	224	1770	214	4502	6.9834			
GCA_020404845.1	GCA_030378165.1	inter_genus	Streptomyces	Flavobacterium	464	7263	390	4966	6.9834			
GCA_030412915.1	GCA_042659905.1	inter_genus	Nocardioides	Flavobacterium	329	4078	298	4916	6.9713			
GCA_019308285.1	GCA_027947575.1	inter_genus	Flavobacterium	Streptomyces	401	5097	463	7298	6.9706			
GCA_020404845.1	GCA_023656565.1	inter_genus	Streptomyces	Flavobacterium	451	7263	367	4502	6.9528			
GCA_019930105.1	GCA_902459535.1	inter_genus	Streptococcus	Paraburkholderia	265	1770	366	7307	6.9516	0.405585		
GCA_025821505.1	GCA_900475975.1	inter_genus	Mycobacterium	Streptococcus	234	4819	224	1779	6.9415	0.405585		
GCA_001544215.1	GCA_014873915.1	inter_genus	Enterococcus	Amycolatopsis	361	2758	427	8602	6.9366			
GCA_000478275.1	GCA_053761065.1	inter_genus	Amycolatopsis	Enterococcus	398	8170	350	2637	6.9214			
GCA_001611855.1	GCA_023656565.1	inter_genus	Mycobacteroides	Flavobacterium	320	4632	312	4502	6.9192			
GCA_042659905.1	GCA_963924095.1	inter_genus	Flavobacterium	Streptomyces	385	4916	454	7236	6.9042			
GCA_042430785.1	GCA_042659905.1	inter_genus	Streptomyces	Flavobacterium	457	7315	387	4916	6.9005			
GCA_023656565.1	GCA_042430785.1	inter_genus	Flavobacterium	Streptomyces	370	4502	444	7315	6.8884			
GCA_042433635.1	GCA_900475975.1	inter_genus	Streptomyces	Streptococcus	324	6482	245	1779	6.8878			
GCA_000478275.1	GCA_001544215.1	inter_genus	Amycolatopsis	Enterococcus	402	8170	349	2758	6.8723			
GCA_019308285.1	GCA_025642175.1	inter_genus	Flavobacterium	Streptomyces	390	5097	463	7338	6.8597			
GCA_030378165.1	GCA_042430785.1	inter_genus	Flavobacterium	Streptomyces	389	4966	453	7315	6.8561			
GCA_025642175.1	GCA_030378165.1	inter_genus	Streptomyces	Flavobacterium	465	7338	378	4966	6.8514			
GCA_030378165.1	GCA_963924095.1	inter_genus	Flavobacterium	Streptomyces	383	4966	453	7236	6.8513			
GCA_025642175.1	GCA_042659905.1	inter_genus	Streptomyces	Flavobacterium	459	7338	377	4916	6.8223			
GCA_001544215.1	GCA_016598615.1	inter_genus	Enterococcus	Streptomyces	359	2758	493	9740	6.8171			
GCA_003443895.1	GCA_019930105.1	inter_genus	Paraburkholderia	Streptococcus	352	7231	261	1770	6.8104	0.405585		
GCA_019308285.1	GCA_042430785.1	inter_genus	Flavobacterium	Streptomyces	394	5097	451	7315	6.8079			
GCA_012641725.1	GCA_042653945.1	inter_genus	Pseudoalteromonas	Streptomyces	467	4777	585	10714	6.7910			
GCA_019308285.1	GCA_030412965.1	inter_genus	Flavobacterium	Nocardioides	326	5097	342	4745	6.7872			
GCA_021390235.1	GCA_023656565.1	inter_genus	Streptomyces	Flavobacterium	480	8369	393	4502	6.7827			
GCA_001611855.1	GCA_042659905.1	inter_genus	Mycobacteroides	Flavobacterium	326	4632	320	4916	6.7658			
GCA_053761065.1	GCA_054602315.1	inter_genus	Enterococcus	Bradyrhizobium	302	2637	361	7168	6.7619	0.405585		
GCA_019930105.1	GCA_020404845.1	inter_genus	Streptococcus	Streptomyces	261	1770	348	7263	6.7419			
GCA_001544215.1	GCA_001969825.1	inter_genus	Enterococcus	Bradyrhizobium	317	2758	393	7775	6.7407	0.405585		
GCA_001580545.1	GCA_019930105.1	inter_genus	Paraburkholderia	Streptococcus	333	6983	257	1770	6.7405	0.405585		
GCA_042431885.1	GCA_042659905.1	inter_genus	Streptomyces	Flavobacterium	456	7515	380	4916	6.7251			
GCA_030378165.1	GCA_030412965.1	inter_genus	Flavobacterium	Nocardioides	310	4966	343	4745	6.7243			
GCA_030412965.1	GCA_042659905.1	inter_genus	Nocardioides	Flavobacterium	340	4745	308	4916	6.7074			
GCA_023656565.1	GCA_900475975.1	inter_genus	Flavobacterium	Streptococcus	206	4502	215	1779	6.7028			
GCA_001544215.1	GCA_900094605.1	inter_genus	Enterococcus	Bradyrhizobium	326	2758	414	8291	6.6974	0.405585		
GCA_019308285.1	GCA_963924095.1	inter_genus	Flavobacterium	Streptomyces	378	5097	446	7236	6.6813			
GCA_001611855.1	GCA_030378165.1	inter_genus	Mycobacteroides	Flavobacterium	327	4632	314	4966	6.6785			
GCA_002086715.1	GCA_900475975.1	inter_genus	Mycobacteroides	Streptococcus	236	5117	224	1779	6.6705	0.405585		
GCA_019308285.1	GCA_021390235.1	inter_genus	Flavobacterium	Streptomyces	411	5097	485	8369	6.6538			
GCA_001612785.1	GCA_023656565.1	inter_genus	Nocardia	Flavobacterium	393	6744	355	4502	6.6513			
GCA_023656565.1	GCA_042431885.1	inter_genus	Flavobacterium	Streptomyces	358	4502	441	7515	6.6489			
GCA_021390235.1	GCA_042659905.1	inter_genus	Streptomyces	Flavobacterium	482	8369	401	4916	6.6466			
GCA_021390235.1	GCA_030378165.1	inter_genus	Streptomyces	Flavobacterium	482	8369	404	4966	6.6442			
GCA_042653945.1	GCA_053761065.1	inter_genus	Streptomyces	Enterococcus	515	10714	372	2637	6.6437			
GCA_014656275.1	GCA_030378165.1	inter_genus	Streptomyces	Flavobacterium	512	8995	414	4966	6.6328			
GCA_014873915.1	GCA_053761065.1	inter_genus	Amycolatopsis	Enterococcus	403	8602	342	2637	6.6287			
GCA_001544215.1	GCA_042653945.1	inter_genus	Enterococcus	Streptomyces	377	2758	514	10714	6.6137			
GCA_019930105.1	GCA_027947575.1	inter_genus	Streptococcus	Streptomyces	258	1770	340	7298	6.5946			
GCA_019930105.1	GCA_042659905.1	inter_genus	Streptococcus	Flavobacterium	223	1770	217	4916	6.5809			
GCA_001612785.1	GCA_042659905.1	inter_genus	Nocardia	Flavobacterium	398	6744	369	4916	6.5780			
GCA_014656275.1	GCA_042659905.1	inter_genus	Streptomyces	Flavobacterium	509	8995	406	4916	6.5775			
GCA_019930105.1	GCA_963924095.1	inter_genus	Streptococcus	Streptomyces	266	1770	326	7236	6.5734			
GCA_014656275.1	GCA_023656565.1	inter_genus	Streptomyces	Flavobacterium	495	8995	392	4502	6.5718			
GCA_016598615.1	GCA_030378165.1	inter_genus	Streptomyces	Flavobacterium	541	9740	422	4966	6.5483			
GCA_001418655.1	GCA_042659905.1	inter_genus	Streptomyces	Flavobacterium	537	9368	398	4916	6.5458			
GCA_023656565.1	GCA_025821505.1	inter_genus	Flavobacterium	Mycobacterium	296	4502	314	4819	6.5444			
GCA_001418655.1	GCA_030378165.1	inter_genus	Streptomyces	Flavobacterium	531	9368	407	4966	6.5439			
GCA_019930105.1	GCA_030378165.1	inter_genus	Streptococcus	Flavobacterium	226	1770	214	4966	6.5321			
GCA_001612785.1	GCA_030378165.1	inter_genus	Nocardia	Flavobacterium	400	6744	364	4966	6.5243			
GCA_014656275.1	GCA_019308285.1	inter_genus	Streptomyces	Flavobacterium	502	8995	417	5097	6.5214			
GCA_001611855.1	GCA_019308285.1	inter_genus	Mycobacteroides	Flavobacterium	320	4632	314	5097	6.5166			
GCA_001418655.1	GCA_023656565.1	inter_genus	Streptomyces	Flavobacterium	521	9368	382	4502	6.5105			
GCA_019308285.1	GCA_042431885.1	inter_genus	Flavobacterium	Streptomyces	375	5097	446	7515	6.5097			
GCA_019930105.1	GCA_042430785.1	inter_genus	Streptococcus	Streptomyces	257	1770	334	7315	6.5052			
GCA_019308285.1	GCA_019930105.1	inter_genus	Flavobacterium	Streptococcus	220	5097	226	1770	6.4948			
GCA_025821505.1	GCA_042659905.1	inter_genus	Mycobacterium	Flavobacterium	319	4819	313	4916	6.4920			
GCA_001544215.1	GCA_023278185.1	inter_genus	Enterococcus	Bradyrhizobium	323	2758	414	8598	6.4900	0.405585		
GCA_030378165.1	GCA_042431885.1	inter_genus	Flavobacterium	Streptomyces	370	4966	440	7515	6.4899			
GCA_002086715.1	GCA_023656565.1	inter_genus	Mycobacteroides	Flavobacterium	317	5117	307	4502	6.4872			
GCA_900475975.1	GCA_902459535.1	inter_genus	Streptococcus	Paraburkholderia	251	1779	338	7307	6.4825	0.405585		
GCA_000382005.1	GCA_042653945.1	inter_genus	Pseudoalteromonas	Streptomyces	430	4528	558	10714	6.4821			
GCA_001418655.1	GCA_019308285.1	inter_genus	Streptomyces	Flavobacterium	525	9368	409	5097	6.4570			
GCA_016598615.1	GCA_019308285.1	inter_genus	Streptomyces	Flavobacterium	533	9740	425	5097	6.4568			
GCA_020404845.1	GCA_900475975.1	inter_genus	Streptomyces	Streptococcus	334	7263	249	1779	6.4477			
GCA_010728525.1	GCA_023656565.1	inter_genus	Mycobacterium	Flavobacterium	289	4427	286	4502	6.4397			
GCA_001612785.1	GCA_019308285.1	inter_genus	Nocardia	Flavobacterium	396	6744	366	5097	6.4353			
GCA_016598615.1	GCA_023656565.1	inter_genus	Streptomyces	Flavobacterium	519	9740	396	4502	6.4247			
GCA_019930105.1	GCA_025642175.1	inter_genus	Streptococcus	Streptomyces	249	1770	336	7338	6.4229			
GCA_016598615.1	GCA_042659905.1	inter_genus	Streptomyces	Flavobacterium	528	9740	413	4916	6.4206			
GCA_001182745.2	GCA_023656565.1	inter_genus	Nocardia	Flavobacterium	349	6046	328	4502	6.4183			
GCA_025642175.1	GCA_900475975.1	inter_genus	Streptomyces	Streptococcus	337	7338	246	1779	6.3946			
GCA_001969825.1	GCA_053761065.1	inter_genus	Bradyrhizobium	Enterococcus	356	7775	308	2637	6.3773	0.405585		
GCA_025821505.1	GCA_030378165.1	inter_genus	Mycobacterium	Flavobacterium	323	4819	301	4966	6.3771			
GCA_001580545.1	GCA_900475975.1	inter_genus	Paraburkholderia	Streptococcus	313	6983	245	1779	6.3684	0.405585		
GCA_019930105.1	GCA_054602315.1	inter_genus	Streptococcus	Bradyrhizobium	230	1770	339	7168	6.3661			
GCA_000478275.1	GCA_023656565.1	inter_genus	Amycolatopsis	Flavobacterium	426	8170	379	4502	6.3526			
GCA_001182745.2	GCA_042659905.1	inter_genus	Nocardia	Flavobacterium	350	6046	346	4916	6.3492			
GCA_003443895.1	GCA_900475975.1	inter_genus	Paraburkholderia	Streptococcus	324	7231	248	1779	6.3485	0.405585		
GCA_042430785.1	GCA_900475975.1	inter_genus	Streptomyces	Streptococcus	326	7315	251	1779	6.3448			
GCA_019930105.1	GCA_042431885.1	inter_genus	Streptococcus	Streptomyces	257	1770	332	7515	6.3436			
GCA_001182745.2	GCA_019930105.1	inter_genus	Nocardia	Streptococcus	253	6046	242	1770	6.3332	0.405585		
GCA_014873915.1	GCA_023656565.1	inter_genus	Amycolatopsis	Flavobacterium	446	8602	383	4502	6.3263			
GCA_002086715.1	GCA_030378165.1	inter_genus	Mycobacteroides	Flavobacterium	326	5117	310	4966	6.3076			
GCA_027947575.1	GCA_900475975.1	inter_genus	Streptomyces	Streptococcus	325	7298	246	1779	6.2906			
GCA_000478275.1	GCA_042659905.1	inter_genus	Amycolatopsis	Flavobacterium	431	8170	392	4916	6.2892			
GCA_030378165.1	GCA_042653945.1	inter_genus	Flavobacterium	Streptomyces	429	4966	557	10714	6.2883			
GCA_019308285.1	GCA_042653945.1	inter_genus	Flavobacterium	Streptomyces	421	5097	573	10714	6.2868			
GCA_042659905.1	GCA_900475975.1	inter_genus	Flavobacterium	Streptococcus	209	4916	211	1779	6.2733			
GCA_002086715.1	GCA_042659905.1	inter_genus	Mycobacteroides	Flavobacterium	314	5117	315	4916	6.2693			
GCA_010728525.1	GCA_030378165.1	inter_genus	Mycobacterium	Flavobacterium	298	4427	290	4966	6.2600			
GCA_001182745.2	GCA_030378165.1	inter_genus	Nocardia	Flavobacterium	352	6046	334	4966	6.2296			
GCA_010728525.1	GCA_042659905.1	inter_genus	Mycobacterium	Flavobacterium	291	4427	291	4916	6.2293			
GCA_030378165.1	GCA_900475975.1	inter_genus	Flavobacterium	Streptococcus	207	4966	213	1779	6.2268			
GCA_042431885.1	GCA_900475975.1	inter_genus	Streptomyces	Streptococcus	326	7515	252	1779	6.2191			
GCA_002086715.1	GCA_019308285.1	inter_genus	Mycobacteroides	Flavobacterium	322	5117	313	5097	6.2170			
GCA_053761065.1	GCA_900094605.1	inter_genus	Enterococcus	Bradyrhizobium	303	2637	376	8291	6.2134	0.405585		
GCA_019308285.1	GCA_025821505.1	inter_genus	Flavobacterium	Mycobacterium	299	5097	316	4819	6.2021			
GCA_001182745.2	GCA_019308285.1	inter_genus	Nocardia	Flavobacterium	354	6046	337	5097	6.2012			
GCA_010728525.1	GCA_019308285.1	inter_genus	Mycobacterium	Flavobacterium	300	4427	290	5097	6.1949			
GCA_900475975.1	GCA_963924095.1	inter_genus	Streptococcus	Streptomyces	246	1779	312	7236	6.1897			
GCA_000478275.1	GCA_019308285.1	inter_genus	Amycolatopsis	Flavobacterium	434	8170	387	5097	6.1883			
GCA_023656565.1	GCA_042653945.1	inter_genus	Flavobacterium	Streptomyces	394	4502	547	10714	6.1843			
GCA_014873915.1	GCA_030378165.1	inter_genus	Amycolatopsis	Flavobacterium	455	8602	380	4966	6.1542			
GCA_014873915.1	GCA_042659905.1	inter_genus	Amycolatopsis	Flavobacterium	447	8602	384	4916	6.1474			
GCA_001182745.2	GCA_900475975.1	inter_genus	Nocardia	Streptococcus	246	6046	234	1779	6.1342	0.405585		
GCA_019308285.1	GCA_900475975.1	inter_genus	Flavobacterium	Streptococcus	207	5097	214	1779	6.1227			
GCA_000478275.1	GCA_030378165.1	inter_genus	Amycolatopsis	Flavobacterium	427	8170	377	4966	6.1206			
GCA_019930105.1	GCA_021390235.1	inter_genus	Streptococcus	Streptomyces	262	1770	358	8369	6.1150			
GCA_054602315.1	GCA_900475975.1	inter_genus	Bradyrhizobium	Streptococcus	323	7168	224	1779	6.1138			
GCA_001612785.1	GCA_019930105.1	inter_genus	Nocardia	Streptococcus	272	6744	248	1770	6.1076			
GCA_013366925.1	GCA_019930105.1	inter_genus	Paraburkholderia	Streptococcus	349	8209	258	1770	6.0828	0.405585		
GCA_014873915.1	GCA_019308285.1	inter_genus	Amycolatopsis	Flavobacterium	445	8602	387	5097	6.0734			
GCA_023278185.1	GCA_053761065.1	inter_genus	Bradyrhizobium	Enterococcus	373	8598	307	2637	6.0525	0.405585		
GCA_001969825.1	GCA_019930105.1	inter_genus	Bradyrhizobium	Streptococcus	341	7775	235	1770	6.0346			
GCA_042653945.1	GCA_042659905.1	inter_genus	Streptomyces	Flavobacterium	536	10714	400	4916	5.9885			
GCA_014656275.1	GCA_019930105.1	inter_genus	Streptomyces	Streptococcus	377	8995	264	1770	5.9545			
GCA_013366925.1	GCA_900475975.1	inter_genus	Paraburkholderia	Streptococcus	335	8209	252	1779	5.8771	0.405585		
GCA_000478275.1	GCA_019930105.1	inter_genus	Amycolatopsis	Streptococcus	318	8170	266	1770	5.8753			
GCA_021390235.1	GCA_900475975.1	inter_genus	Streptomyces	Streptococcus	340	8369	256	1779	5.8731			
GCA_001418655.1	GCA_019930105.1	inter_genus	Streptomyces	Streptococcus	395	9368	259	1770	5.8718			
GCA_014656275.1	GCA_900475975.1	inter_genus	Streptomyces	Streptococcus	371	8995	260	1779	5.8567			
GCA_001612785.1	GCA_900475975.1	inter_genus	Nocardia	Streptococcus	263	6744	236	1779	5.8547			
GCA_019930105.1	GCA_900094605.1	inter_genus	Streptococcus	Bradyrhizobium	236	1770	350	8291	5.8245			
GCA_001418655.1	GCA_900475975.1	inter_genus	Streptomyces	Streptococcus	384	9368	254	1779	5.7235			
GCA_019930105.1	GCA_023278185.1	inter_genus	Streptococcus	Bradyrhizobium	236	1770	351	8598	5.6617			
GCA_001969825.1	GCA_900475975.1	inter_genus	Bradyrhizobium	Streptococcus	319	7775	221	1779	5.6521			
GCA_900094605.1	GCA_900475975.1	inter_genus	Bradyrhizobium	Streptococcus	336	8291	226	1779	5.5809			
GCA_014873915.1	GCA_019930105.1	inter_genus	Amycolatopsis	Streptococcus	319	8602	259	1770	5.5727			
GCA_016598615.1	GCA_019930105.1	inter_genus	Streptomyces	Streptococcus	378	9740	263	1770	5.5691			
GCA_000478275.1	GCA_900475975.1	inter_genus	Amycolatopsis	Streptococcus	295	8170	244	1779	5.4176			
GCA_016598615.1	GCA_900475975.1	inter_genus	Streptomyces	Streptococcus	371	9740	253	1779	5.4171			
GCA_019930105.1	GCA_042653945.1	inter_genus	Streptococcus	Streptomyces	263	1770	400	10714	5.3108			
GCA_023278185.1	GCA_900475975.1	inter_genus	Bradyrhizobium	Streptococcus	332	8598	216	1779	5.2809			
GCA_014873915.1	GCA_900475975.1	inter_genus	Amycolatopsis	Streptococcus	304	8602	240	1779	5.2403			
GCA_042653945.1	GCA_900475975.1	inter_genus	Streptomyces	Streptococcus	370	10714	251	1779	4.9708			
