acc_a	acc_b	class	genus_a	genus_b	conserved_a	proteins_a	conserved_b	proteins_b	pocp	mash_dist	aai	prot_dist
GCA_000196115.1	GCA_000338295.1	congeneric	Rhodopirellula	Rhodopirellula	4345	5115	4409	5290	84.1326	0.096215	93.0244	0.074286
GCA_003597125.1	GCA_000756655.1	congeneric	Alcanivorax	Alcanivorax	2738	3435	2746	3273	81.7531	0.162655	81.0084	0.159354
GCA_002727185.1	GCA_000338295.1	congeneric	Rhodopirellula	Rhodopirellula	4504	5729	4477	5290	81.5047	0.097681	89.7283	0.095044
GCA_000292245.2	GCA_047302405.1	congeneric	Alkalihalobacillus	Alkalihalobacillus	3467	4124	3430	4348	81.4093	0.077423	94.1728	0.075723
GCA_003597125.1	GCA_009601165.1	congeneric	Alcanivorax	Alcanivorax	2772	3435	2774	3399	81.1531	0.157865	82.6640	0.143584
GCA_020966775.1	GCA_000196115.1	congeneric	Rhodopirellula	Rhodopirellula	3981	4755	4023	5115	81.0942	0.218593	79.3309	0.170949
GCA_002727185.1	GCA_000196115.1	congeneric	Rhodopirellula	Rhodopirellula	4418	5729	4373	5115	81.0679	0.136630	88.6487	0.101742
GCA_009601165.1	GCA_000756655.1	congeneric	Alcanivorax	Alcanivorax	2695	3399	2711	3273	81.0252	0.175137	80.1853	0.171632
GCA_000756655.1	GCA_000009365.1	congeneric	Alcanivorax	Alcanivorax	2453	3273	2409	2758	80.6168	0.181843	81.8566	0.147300
GCA_020966775.1	GCA_000338295.1	congeneric	Rhodopirellula	Rhodopirellula	3961	4755	4084	5290	80.0896	0.206387	79.3652	0.174412
GCA_006861775.1	GCA_006861795.1	congeneric	Psychrobacillus	Psychrobacillus	3357	4030	3305	4397	79.0554	0.128799	88.9639	0.110823
GCA_003597125.1	GCA_000009365.1	congeneric	Alcanivorax	Alcanivorax	2461	3435	2426	2758	78.9117	0.200342	80.8454	0.156945
GCA_009827455.1	GCA_012972675.1	congeneric	Pontixanthobacter	Pontixanthobacter	2093	2704	2080	2592	78.7953	0.240698	77.2720	0.191962
GCA_009720525.1	GCA_000181475.1	congeneric	Gimesia	Gimesia	4755	6104	4631	5814	78.7548	0.219531	78.2385	0.188699
GCA_009827395.1	GCA_009827455.1	congeneric	Pontixanthobacter	Pontixanthobacter	2165	2802	2154	2704	78.4417	0.188197	81.3216	0.158142
GCA_009827455.1	GCA_009828095.1	congeneric	Pontixanthobacter	Pontixanthobacter	2121	2704	2120	2712	78.3050	0.220489	77.2483	0.195326
GCA_001906925.1	GCA_001643235.1	congeneric	Domibacillus	Domibacillus	2686	3253	2797	3756	78.2280	0.086446	91.6804	0.093223
GCA_007754425.1	GCA_000181475.1	congeneric	Gimesia	Gimesia	4462	5793	4569	5814	77.8065	0.215885	79.8162	0.170949
GCA_007754425.1	GCA_007748195.1	congeneric	Gimesia	Gimesia	4404	5793	4434	5591	77.6353	0.214163	79.9048	0.178722
GCA_009720525.1	GCA_007754425.1	congeneric	Gimesia	Gimesia	4712	6104	4502	5793	77.4481	0.223483	78.5749	0.171632
GCA_002727185.1	GCA_020966775.1	congeneric	Rhodopirellula	Rhodopirellula	4126	5729	3983	4755	77.3464	0.200342	79.4322	0.173013
GCA_009601165.1	GCA_000009365.1	congeneric	Alcanivorax	Alcanivorax	2389	3399	2366	2758	77.2292	0.211692	79.8890	0.170270
GCA_012972675.1	GCA_009828095.1	congeneric	Pontixanthobacter	Pontixanthobacter	2031	2592	2040	2712	76.7534	0.227796	76.6786	0.198795
GCA_012932915.1	GCA_016481275.1	congeneric	Antrihabitans	Antrihabitans	4728	6310	4683	5994	76.4873	0.204974	74.8369	0.227754
GCA_009827395.1	GCA_009828095.1	congeneric	Pontixanthobacter	Pontixanthobacter	2099	2802	2091	2712	75.9884	0.219531	77.0232	0.207018
GCA_009827395.1	GCA_012972675.1	congeneric	Pontixanthobacter	Pontixanthobacter	2057	2802	2037	2592	75.8991	0.217673	76.1665	0.209899
GCA_042654505.1	GCA_900142325.1	congeneric	Epilithonimonas	Epilithonimonas	2552	3479	2557	3312	75.2319	0.161274	85.8329	0.135583
GCA_000181475.1	GCA_007748195.1	congeneric	Gimesia	Gimesia	4312	5814	4224	5591	74.8444	0.254359	77.1511	0.189505
GCA_042654505.1	GCA_042650985.1	congeneric	Epilithonimonas	Epilithonimonas	2650	3479	2660	3675	74.2242	0.143092	87.0411	0.135583
GCA_028610675.1	GCA_047302405.1	congeneric	Alkalihalobacillus	Alkalihalobacillus	3146	4246	3193	4348	73.7608	0.214163	74.8998	0.197917
GCA_009720525.1	GCA_007748195.1	congeneric	Gimesia	Gimesia	4377	6104	4222	5591	73.5271	0.265460	76.2325	0.201469
GCA_001005315.1	GCA_000154725.1	congeneric	Kordia	Kordia	3241	4694	3272	4294	72.4633	0.175878	80.4649	0.165635
GCA_042650985.1	GCA_900142325.1	congeneric	Epilithonimonas	Epilithonimonas	2508	3675	2525	3312	72.0338	0.170926	84.7760	0.145159
GCA_000966185.1	GCA_000970675.1	congeneric	Domibacillus	Domibacillus	2578	3737	2579	3439	71.8645	0.181843	84.5101	0.149488
GCA_003054265.1	GCA_000154725.1	congeneric	Kordia	Kordia	2963	4003	2993	4294	71.7850	0.178964	81.1373	0.165635
GCA_043944905.1	GCA_016481275.1	congeneric	Antrihabitans	Antrihabitans	4248	6008	4367	5994	71.7797	0.210897	74.5915	0.246162
GCA_012932915.1	GCA_043944905.1	congeneric	Antrihabitans	Antrihabitans	4464	6310	4283	6008	71.0099	0.227796	74.1072	0.243535
GCA_004365655.1	GCA_042650985.1	congeneric	Epilithonimonas	Epilithonimonas	2389	3195	2459	3675	70.5677	0.156373	85.4196	0.151160
GCA_028610675.1	GCA_000292245.2	congeneric	Alkalihalobacillus	Alkalihalobacillus	2937	4246	2958	4124	70.4301	0.218593	75.1914	0.202375
GCA_013328815.1	GCA_011008935.1	congeneric	Tabrizicola	Tabrizicola	2822	4364	2789	3669	69.8494	0.177395	76.2289	0.207970
GCA_015999335.1	GCA_003574395.1	congeneric	Tabrizicola	Tabrizicola	2900	4484	2733	3587	69.7931	0.155166	81.2724	0.189505
GCA_003054265.1	GCA_001005315.1	congeneric	Kordia	Kordia	2965	4003	3053	4694	69.1963	0.202933	78.1290	0.182451
GCA_009901525.1	GCA_000154725.1	congeneric	Kordia	Kordia	3044	4542	3068	4294	69.1716	0.181002	80.9762	0.188699
GCA_008973485.1	GCA_006861775.1	congeneric	Psychrobacillus	Psychrobacillus	2705	3996	2825	4030	68.9011	0.199098	80.5533	0.182451
GCA_008973485.1	GCA_006861795.1	congeneric	Psychrobacillus	Psychrobacillus	2848	3996	2921	4397	68.7359	0.201619	79.7789	0.191137
GCA_004365655.1	GCA_042654505.1	congeneric	Epilithonimonas	Epilithonimonas	2267	3195	2298	3479	68.3998	0.181843	83.8372	0.159354
GCA_011008935.1	GCA_003574395.1	congeneric	Tabrizicola	Tabrizicola	2500	3669	2463	3587	68.3986	0.190183	72.9219	0.224396
GCA_006861775.1	GCA_003254155.1	congeneric	Psychrobacillus	Psychrobacillus	2534	4030	2417	3219	68.2991	0.220489	79.4326	0.206074
GCA_009901525.1	GCA_003054265.1	congeneric	Kordia	Kordia	2930	4542	2902	4003	68.2504	0.207109	78.2677	0.209899
GCA_009901525.1	GCA_001005315.1	congeneric	Kordia	Kordia	3087	4542	3153	4694	67.5617	0.182269	78.9480	0.203289
GCA_004365655.1	GCA_900142325.1	congeneric	Epilithonimonas	Epilithonimonas	2174	3195	2216	3312	67.4658	0.188686	83.3484	0.168925
GCA_015999335.1	GCA_011008935.1	congeneric	Tabrizicola	Tabrizicola	2810	4484	2642	3669	66.8711	0.186292	72.8905	0.226624
GCA_013328815.1	GCA_003574395.1	congeneric	Tabrizicola	Tabrizicola	2685	4364	2619	3587	66.7086	0.210897	72.9533	0.243535
GCA_001906925.1	GCA_000970675.1	congeneric	Domibacillus	Domibacillus	2205	3253	2214	3439	66.0341	0.215885	78.4345	0.206074
GCA_008297975.1	GCA_012932915.1	congeneric	Antrihabitans	Antrihabitans	3705	5303	3906	6310	65.5386	0.235108	71.7009	0.240966
GCA_001643235.1	GCA_000970675.1	congeneric	Domibacillus	Domibacillus	2396	3756	2316	3439	65.4899	0.217673	78.6588	0.207970
GCA_001906925.1	GCA_000966185.1	congeneric	Domibacillus	Domibacillus	2275	3253	2272	3737	65.0501	0.231311	76.6465	0.215889
GCA_008297975.1	GCA_016481275.1	congeneric	Antrihabitans	Antrihabitans	3587	5303	3759	5994	65.0261	0.224525	71.6721	0.250212
GCA_008297975.1	GCA_043944905.1	congeneric	Antrihabitans	Antrihabitans	3627	5303	3717	6008	64.9279	0.237820	72.4505	0.279589
GCA_003254155.1	GCA_006861795.1	congeneric	Psychrobacillus	Psychrobacillus	2417	3219	2526	4397	64.9028	0.217673	78.9859	0.228896
GCA_015999335.1	GCA_013328815.1	congeneric	Tabrizicola	Tabrizicola	2891	4484	2814	4364	64.4778	0.179364	73.5592	0.230048
GCA_001643235.1	GCA_000966185.1	congeneric	Domibacillus	Domibacillus	2464	3756	2356	3737	64.3267	0.243761	76.7935	0.210875
GCA_008973485.1	GCA_003254155.1	congeneric	Psychrobacillus	Psychrobacillus	2245	3996	2240	3219	62.1622	0.213325	78.7356	0.234776
GCA_043556415.1	GCA_030065535.1	congeneric	Microbacterium	Microbacterium	1694	2715	1695	2753	61.9788	0.197292	70.2009	0.264791
GCA_043556415.1	GCA_025960885.1	congeneric	Microbacterium	Microbacterium	1907	2715	1979	3572	61.8101	0.197886	72.8062	0.250212
GCA_025960885.1	GCA_030065535.1	congeneric	Microbacterium	Microbacterium	1973	3572	1910	2753	61.3913	0.192258	70.1456	0.267929
GCA_030065535.1	GCA_013409785.1	congeneric	Microbacterium	Microbacterium	1769	2753	1807	3554	56.6989	0.194988	70.6594	0.264791
GCA_043556415.1	GCA_013409785.1	congeneric	Microbacterium	Microbacterium	1717	2715	1768	3554	55.5910	0.211692	71.8933	0.272792
GCA_025960885.1	GCA_013409785.1	congeneric	Microbacterium	Microbacterium	1961	3572	1934	3554	54.6590	0.193877	70.8292	0.269529
GCA_020734105.1	GCA_042656585.1	inter_genus	Alkalihalobacillus	Thalassorhabdus	2341	4783	2057	3324	54.2494	0.320287	62.2338	0.363031
GCA_047302405.1	GCA_020734105.1	congeneric	Alkalihalobacillus	Alkalihalobacillus	2274	4348	2476	4783	52.0206	0.295981	66.5522	0.347277
GCA_011008935.1	GCA_041537905.1	inter_genus	Tabrizicola	Ruegeria	2223	3669	2266	5052	51.4735	0.276697	63.6800	0.347277
GCA_003254155.1	GCA_001906925.1	inter_genus	Psychrobacillus	Domibacillus	1677	3219	1651	3253	51.4215	0.291447	60.4285	0.384809
GCA_003574395.1	GCA_041537905.1	inter_genus	Tabrizicola	Ruegeria	2160	3587	2266	5052	51.2328	0.248764	64.1402	0.366421
GCA_000292245.2	GCA_020734105.1	congeneric	Alkalihalobacillus	Alkalihalobacillus	2168	4124	2359	4783	50.8252	0.276697	66.9415	0.350280
GCA_001906925.1	GCA_030814065.1	inter_genus	Domibacillus	Mesobacillus	1759	3253	1775	3822	49.9505	0.300994	62.5981	0.330580
GCA_000292245.2	GCA_042656585.1	inter_genus	Alkalihalobacillus	Thalassorhabdus	1882	4124	1837	3324	49.9329	0.328965	61.7166	0.373474
GCA_003254155.1	GCA_001643235.1	inter_genus	Psychrobacillus	Domibacillus	1713	3219	1765	3756	49.8638	0.295981	60.8328	0.363031
GCA_000966185.1	GCA_030814065.1	inter_genus	Domibacillus	Mesobacillus	1884	3737	1871	3822	49.6759	0.306598	61.9583	0.330580
GCA_047302405.1	GCA_042656585.1	inter_genus	Alkalihalobacillus	Thalassorhabdus	1930	4348	1866	3324	49.4786	0.339586	61.2584	0.380922
GCA_000970675.1	GCA_030814065.1	inter_genus	Domibacillus	Mesobacillus	1782	3439	1808	3822	49.4422	0.312952	62.7373	0.338661
GCA_003254155.1	GCA_000970675.1	inter_genus	Psychrobacillus	Domibacillus	1647	3219	1625	3439	49.1439	0.328965	60.3409	0.397196
GCA_006861775.1	GCA_001906925.1	inter_genus	Psychrobacillus	Domibacillus	1841	4030	1719	3253	48.8810	0.312952	60.5747	0.380922
GCA_013328815.1	GCA_041537905.1	inter_genus	Tabrizicola	Ruegeria	2280	4364	2300	5052	48.6406	0.270747	63.5473	0.359726
GCA_028610675.1	GCA_020734105.1	congeneric	Alkalihalobacillus	Alkalihalobacillus	2088	4246	2291	4783	48.4993	0.283502	65.4983	0.366421
GCA_003254155.1	GCA_000966185.1	inter_genus	Psychrobacillus	Domibacillus	1684	3219	1666	3737	48.1599	0.306598	60.0870	0.380922
GCA_015999335.1	GCA_041537905.1	inter_genus	Tabrizicola	Ruegeria	2300	4484	2277	5052	47.9971	0.276697	63.1748	0.363031
GCA_006861775.1	GCA_001643235.1	inter_genus	Psychrobacillus	Domibacillus	1894	4030	1841	3756	47.9707	0.328965	60.1376	0.377146
GCA_028610675.1	GCA_042656585.1	inter_genus	Alkalihalobacillus	Thalassorhabdus	1824	4246	1797	3324	47.8336	0.306598	60.9539	0.377146
GCA_001643235.1	GCA_030814065.1	inter_genus	Domibacillus	Mesobacillus	1823	3756	1787	3822	47.6379	0.300994	62.7013	0.335911
GCA_003054265.1	GCA_014651475.1	inter_genus	Kordia	Mesonia	1640	4003	1646	2913	47.5130	0.291447	63.3419	0.330580
GCA_006861775.1	GCA_000966185.1	inter_genus	Psychrobacillus	Domibacillus	1893	4030	1781	3737	47.3027	0.312952	59.7676	0.359726
GCA_000970675.1	GCA_042656585.1	inter_genus	Domibacillus	Thalassorhabdus	1585	3439	1596	3324	47.0353	0.339586	58.2991	0.401593
GCA_000154725.1	GCA_014651475.1	inter_genus	Kordia	Mesonia	1701	4294	1676	2913	46.8572	0.295981	62.9505	0.335911
GCA_006861795.1	GCA_001643235.1	inter_genus	Psychrobacillus	Domibacillus	1920	4397	1887	3756	46.6945	0.320287	60.2045	0.392938
GCA_003254155.1	GCA_030814065.1	inter_genus	Psychrobacillus	Mesobacillus	1639	3219	1628	3822	46.3997	0.320287	60.4084	0.392938
GCA_006861775.1	GCA_000970675.1	inter_genus	Psychrobacillus	Domibacillus	1804	4030	1661	3439	46.3918	0.320287	60.0690	0.366421
GCA_006861795.1	GCA_001906925.1	inter_genus	Psychrobacillus	Domibacillus	1814	4397	1726	3253	46.2745	0.312952	60.3391	0.406139
GCA_000966185.1	GCA_042656585.1	inter_genus	Domibacillus	Thalassorhabdus	1636	3737	1631	3324	46.2682	0.320287	58.1806	0.392938
GCA_047302405.1	GCA_000966185.1	inter_genus	Alkalihalobacillus	Domibacillus	1897	4348	1837	3737	46.1843	0.312952	58.2183	0.420773
GCA_001906925.1	GCA_042656585.1	inter_genus	Domibacillus	Thalassorhabdus	1511	3253	1519	3324	46.0696	0.339586	58.1168	0.426026
GCA_006861775.1	GCA_030814065.1	inter_genus	Psychrobacillus	Mesobacillus	1882	4030	1728	3822	45.9755	0.312952	60.1768	0.359726
GCA_030814065.1	GCA_042656585.1	inter_genus	Mesobacillus	Thalassorhabdus	1661	3822	1620	3324	45.9138	0.300994	58.8460	0.373474
GCA_009901525.1	GCA_014651475.1	inter_genus	Kordia	Mesonia	1710	4542	1701	2913	45.7545	0.300994	62.9626	0.330580
GCA_006861795.1	GCA_000966185.1	inter_genus	Psychrobacillus	Domibacillus	1910	4397	1809	3737	45.7217	0.339586	59.7036	0.377146
GCA_006861795.1	GCA_000970675.1	inter_genus	Psychrobacillus	Domibacillus	1849	4397	1718	3439	45.5207	0.312952	60.0326	0.369901
GCA_008973485.1	GCA_001906925.1	inter_genus	Psychrobacillus	Domibacillus	1663	3996	1627	3253	45.3856	0.306598	60.1722	0.373474
GCA_000292245.2	GCA_000966185.1	inter_genus	Alkalihalobacillus	Domibacillus	1814	4124	1753	3737	45.3759	0.306598	58.4613	0.431489
GCA_020734105.1	GCA_030814065.1	inter_genus	Alkalihalobacillus	Mesobacillus	2050	4783	1840	3822	45.2063	0.353280	59.6477	0.388812
GCA_000292245.2	GCA_030814065.1	inter_genus	Alkalihalobacillus	Mesobacillus	1829	4124	1762	3822	45.1925	0.306598	59.4842	0.437182
GCA_008973485.1	GCA_000966185.1	inter_genus	Psychrobacillus	Domibacillus	1751	3996	1729	3737	45.0019	0.328965	59.7951	0.380922
GCA_001643235.1	GCA_042656585.1	inter_genus	Domibacillus	Thalassorhabdus	1621	3756	1560	3324	44.9294	0.353280	57.9009	0.437182
GCA_047302405.1	GCA_030814065.1	inter_genus	Alkalihalobacillus	Mesobacillus	1854	4348	1809	3822	44.8348	0.312952	58.9883	0.420773
GCA_008973485.1	GCA_001643235.1	inter_genus	Psychrobacillus	Domibacillus	1719	3996	1749	3756	44.7368	0.306598	60.3766	0.377146
GCA_020734105.1	GCA_000966185.1	inter_genus	Alkalihalobacillus	Domibacillus	2011	4783	1800	3737	44.7300	0.339586	58.9992	0.392938
GCA_020734105.1	GCA_001906925.1	inter_genus	Alkalihalobacillus	Domibacillus	1922	4783	1669	3253	44.6864	0.320287	59.3981	0.401593
GCA_008973485.1	GCA_000970675.1	inter_genus	Psychrobacillus	Domibacillus	1681	3996	1634	3439	44.5864	0.295981	60.1069	0.377146
GCA_006861795.1	GCA_030814065.1	inter_genus	Psychrobacillus	Mesobacillus	1892	4397	1769	3822	44.5431	0.312952	60.1141	0.369901
GCA_008973485.1	GCA_030814065.1	inter_genus	Psychrobacillus	Mesobacillus	1738	3996	1713	3822	44.1417	0.306598	59.9027	0.359726
GCA_001005315.1	GCA_014651475.1	inter_genus	Kordia	Mesonia	1670	4694	1681	2913	44.0515	0.306598	62.9792	0.320535
GCA_020734105.1	GCA_000970675.1	inter_genus	Alkalihalobacillus	Domibacillus	1913	4783	1703	3439	43.9796	0.312952	59.2699	0.401593
GCA_020734105.1	GCA_001643235.1	inter_genus	Alkalihalobacillus	Domibacillus	1947	4783	1801	3756	43.8927	0.312952	59.3284	0.397196
GCA_028610675.1	GCA_000966185.1	inter_genus	Alkalihalobacillus	Domibacillus	1759	4246	1743	3737	43.8682	0.306598	57.8868	0.420773
GCA_028610675.1	GCA_030814065.1	inter_genus	Alkalihalobacillus	Mesobacillus	1769	4246	1758	3822	43.7159	0.312952	58.6144	0.415717
GCA_000292245.2	GCA_000970675.1	inter_genus	Alkalihalobacillus	Domibacillus	1676	4124	1595	3439	43.2500	0.312952	58.6528	0.449332
GCA_020734105.1	GCA_003254155.1	inter_genus	Alkalihalobacillus	Psychrobacillus	1824	4783	1635	3219	43.2267	0.339586	57.6580	0.443122
GCA_003254155.1	GCA_042656585.1	inter_genus	Psychrobacillus	Thalassorhabdus	1423	3219	1405	3324	43.2218	0.339586	56.2151	0.455838
GCA_047302405.1	GCA_000970675.1	inter_genus	Alkalihalobacillus	Domibacillus	1697	4348	1635	3439	42.7893	0.312952	58.2749	0.449332
GCA_000292245.2	GCA_001906925.1	inter_genus	Alkalihalobacillus	Domibacillus	1624	4124	1526	3253	42.7003	0.320287	58.8172	0.426026
GCA_047302405.1	GCA_006861775.1	inter_genus	Alkalihalobacillus	Psychrobacillus	1739	4348	1834	4030	42.6474	0.405585	56.6478	0.455838
GCA_047302405.1	GCA_001643235.1	inter_genus	Alkalihalobacillus	Domibacillus	1714	4348	1732	3756	42.5222	0.328965	58.2331	0.443122
GCA_000292245.2	GCA_001643235.1	inter_genus	Alkalihalobacillus	Domibacillus	1674	4124	1675	3756	42.5000	0.320287	58.6842	0.420773
GCA_000292245.2	GCA_006861775.1	inter_genus	Alkalihalobacillus	Psychrobacillus	1673	4124	1773	4030	42.2615	0.328965	56.9961	0.449332
GCA_047302405.1	GCA_001906925.1	inter_genus	Alkalihalobacillus	Domibacillus	1637	4348	1574	3253	42.2444	0.320287	58.3889	0.426026
GCA_009827395.1	GCA_034424525.1	inter_genus	Pontixanthobacter	Sphingobium	1589	2802	1723	5046	42.2018	0.295981	60.3958	0.392938
GCA_020734105.1	GCA_006861775.1	inter_genus	Alkalihalobacillus	Psychrobacillus	1899	4783	1820	4030	42.1990	0.306598	57.1899	0.449332
GCA_047302405.1	GCA_006861795.1	inter_genus	Alkalihalobacillus	Psychrobacillus	1804	4348	1860	4397	41.8982	0.328965	56.7572	0.449332
GCA_028610675.1	GCA_006861775.1	inter_genus	Alkalihalobacillus	Psychrobacillus	1683	4246	1783	4030	41.8801	0.328965	56.2825	0.443122
GCA_047302405.1	GCA_003254155.1	inter_genus	Alkalihalobacillus	Psychrobacillus	1590	4348	1569	3219	41.7471	0.328965	57.0523	0.443122
GCA_006861775.1	GCA_042656585.1	inter_genus	Psychrobacillus	Thalassorhabdus	1597	4030	1467	3324	41.6644	0.339586	56.3327	0.426026
GCA_028610675.1	GCA_000970675.1	inter_genus	Alkalihalobacillus	Domibacillus	1608	4246	1590	3439	41.6135	0.300994	57.9312	0.449332
GCA_009828095.1	GCA_034424525.1	inter_genus	Pontixanthobacter	Sphingobium	1543	2712	1670	5046	41.4153	0.270747	60.3111	0.373474
GCA_000292245.2	GCA_006861795.1	inter_genus	Alkalihalobacillus	Psychrobacillus	1725	4124	1796	4397	41.3214	0.328965	57.2355	0.477439
GCA_000292245.2	GCA_003254155.1	inter_genus	Alkalihalobacillus	Psychrobacillus	1532	4124	1498	3219	41.2638	0.328965	57.3153	0.485465
GCA_012972675.1	GCA_034424525.1	inter_genus	Pontixanthobacter	Sphingobium	1496	2592	1647	5046	41.1495	0.295981	60.0997	0.392938
GCA_047302405.1	GCA_008973485.1	inter_genus	Alkalihalobacillus	Psychrobacillus	1713	4348	1718	3996	41.1194	0.372583	56.6359	0.462668
GCA_028610675.1	GCA_001906925.1	inter_genus	Alkalihalobacillus	Domibacillus	1563	4246	1518	3253	41.0855	0.312952	57.8795	0.420773
GCA_028610675.1	GCA_003254155.1	inter_genus	Alkalihalobacillus	Psychrobacillus	1550	4246	1517	3219	41.0851	0.328965	56.4012	0.477439
GCA_028610675.1	GCA_006861795.1	inter_genus	Alkalihalobacillus	Psychrobacillus	1736	4246	1806	4397	40.9811	0.339586	56.2045	0.455838
GCA_028610675.1	GCA_008973485.1	inter_genus	Alkalihalobacillus	Psychrobacillus	1667	4246	1699	3996	40.8396	0.339586	56.0153	0.443122
GCA_028610675.1	GCA_001643235.1	inter_genus	Alkalihalobacillus	Domibacillus	1615	4246	1652	3756	40.8273	0.312952	57.7398	0.426026
GCA_020734105.1	GCA_006861795.1	inter_genus	Alkalihalobacillus	Psychrobacillus	1905	4783	1815	4397	40.5229	0.339586	57.1727	0.462668
GCA_000292245.2	GCA_008973485.1	inter_genus	Alkalihalobacillus	Psychrobacillus	1631	4124	1618	3996	40.0123	0.353280	56.9089	
GCA_009827455.1	GCA_034424525.1	inter_genus	Pontixanthobacter	Sphingobium	1482	2704	1597	5046	39.7290	0.306598	60.3812	0.397196
GCA_006861795.1	GCA_042656585.1	inter_genus	Psychrobacillus	Thalassorhabdus	1589	4397	1473	3324	39.6581	0.339586	56.2715	0.449332
GCA_020734105.1	GCA_008973485.1	inter_genus	Alkalihalobacillus	Psychrobacillus	1779	4783	1634	3996	38.8769	0.328965	56.9022	0.437182
GCA_008973485.1	GCA_042656585.1	inter_genus	Psychrobacillus	Thalassorhabdus	1429	3996	1384	3324	38.4290	0.353280	56.2484	0.449332
GCA_003574395.1	GCA_019334345.1	inter_genus	Tabrizicola	Neohoeflea	1371	3587	1375	3629	38.0543	0.306598	53.1999	0.437182
GCA_011008935.1	GCA_019334345.1	inter_genus	Tabrizicola	Neohoeflea	1387	3669	1366	3629	37.7227	0.300994	52.9859	
GCA_015999335.1	GCA_019334345.1	inter_genus	Tabrizicola	Neohoeflea	1570	4484	1478	3629	37.5693	0.300994	53.1071	0.493985
GCA_008297975.1	GCA_900100925.1	inter_genus	Antrihabitans	Actinopolyspora	1771	5303	1680	4041	36.9328	0.353280	57.6126	0.415717
GCA_013328815.1	GCA_019334345.1	inter_genus	Tabrizicola	Neohoeflea	1487	4364	1419	3629	36.3568	0.328965	52.9150	
GCA_047302405.1	GCA_014212135.1	inter_genus	Alkalihalobacillus	Cohnella	1753	4348	1969	6030	35.8643	0.372583	53.1046	0.469856
GCA_008704535.1	GCA_900100925.1	inter_genus	Streptomyces	Actinopolyspora	1971	6558	1777	4041	35.3618	0.276697	54.7125	0.415717
GCA_003254155.1	GCA_900636385.1	inter_genus	Psychrobacillus	Staphylococcus	989	3219	939	2236	35.3437	0.328965	54.1822	0.469856
GCA_008297975.1	GCA_008704535.1	inter_genus	Antrihabitans	Streptomyces	2043	5303	2146	6558	35.3174	0.312952	54.3782	0.426026
GCA_000970675.1	GCA_900636385.1	inter_genus	Domibacillus	Staphylococcus	1009	3439	955	2236	34.6079	0.339586	54.6296	0.449332
GCA_016481275.1	GCA_900100925.1	inter_genus	Antrihabitans	Actinopolyspora	1811	5994	1655	4041	34.5391	0.328965	57.3592	0.397196
GCA_900142325.1	GCA_014651475.1	inter_genus	Epilithonimonas	Mesonia	1077	3312	1067	2913	34.4418	0.353280	53.7719	0.469856
GCA_043944905.1	GCA_900100925.1	inter_genus	Antrihabitans	Actinopolyspora	1793	6008	1656	4041	34.3218	0.353280	57.2632	0.410843
GCA_043944905.1	GCA_008704535.1	inter_genus	Antrihabitans	Streptomyces	2148	6008	2162	6558	34.2989	0.312952	54.3533	0.401593
GCA_012932915.1	GCA_900100925.1	inter_genus	Antrihabitans	Actinopolyspora	1848	6310	1701	4041	34.2865	0.312952	57.2614	0.431489
GCA_001906925.1	GCA_900636385.1	inter_genus	Domibacillus	Staphylococcus	958	3253	923	2236	34.2685	0.339586	54.1887	0.449332
GCA_004365655.1	GCA_014651475.1	inter_genus	Epilithonimonas	Mesonia	1038	3195	1054	2913	34.2502	0.353280	53.6641	0.485465
GCA_016481275.1	GCA_008704535.1	inter_genus	Antrihabitans	Streptomyces	2140	5994	2153	6558	34.2017	0.328965	54.2501	0.420773
GCA_042654505.1	GCA_014651475.1	inter_genus	Epilithonimonas	Mesonia	1097	3479	1087	2913	34.1677	0.372583	53.7635	0.477439
GCA_000966185.1	GCA_014212135.1	inter_genus	Domibacillus	Cohnella	1551	3737	1765	6030	33.9511	0.339586	53.6290	
GCA_012932915.1	GCA_008704535.1	inter_genus	Antrihabitans	Streptomyces	2188	6310	2180	6558	33.9447	0.320287	54.2664	0.431489
GCA_000009365.1	GCA_001639725.1	inter_genus	Alcanivorax	Marinomonas	1064	2758	1101	3637	33.8546	0.372583	55.1521	0.420773
GCA_001643235.1	GCA_900636385.1	inter_genus	Domibacillus	Staphylococcus	1062	3756	966	2236	33.8451	0.328965	53.8804	0.455838
GCA_042650985.1	GCA_014651475.1	inter_genus	Epilithonimonas	Mesonia	1114	3675	1106	2913	33.6976	0.353280	53.8261	0.485465
GCA_041537905.1	GCA_019334345.1	inter_genus	Ruegeria	Neohoeflea	1490	5052	1432	3629	33.6597	0.320287	53.4084	0.469856
GCA_000292245.2	GCA_014212135.1	inter_genus	Alkalihalobacillus	Cohnella	1594	4124	1804	6030	33.4646	0.372583	53.6340	0.493985
GCA_028610675.1	GCA_014212135.1	inter_genus	Alkalihalobacillus	Cohnella	1605	4246	1807	6030	33.2036	0.372583	53.3050	0.485465
GCA_000966185.1	GCA_900636385.1	inter_genus	Domibacillus	Staphylococcus	1020	3737	963	2236	33.1994	0.353280	54.5891	0.455838
GCA_006861775.1	GCA_900636385.1	inter_genus	Psychrobacillus	Staphylococcus	1089	4030	963	2236	32.7482	0.339586	53.9181	0.477439
GCA_000756655.1	GCA_001639725.1	inter_genus	Alcanivorax	Marinomonas	1104	3273	1132	3637	32.3589	0.372583	54.7727	0.477439
GCA_008973485.1	GCA_900636385.1	inter_genus	Psychrobacillus	Staphylococcus	1014	3996	958	2236	31.6431	0.320287	54.1724	0.493985
GCA_030814065.1	GCA_900636385.1	inter_genus	Mesobacillus	Staphylococcus	978	3822	922	2236	31.3635	0.353280	54.3059	0.469856
GCA_001643235.1	GCA_014212135.1	inter_genus	Domibacillus	Cohnella	1488	3756	1580	6030	31.3509	0.353280	53.6757	0.493985
GCA_003597125.1	GCA_001639725.1	inter_genus	Alcanivorax	Marinomonas	1094	3435	1118	3637	31.2783	0.353280	55.0374	0.449332
GCA_030814065.1	GCA_014212135.1	inter_genus	Mesobacillus	Cohnella	1477	3822	1602	6030	31.2525	0.372583	53.0625	0.485465
GCA_009601165.1	GCA_001639725.1	inter_genus	Alcanivorax	Marinomonas	1078	3399	1120	3637	31.2393	0.353280	54.9002	0.485465
GCA_000970675.1	GCA_014212135.1	inter_genus	Domibacillus	Cohnella	1405	3439	1549	6030	31.1965	0.353280	53.6362	
GCA_006861795.1	GCA_900636385.1	inter_genus	Psychrobacillus	Staphylococcus	1075	4397	973	2236	30.8759	0.320287	53.8915	0.477439
GCA_900636385.1	GCA_042656585.1	inter_genus	Staphylococcus	Thalassorhabdus	833	2236	875	3324	30.7194	0.353280	53.6325	
GCA_009720525.1	GCA_000338295.1	inter_genus	Gimesia	Rhodopirellula	1796	6104	1656	5290	30.2966	0.372583	50.7186	0.431489
GCA_006861795.1	GCA_014212135.1	inter_genus	Psychrobacillus	Cohnella	1509	4397	1614	6030	29.9511	0.405585	52.6572	
GCA_006861775.1	GCA_014212135.1	inter_genus	Psychrobacillus	Cohnella	1474	4030	1527	6030	29.8310	0.405585	52.5533	
GCA_008973485.1	GCA_014212135.1	inter_genus	Psychrobacillus	Cohnella	1422	3996	1540	6030	29.5432	0.405585	52.7734	0.493985
GCA_000181475.1	GCA_000196115.1	inter_genus	Gimesia	Rhodopirellula	1648	5814	1560	5115	29.3531	0.372583	50.3904	0.462668
GCA_001906925.1	GCA_014212135.1	inter_genus	Domibacillus	Cohnella	1294	3253	1426	6030	29.3009	0.353280	53.4942	0.493985
GCA_009720525.1	GCA_000196115.1	inter_genus	Gimesia	Rhodopirellula	1690	6104	1587	5115	29.2094	0.372583	50.3947	0.455838
GCA_009720525.1	GCA_002727185.1	inter_genus	Gimesia	Rhodopirellula	1773	6104	1678	5729	29.1642	0.372583	50.5792	0.431489
GCA_014212135.1	GCA_042656585.1	inter_genus	Cohnella	Thalassorhabdus	1428	6030	1295	3324	29.1105	0.372583	53.9274	
GCA_000181475.1	GCA_000338295.1	inter_genus	Gimesia	Rhodopirellula	1650	5814	1581	5290	29.0976	0.405585	50.3720	0.431489
GCA_007754425.1	GCA_000338295.1	inter_genus	Gimesia	Rhodopirellula	1619	5793	1592	5290	28.9723	0.405585	50.4004	0.443122
GCA_007754425.1	GCA_000196115.1	inter_genus	Gimesia	Rhodopirellula	1615	5793	1545	5115	28.9696	0.405585	50.4486	0.462668
GCA_020734105.1	GCA_014212135.1	inter_genus	Alkalihalobacillus	Cohnella	1584	4783	1548	6030	28.9651	0.405585	53.7587	
GCA_009720525.1	GCA_020966775.1	inter_genus	Gimesia	Rhodopirellula	1646	6104	1489	4755	28.8701	0.405585	50.4323	0.437182
GCA_000292245.2	GCA_900636385.1	inter_genus	Alkalihalobacillus	Staphylococcus	945	4124	881	2236	28.7107	0.320287	53.3920	
GCA_000181475.1	GCA_020966775.1	inter_genus	Gimesia	Rhodopirellula	1568	5814	1466	4755	28.7066	0.353280	50.3713	0.469856
GCA_007754425.1	GCA_020966775.1	inter_genus	Gimesia	Rhodopirellula	1549	5793	1465	4755	28.5741	0.372583	50.2699	0.455838
GCA_000181475.1	GCA_002727185.1	inter_genus	Gimesia	Rhodopirellula	1665	5814	1626	5729	28.5108	0.405585	50.4408	0.443122
GCA_047302405.1	GCA_900636385.1	inter_genus	Alkalihalobacillus	Staphylococcus	980	4348	895	2236	28.4781	0.328965	53.1171	0.469856
GCA_028610675.1	GCA_900636385.1	inter_genus	Alkalihalobacillus	Staphylococcus	958	4246	882	2236	28.3863	0.339586	53.2519	0.443122
GCA_007748195.1	GCA_000196115.1	inter_genus	Gimesia	Rhodopirellula	1543	5591	1492	5115	28.3486	0.405585	50.1921	0.485465
GCA_007754425.1	GCA_002727185.1	inter_genus	Gimesia	Rhodopirellula	1637	5793	1625	5729	28.3111	0.405585	50.4512	0.462668
GCA_042654505.1	GCA_003054265.1	inter_genus	Epilithonimonas	Kordia	1074	3479	1041	4003	28.2678	0.339586	53.6035	
GCA_003254155.1	GCA_014212135.1	inter_genus	Psychrobacillus	Cohnella	1244	3219	1366	6030	28.2193	0.372583	52.7706	
GCA_025960885.1	GCA_900100925.1	inter_genus	Microbacterium	Actinopolyspora	1078	3572	1068	4041	28.1886	0.328965	51.3370	0.443122
GCA_900142325.1	GCA_003054265.1	inter_genus	Epilithonimonas	Kordia	1041	3312	1020	4003	28.1750	0.328965	53.4144	
GCA_007748195.1	GCA_000338295.1	inter_genus	Gimesia	Rhodopirellula	1535	5591	1521	5290	28.0857	0.405585	50.1966	0.455838
GCA_013409785.1	GCA_900100925.1	inter_genus	Microbacterium	Actinopolyspora	1067	3554	1060	4041	28.0053	0.353280	51.4121	0.469856
GCA_030065535.1	GCA_900100925.1	inter_genus	Microbacterium	Actinopolyspora	945	2753	954	4041	27.9511	0.312952	51.8907	0.477439
GCA_004365655.1	GCA_003054265.1	inter_genus	Epilithonimonas	Kordia	999	3195	1004	4003	27.8272	0.320287	53.7236	
GCA_007748195.1	GCA_020966775.1	inter_genus	Gimesia	Rhodopirellula	1474	5591	1403	4755	27.8078	0.405585	50.0630	0.449332
GCA_009828095.1	GCA_019334345.1	inter_genus	Pontixanthobacter	Neohoeflea	869	2712	894	3629	27.8032	0.372583	51.5219	
GCA_012972675.1	GCA_019334345.1	inter_genus	Pontixanthobacter	Neohoeflea	848	2592	877	3629	27.7287	0.405585	51.3916	
GCA_042654505.1	GCA_000154725.1	inter_genus	Epilithonimonas	Kordia	1080	3479	1073	4294	27.6984	0.320287	53.6776	
GCA_009827455.1	GCA_003574395.1	inter_genus	Pontixanthobacter	Tabrizicola	859	2704	882	3587	27.6745	0.372583	51.4272	0.493985
GCA_012972675.1	GCA_003574395.1	inter_genus	Pontixanthobacter	Tabrizicola	832	2592	877	3587	27.6582	0.372583	51.0685	
GCA_042650985.1	GCA_003054265.1	inter_genus	Epilithonimonas	Kordia	1068	3675	1054	4003	27.6374	0.353280	53.4501	
GCA_009827455.1	GCA_019334345.1	inter_genus	Pontixanthobacter	Neohoeflea	859	2704	888	3629	27.5857	0.339586	51.2158	
GCA_008297975.1	GCA_030065535.1	inter_genus	Antrihabitans	Microbacterium	1154	5303	1063	2753	27.5199	0.320287	52.6714	0.426026
GCA_043556415.1	GCA_900100925.1	inter_genus	Microbacterium	Actinopolyspora	913	2715	945	4041	27.5015	0.339586	51.1205	0.493985
GCA_008297975.1	GCA_013409785.1	inter_genus	Antrihabitans	Microbacterium	1249	5303	1186	3554	27.4924	0.295981	51.7555	0.469856
GCA_012972675.1	GCA_011008935.1	inter_genus	Pontixanthobacter	Tabrizicola	828	2592	890	3669	27.4397	0.339586	50.9899	
GCA_009827395.1	GCA_019334345.1	inter_genus	Pontixanthobacter	Neohoeflea	874	2802	889	3629	27.4141	0.339586	51.5831	
GCA_004365655.1	GCA_000154725.1	inter_genus	Epilithonimonas	Kordia	1016	3195	1032	4294	27.3468	0.372583	53.4662	
GCA_007748195.1	GCA_002727185.1	inter_genus	Gimesia	Rhodopirellula	1551	5591	1543	5729	27.3322	0.405585	50.0205	0.469856
GCA_042650985.1	GCA_000154725.1	inter_genus	Epilithonimonas	Kordia	1093	3675	1085	4294	27.3309	0.353280	53.4516	0.485465
GCA_900142325.1	GCA_009901525.1	inter_genus	Epilithonimonas	Kordia	1073	3312	1061	4542	27.1709	0.320287	53.1472	0.493985
GCA_900142325.1	GCA_000154725.1	inter_genus	Epilithonimonas	Kordia	1036	3312	1028	4294	27.1365	0.339586	53.3907	
GCA_042654505.1	GCA_009901525.1	inter_genus	Epilithonimonas	Kordia	1090	3479	1084	4542	27.1039	0.320287	52.9949	
GCA_009828095.1	GCA_003574395.1	inter_genus	Pontixanthobacter	Tabrizicola	837	2712	870	3587	27.0995	0.405585	51.0956	
GCA_009828095.1	GCA_011008935.1	inter_genus	Pontixanthobacter	Tabrizicola	843	2712	884	3669	27.0647	0.339586	51.1590	
GCA_042650985.1	GCA_009901525.1	inter_genus	Epilithonimonas	Kordia	1111	3675	1112	4542	27.0537	0.353280	52.8800	
GCA_009827395.1	GCA_011008935.1	inter_genus	Pontixanthobacter	Tabrizicola	859	2802	886	3669	26.9665	0.372583	51.1725	
GCA_043944905.1	GCA_013409785.1	inter_genus	Antrihabitans	Microbacterium	1339	6008	1239	3554	26.9609	0.291447	51.8182	0.462668
GCA_009827395.1	GCA_003574395.1	inter_genus	Pontixanthobacter	Tabrizicola	850	2802	870	3587	26.9213	0.372583	51.4289	
GCA_025960885.1	GCA_008704535.1	inter_genus	Microbacterium	Streptomyces	1275	3572	1451	6558	26.9102	0.291447	52.1139	0.485465
GCA_004365655.1	GCA_009901525.1	inter_genus	Epilithonimonas	Kordia	1036	3195	1045	4542	26.8967	0.339586	53.0742	
GCA_008297975.1	GCA_025960885.1	inter_genus	Antrihabitans	Microbacterium	1223	5303	1162	3572	26.8732	0.306598	52.0907	0.469856
GCA_043944905.1	GCA_025960885.1	inter_genus	Antrihabitans	Microbacterium	1327	6008	1246	3572	26.8580	0.312952	52.1421	0.443122
GCA_016481275.1	GCA_013409785.1	inter_genus	Antrihabitans	Microbacterium	1311	5994	1238	3554	26.6967	0.320287	51.8640	0.493985
GCA_013409785.1	GCA_008704535.1	inter_genus	Microbacterium	Streptomyces	1257	3554	1435	6558	26.6218	0.320287	51.9815	0.469856
GCA_020734105.1	GCA_900636385.1	inter_genus	Alkalihalobacillus	Staphylococcus	1006	4783	860	2236	26.5850	0.372583	53.3546	
GCA_009827455.1	GCA_011008935.1	inter_genus	Pontixanthobacter	Tabrizicola	823	2704	868	3669	26.5338	0.405585	51.3139	
GCA_043944905.1	GCA_030065535.1	inter_genus	Antrihabitans	Microbacterium	1228	6008	1086	2753	26.4125	0.320287	52.5239	0.437182
GCA_008297975.1	GCA_043556415.1	inter_genus	Antrihabitans	Microbacterium	1105	5303	1011	2715	26.3906	0.320287	51.9568	0.493985
GCA_042650985.1	GCA_001005315.1	inter_genus	Epilithonimonas	Kordia	1100	3675	1106	4694	26.3592	0.339586	53.3132	
GCA_042654505.1	GCA_001005315.1	inter_genus	Epilithonimonas	Kordia	1077	3479	1075	4694	26.3306	0.328965	53.5899	
GCA_019334345.1	GCA_034424525.1	inter_genus	Neohoeflea	Sphingobium	1100	3629	1183	5046	26.3170	0.339586	51.5481	0.477439
GCA_011008935.1	GCA_034424525.1	inter_genus	Tabrizicola	Sphingobium	1117	3669	1168	5046	26.2192	0.295981	51.2805	
GCA_004365655.1	GCA_001005315.1	inter_genus	Epilithonimonas	Kordia	1031	3195	1037	4694	26.2137	0.339586	53.4661	
GCA_030065535.1	GCA_008704535.1	inter_genus	Microbacterium	Streptomyces	1118	2753	1316	6558	26.1411	0.320287	52.6355	0.462668
GCA_900142325.1	GCA_001005315.1	inter_genus	Epilithonimonas	Kordia	1047	3312	1031	4694	25.9555	0.320287	53.2532	
GCA_016481275.1	GCA_025960885.1	inter_genus	Antrihabitans	Microbacterium	1271	5994	1211	3572	25.9461	0.339586	52.1080	0.493985
GCA_012932915.1	GCA_013409785.1	inter_genus	Antrihabitans	Microbacterium	1310	6310	1220	3554	25.6488	0.312952	51.6282	0.449332
GCA_003574395.1	GCA_034424525.1	inter_genus	Tabrizicola	Sphingobium	1085	3587	1129	5046	25.6458	0.295981	51.5745	
GCA_043556415.1	GCA_008704535.1	inter_genus	Microbacterium	Streptomyces	1092	2715	1283	6558	25.6120	0.306598	52.2034	0.443122
GCA_013328815.1	GCA_034424525.1	inter_genus	Tabrizicola	Sphingobium	1194	4364	1214	5046	25.5898	0.312952	51.4986	
GCA_012972675.1	GCA_013328815.1	inter_genus	Pontixanthobacter	Tabrizicola	838	2592	928	4364	25.3882	0.405585	51.2836	
GCA_016481275.1	GCA_030065535.1	inter_genus	Antrihabitans	Microbacterium	1155	5994	1060	2753	25.3230	0.353280	52.7848	0.469856
GCA_012932915.1	GCA_025960885.1	inter_genus	Antrihabitans	Microbacterium	1277	6310	1209	3572	25.1569	0.295981	51.9803	0.449332
GCA_015999335.1	GCA_034424525.1	inter_genus	Tabrizicola	Sphingobium	1185	4484	1201	5046	25.0367	0.339586	51.6775	
GCA_043944905.1	GCA_043556415.1	inter_genus	Antrihabitans	Microbacterium	1142	6008	1038	2715	24.9914	0.339586	51.8845	0.469856
GCA_012972675.1	GCA_015999335.1	inter_genus	Pontixanthobacter	Tabrizicola	830	2592	926	4484	24.8163	0.372583	50.8973	
GCA_900636385.1	GCA_001437435.1	inter_genus	Staphylococcus	Furfurilactobacillus	522	2236	525	1991	24.7693	0.372583	49.3624	
GCA_009827395.1	GCA_013328815.1	inter_genus	Pontixanthobacter	Tabrizicola	863	2802	909	4364	24.7279	0.372583	51.5667	
GCA_009828095.1	GCA_013328815.1	inter_genus	Pontixanthobacter	Tabrizicola	843	2712	899	4364	24.6184	0.328965	51.4500	
GCA_009828095.1	GCA_015999335.1	inter_genus	Pontixanthobacter	Tabrizicola	837	2712	928	4484	24.5275	0.372583	51.0296	
GCA_012932915.1	GCA_030065535.1	inter_genus	Antrihabitans	Microbacterium	1166	6310	1054	2753	24.4952	0.320287	52.5005	0.443122
GCA_016481275.1	GCA_043556415.1	inter_genus	Antrihabitans	Microbacterium	1093	5994	1025	2715	24.3197	0.312952	52.1772	0.493985
GCA_009827455.1	GCA_013328815.1	inter_genus	Pontixanthobacter	Tabrizicola	830	2704	888	4364	24.3067	0.405585	51.4555	
GCA_012972675.1	GCA_041537905.1	inter_genus	Pontixanthobacter	Ruegeria	879	2592	968	5052	24.1627	0.353280	51.1313	
GCA_009827395.1	GCA_015999335.1	inter_genus	Pontixanthobacter	Tabrizicola	846	2802	907	4484	24.0598	0.372583	51.3305	
GCA_009827455.1	GCA_015999335.1	inter_genus	Pontixanthobacter	Tabrizicola	822	2704	892	4484	23.8453	0.405585	51.2074	
GCA_009828095.1	GCA_041537905.1	inter_genus	Pontixanthobacter	Ruegeria	894	2712	956	5052	23.8279	0.405585	51.0964	
GCA_009827395.1	GCA_041537905.1	inter_genus	Pontixanthobacter	Ruegeria	904	2802	965	5052	23.7968	0.372583	51.5975	0.493985
GCA_009827455.1	GCA_041537905.1	inter_genus	Pontixanthobacter	Ruegeria	885	2704	957	5052	23.7494	0.353280	51.3545	
GCA_012932915.1	GCA_043556415.1	inter_genus	Antrihabitans	Microbacterium	1102	6310	1014	2715	23.4460	0.320287	51.8306	
GCA_041537905.1	GCA_034424525.1	inter_genus	Ruegeria	Sphingobium	1147	5052	1141	5046	22.6580	0.353280	50.8560	0.477439
GCA_000970675.1	GCA_001437435.1	inter_genus	Domibacillus	Furfurilactobacillus	606	3439	591	1991	22.0442	0.353280	51.2906	
GCA_012972675.1	GCA_000009365.1	inter_genus	Pontixanthobacter	Alcanivorax	574	2592	591	2758	21.7757		46.4452	
GCA_000966185.1	GCA_001437435.1	inter_genus	Domibacillus	Furfurilactobacillus	627	3737	603	1991	21.4735	0.372583	51.2419	
GCA_003254155.1	GCA_001437435.1	inter_genus	Psychrobacillus	Furfurilactobacillus	564	3219	548	1991	21.3436		50.1831	
GCA_009828095.1	GCA_000009365.1	inter_genus	Pontixanthobacter	Alcanivorax	574	2712	587	2758	21.2249		46.6973	
GCA_001906925.1	GCA_001437435.1	inter_genus	Domibacillus	Furfurilactobacillus	562	3253	548	1991	21.1670	0.372583	50.8169	
GCA_001643235.1	GCA_001437435.1	inter_genus	Domibacillus	Furfurilactobacillus	621	3756	589	1991	21.0545	0.353280	50.6460	
GCA_009827395.1	GCA_000009365.1	inter_genus	Pontixanthobacter	Alcanivorax	579	2802	590	2758	21.0252		46.9833	
GCA_012972675.1	GCA_000756655.1	inter_genus	Pontixanthobacter	Alcanivorax	600	2592	629	3273	20.9548		46.6649	
GCA_030814065.1	GCA_001437435.1	inter_genus	Mesobacillus	Furfurilactobacillus	628	3822	588	1991	20.9186	0.372583	50.5412	
GCA_009827455.1	GCA_000009365.1	inter_genus	Pontixanthobacter	Alcanivorax	560	2704	582	2758	20.9081		46.5251	
GCA_009828095.1	GCA_000756655.1	inter_genus	Pontixanthobacter	Alcanivorax	602	2712	632	3273	20.6182	0.372583	46.8919	
GCA_009827455.1	GCA_000756655.1	inter_genus	Pontixanthobacter	Alcanivorax	597	2704	628	3273	20.4952		46.7476	
GCA_012972675.1	GCA_003597125.1	inter_genus	Pontixanthobacter	Alcanivorax	599	2592	633	3435	20.4413		46.6680	
GCA_900636385.1	GCA_014212135.1	inter_genus	Staphylococcus	Cohnella	778	2236	909	6030	20.4089	0.372583	49.9054	
GCA_012972675.1	GCA_009601165.1	inter_genus	Pontixanthobacter	Alcanivorax	599	2592	617	3399	20.2971		46.6451	
GCA_003574395.1	GCA_001639725.1	inter_genus	Tabrizicola	Marinomonas	740	3587	725	3637	20.2796		46.6797	
GCA_009827395.1	GCA_000756655.1	inter_genus	Pontixanthobacter	Alcanivorax	601	2802	622	3273	20.1317	0.405585	46.9081	
GCA_006861775.1	GCA_001437435.1	inter_genus	Psychrobacillus	Furfurilactobacillus	638	4030	573	1991	20.1129		50.1444	
GCA_009828095.1	GCA_009601165.1	inter_genus	Pontixanthobacter	Alcanivorax	606	2712	621	3399	20.0785	0.405585	46.6573	
GCA_009828095.1	GCA_003597125.1	inter_genus	Pontixanthobacter	Alcanivorax	601	2712	633	3435	20.0748		46.8764	
GCA_009827455.1	GCA_003597125.1	inter_genus	Pontixanthobacter	Alcanivorax	594	2704	637	3435	20.0521		46.7967	
GCA_008973485.1	GCA_001437435.1	inter_genus	Psychrobacillus	Furfurilactobacillus	626	3996	573	1991	20.0267		50.6802	
GCA_009827455.1	GCA_009601165.1	inter_genus	Pontixanthobacter	Alcanivorax	599	2704	618	3399	19.9410		46.5472	
GCA_003574395.1	GCA_000009365.1	inter_genus	Tabrizicola	Alcanivorax	655	3587	609	2758	19.9212	0.405585	46.4660	
GCA_001639725.1	GCA_019334345.1	inter_genus	Marinomonas	Neohoeflea	718	3637	728	3629	19.9009		46.8694	
GCA_000009365.1	GCA_019334345.1	inter_genus	Alcanivorax	Neohoeflea	613	2758	652	3629	19.8059		46.5092	
GCA_009827395.1	GCA_003597125.1	inter_genus	Pontixanthobacter	Alcanivorax	603	2802	629	3435	19.7531		47.0313	
GCA_011008935.1	GCA_001639725.1	inter_genus	Tabrizicola	Marinomonas	731	3669	712	3637	19.7509		46.3680	
GCA_001437435.1	GCA_042656585.1	inter_genus	Furfurilactobacillus	Thalassorhabdus	519	1991	529	3324	19.7178	0.372583	49.8777	
GCA_041537905.1	GCA_001639725.1	inter_genus	Ruegeria	Marinomonas	881	5052	816	3637	19.5304		46.6064	
GCA_009827395.1	GCA_009601165.1	inter_genus	Pontixanthobacter	Alcanivorax	602	2802	607	3399	19.4969		46.9007	
GCA_015999335.1	GCA_001639725.1	inter_genus	Tabrizicola	Marinomonas	836	4484	744	3637	19.4557		46.4232	
GCA_000756655.1	GCA_019334345.1	inter_genus	Alcanivorax	Neohoeflea	637	3273	675	3629	19.0090	0.405585	46.5422	
GCA_011008935.1	GCA_000009365.1	inter_genus	Tabrizicola	Alcanivorax	639	3669	579	2758	18.9513		46.2783	
GCA_013328815.1	GCA_001639725.1	inter_genus	Tabrizicola	Marinomonas	780	4364	735	3637	18.9351		46.3302	
GCA_003574395.1	GCA_000756655.1	inter_genus	Tabrizicola	Alcanivorax	662	3587	629	3273	18.8192	0.372583	46.3974	
GCA_006861795.1	GCA_001437435.1	inter_genus	Psychrobacillus	Furfurilactobacillus	631	4397	570	1991	18.8009		50.1437	
GCA_047302405.1	GCA_001437435.1	inter_genus	Alkalihalobacillus	Furfurilactobacillus	619	4348	564	1991	18.6622	0.339586	50.0425	
GCA_003597125.1	GCA_019334345.1	inter_genus	Alcanivorax	Neohoeflea	649	3435	668	3629	18.6438		46.6273	
GCA_000292245.2	GCA_001437435.1	inter_genus	Alkalihalobacillus	Furfurilactobacillus	583	4124	553	1991	18.5773	0.339586	50.1680	
GCA_003574395.1	GCA_003597125.1	inter_genus	Tabrizicola	Alcanivorax	661	3587	637	3435	18.4848	0.405585	46.7072	
GCA_011008935.1	GCA_003597125.1	inter_genus	Tabrizicola	Alcanivorax	672	3669	640	3435	18.4685	0.405585	46.3614	
GCA_000009365.1	GCA_041537905.1	inter_genus	Alcanivorax	Ruegeria	690	2758	750	5052	18.4379		46.5337	
GCA_003574395.1	GCA_009601165.1	inter_genus	Tabrizicola	Alcanivorax	658	3587	623	3399	18.3367	0.353280	46.4532	
GCA_013328815.1	GCA_000009365.1	inter_genus	Tabrizicola	Alcanivorax	683	4364	615	2758	18.2252	0.405585	46.3717	
GCA_015999335.1	GCA_000009365.1	inter_genus	Tabrizicola	Alcanivorax	711	4484	608	2758	18.2132		45.9278	
GCA_011008935.1	GCA_009601165.1	inter_genus	Tabrizicola	Alcanivorax	674	3669	613	3399	18.2088	0.405585	46.2063	
GCA_011008935.1	GCA_000756655.1	inter_genus	Tabrizicola	Alcanivorax	656	3669	601	3273	18.1072		46.0987	
GCA_028610675.1	GCA_001437435.1	inter_genus	Alkalihalobacillus	Furfurilactobacillus	579	4246	543	1991	17.9894	0.353280	50.1294	
GCA_009601165.1	GCA_019334345.1	inter_genus	Alcanivorax	Neohoeflea	615	3399	648	3629	17.9710		46.5409	
GCA_015999335.1	GCA_000756655.1	inter_genus	Tabrizicola	Alcanivorax	751	4484	639	3273	17.9193		46.2247	
GCA_000009365.1	GCA_034424525.1	inter_genus	Alcanivorax	Sphingobium	665	2758	732	5046	17.9011	0.405585	46.8326	
GCA_013328815.1	GCA_000756655.1	inter_genus	Tabrizicola	Alcanivorax	719	4364	642	3273	17.8211	0.405585	46.2500	
GCA_015999335.1	GCA_003597125.1	inter_genus	Tabrizicola	Alcanivorax	754	4484	652	3435	17.7548	0.405585	46.2989	
GCA_003597125.1	GCA_041537905.1	inter_genus	Alcanivorax	Ruegeria	727	3435	775	5052	17.6977		46.5839	
GCA_000756655.1	GCA_041537905.1	inter_genus	Alcanivorax	Ruegeria	703	3273	770	5052	17.6937		46.4307	
GCA_013328815.1	GCA_003597125.1	inter_genus	Tabrizicola	Alcanivorax	716	4364	649	3435	17.5022	0.405585	46.7074	
GCA_000756655.1	GCA_034424525.1	inter_genus	Alcanivorax	Sphingobium	695	3273	759	5046	17.4781	0.372583	46.5374	
GCA_015999335.1	GCA_009601165.1	inter_genus	Tabrizicola	Alcanivorax	738	4484	637	3399	17.4426		46.5216	
GCA_009601165.1	GCA_041537905.1	inter_genus	Alcanivorax	Ruegeria	701	3399	765	5052	17.3471		46.5905	
GCA_013328815.1	GCA_009601165.1	inter_genus	Tabrizicola	Alcanivorax	705	4364	641	3399	17.3387	0.405585	46.4520	
GCA_003597125.1	GCA_034424525.1	inter_genus	Alcanivorax	Sphingobium	705	3435	752	5046	17.1796	0.405585	46.6865	
GCA_012972675.1	GCA_001639725.1	inter_genus	Pontixanthobacter	Marinomonas	508	2592	545	3637	16.9048		45.9191	
GCA_009601165.1	GCA_034424525.1	inter_genus	Alcanivorax	Sphingobium	675	3399	733	5046	16.6726	0.372583	46.7662	
GCA_009828095.1	GCA_001639725.1	inter_genus	Pontixanthobacter	Marinomonas	510	2712	532	3637	16.4120		46.0843	
GCA_009827455.1	GCA_001639725.1	inter_genus	Pontixanthobacter	Marinomonas	504	2704	523	3637	16.1962		46.0486	
GCA_020734105.1	GCA_001437435.1	inter_genus	Alkalihalobacillus	Furfurilactobacillus	568	4783	519	1991	16.0466		50.1513	
GCA_009827395.1	GCA_001639725.1	inter_genus	Pontixanthobacter	Marinomonas	503	2802	530	3637	16.0429		46.3186	
GCA_001639725.1	GCA_034424525.1	inter_genus	Marinomonas	Sphingobium	674	3637	703	5046	15.8586		46.3223	
GCA_001437435.1	GCA_014212135.1	inter_genus	Furfurilactobacillus	Cohnella	539	1991	645	6030	14.7613	0.405585	47.9599	
GCA_000009365.1	GCA_042656585.1	inter_genus	Alcanivorax	Thalassorhabdus	442	2758	454	3324	14.7320	0.405585	44.8146	
GCA_001906925.1	GCA_000009365.1	inter_genus	Domibacillus	Alcanivorax	447	3253	426	2758	14.5234	0.405585	45.1191	
GCA_030065535.1	GCA_000966185.1	inter_genus	Microbacterium	Domibacillus	448	2753	493	3737	14.4992		44.0711	
GCA_000970675.1	GCA_000009365.1	inter_genus	Domibacillus	Alcanivorax	454	3439	430	2758	14.2650	0.405585	45.2301	
GCA_000966185.1	GCA_001639725.1	inter_genus	Domibacillus	Marinomonas	523	3737	518	3637	14.1172	0.405585	44.3326	
GCA_025960885.1	GCA_000966185.1	inter_genus	Microbacterium	Domibacillus	492	3572	531	3737	13.9964		43.8346	
GCA_000756655.1	GCA_042656585.1	inter_genus	Alcanivorax	Thalassorhabdus	445	3273	477	3324	13.9760	0.405585	44.5956	
GCA_000966185.1	GCA_000009365.1	inter_genus	Domibacillus	Alcanivorax	466	3737	437	2758	13.9030	0.372583	45.0762	
GCA_006861775.1	GCA_001639725.1	inter_genus	Psychrobacillus	Marinomonas	565	4030	491	3637	13.7733		43.9143	
GCA_000970675.1	GCA_001639725.1	inter_genus	Domibacillus	Marinomonas	477	3439	496	3637	13.7507	0.405585	44.3424	
GCA_030065535.1	GCA_000970675.1	inter_genus	Microbacterium	Domibacillus	423	2753	425	3439	13.6951		43.8253	
GCA_013409785.1	GCA_014212135.1	inter_genus	Microbacterium	Cohnella	580	3554	731	6030	13.6790	0.372583	43.6951	
GCA_001643235.1	GCA_000009365.1	inter_genus	Domibacillus	Alcanivorax	462	3756	423	2758	13.5861	0.405585	44.9972	
GCA_001639725.1	GCA_042656585.1	inter_genus	Marinomonas	Thalassorhabdus	479	3637	466	3324	13.5756	0.405585	44.2328	
GCA_006861775.1	GCA_000009365.1	inter_genus	Psychrobacillus	Alcanivorax	500	4030	418	2758	13.5239		44.3430	
GCA_030065535.1	GCA_011008935.1	inter_genus	Microbacterium	Tabrizicola	415	2753	453	3669	13.5160	0.405585	42.9914	
GCA_003597125.1	GCA_042656585.1	inter_genus	Alcanivorax	Thalassorhabdus	454	3435	456	3324	13.4635	0.405585	44.7453	
GCA_000966185.1	GCA_900100925.1	inter_genus	Domibacillus	Actinopolyspora	542	3737	501	4041	13.4096		43.6668	
GCA_020734105.1	GCA_001639725.1	inter_genus	Alkalihalobacillus	Marinomonas	599	4783	525	3637	13.3492		44.1772	
GCA_000009365.1	GCA_030814065.1	inter_genus	Alcanivorax	Mesobacillus	418	2758	458	3822	13.3131	0.405585	44.7836	
GCA_001906925.1	GCA_000756655.1	inter_genus	Domibacillus	Alcanivorax	436	3253	432	3273	13.3006	0.405585	44.9629	
GCA_043556415.1	GCA_000966185.1	inter_genus	Microbacterium	Domibacillus	412	2715	446	3737	13.2982		43.6365	
GCA_008704535.1	GCA_014212135.1	inter_genus	Streptomyces	Cohnella	827	6558	845	6030	13.2825	0.372583	44.2722	
GCA_000970675.1	GCA_000756655.1	inter_genus	Domibacillus	Alcanivorax	455	3439	436	3273	13.2747	0.372583	44.9817	
GCA_006861775.1	GCA_000756655.1	inter_genus	Psychrobacillus	Alcanivorax	528	4030	441	3273	13.2685		44.1964	
GCA_009601165.1	GCA_042656585.1	inter_genus	Alcanivorax	Thalassorhabdus	433	3399	459	3324	13.2679	0.405585	44.5563	
GCA_003254155.1	GCA_030065535.1	inter_genus	Psychrobacillus	Microbacterium	412	3219	379	2753	13.2451		43.6358	
GCA_025960885.1	GCA_014212135.1	inter_genus	Microbacterium	Cohnella	581	3572	690	6030	13.2368		43.7371	
GCA_047302405.1	GCA_030065535.1	inter_genus	Alkalihalobacillus	Microbacterium	496	4348	441	2753	13.1953		43.7996	
GCA_003254155.1	GCA_000009365.1	inter_genus	Psychrobacillus	Alcanivorax	407	3219	381	2758	13.1839	0.405585	44.5298	
GCA_006861775.1	GCA_019334345.1	inter_genus	Psychrobacillus	Neohoeflea	535	4030	474	3629	13.1740	0.405585	43.4098	
GCA_003254155.1	GCA_001639725.1	inter_genus	Psychrobacillus	Marinomonas	461	3219	442	3637	13.1709		44.1021	
GCA_030814065.1	GCA_001639725.1	inter_genus	Mesobacillus	Marinomonas	496	3822	485	3637	13.1519	0.405585	44.1581	
GCA_001906925.1	GCA_003597125.1	inter_genus	Domibacillus	Alcanivorax	440	3253	439	3435	13.1429	0.405585	45.2591	
GCA_000966185.1	GCA_000756655.1	inter_genus	Domibacillus	Alcanivorax	472	3737	448	3273	13.1241	0.405585	44.5372	
GCA_030065535.1	GCA_003574395.1	inter_genus	Microbacterium	Tabrizicola	405	2753	427	3587	13.1230	0.405585	43.4870	
GCA_006861775.1	GCA_030065535.1	inter_genus	Psychrobacillus	Microbacterium	488	4030	402	2753	13.1210		43.4537	
GCA_013409785.1	GCA_000966185.1	inter_genus	Microbacterium	Domibacillus	462	3554	494	3737	13.1121		43.6855	
GCA_030065535.1	GCA_015999335.1	inter_genus	Microbacterium	Tabrizicola	430	2753	518	4484	13.0994	0.372583	43.3847	
GCA_030065535.1	GCA_042656585.1	inter_genus	Microbacterium	Thalassorhabdus	396	2753	400	3324	13.0986		44.0311	
GCA_020734105.1	GCA_000009365.1	inter_genus	Alkalihalobacillus	Alcanivorax	537	4783	449	2758	13.0752		44.7996	
GCA_006861775.1	GCA_003574395.1	inter_genus	Psychrobacillus	Tabrizicola	537	4030	457	3587	13.0498		43.6049	
GCA_000970675.1	GCA_003597125.1	inter_genus	Domibacillus	Alcanivorax	452	3439	444	3435	13.0346	0.405585	44.9814	
GCA_900100925.1	GCA_042656585.1	inter_genus	Actinopolyspora	Thalassorhabdus	473	4041	487	3324	13.0346		44.0552	
GCA_000966185.1	GCA_009601165.1	inter_genus	Domibacillus	Alcanivorax	482	3737	447	3399	13.0185	0.405585	44.6813	
GCA_030065535.1	GCA_014212135.1	inter_genus	Microbacterium	Cohnella	519	2753	623	6030	13.0024		43.5467	
GCA_006861775.1	GCA_011008935.1	inter_genus	Psychrobacillus	Tabrizicola	535	4030	466	3669	13.0017		43.2623	
GCA_000970675.1	GCA_009601165.1	inter_genus	Domibacillus	Alcanivorax	454	3439	434	3399	12.9863	0.405585	45.0266	
GCA_000292245.2	GCA_030065535.1	inter_genus	Alkalihalobacillus	Microbacterium	461	4124	427	2753	12.9126		44.0962	
GCA_000966185.1	GCA_019334345.1	inter_genus	Domibacillus	Neohoeflea	481	3737	470	3629	12.9107	0.405585	43.3533	
GCA_006861775.1	GCA_015999335.1	inter_genus	Psychrobacillus	Tabrizicola	552	4030	547	4484	12.9082		43.5518	
GCA_000966185.1	GCA_003597125.1	inter_genus	Domibacillus	Alcanivorax	468	3737	457	3435	12.8974	0.405585	44.9137	
GCA_025960885.1	GCA_013328815.1	inter_genus	Microbacterium	Tabrizicola	495	3572	528	4364	12.8906	0.353280	42.9885	
GCA_025960885.1	GCA_000970675.1	inter_genus	Microbacterium	Domibacillus	454	3572	449	3439	12.8798		43.7364	
GCA_011008935.1	GCA_042656585.1	inter_genus	Tabrizicola	Thalassorhabdus	460	3669	440	3324	12.8700		43.5509	
GCA_001643235.1	GCA_000756655.1	inter_genus	Domibacillus	Alcanivorax	464	3756	440	3273	12.8610	0.405585	44.8696	
GCA_006861795.1	GCA_001639725.1	inter_genus	Psychrobacillus	Marinomonas	548	4397	485	3637	12.8579		43.9635	
GCA_015999335.1	GCA_900100925.1	inter_genus	Tabrizicola	Actinopolyspora	585	4484	511	4041	12.8563		43.4269	
GCA_001906925.1	GCA_001639725.1	inter_genus	Domibacillus	Marinomonas	431	3253	453	3637	12.8302	0.405585	44.2669	
GCA_000970675.1	GCA_900100925.1	inter_genus	Domibacillus	Actinopolyspora	483	3439	475	4041	12.8075		43.9740	
GCA_030065535.1	GCA_001906925.1	inter_genus	Microbacterium	Domibacillus	384	2753	385	3253	12.8039		43.7419	
GCA_030065535.1	GCA_001643235.1	inter_genus	Microbacterium	Domibacillus	396	2753	437	3756	12.7977		43.3783	
GCA_006861775.1	GCA_003597125.1	inter_genus	Psychrobacillus	Alcanivorax	516	4030	439	3435	12.7930		44.5019	
GCA_900100925.1	GCA_019334345.1	inter_genus	Actinopolyspora	Neohoeflea	471	4041	510	3629	12.7901		43.0442	
GCA_025960885.1	GCA_015999335.1	inter_genus	Microbacterium	Tabrizicola	471	3572	558	4484	12.7731	0.372583	43.1393	
GCA_016481275.1	GCA_003597125.1	inter_genus	Antrihabitans	Alcanivorax	652	5994	552	3435	12.7691	0.372583	44.6737	
GCA_003574395.1	GCA_000966185.1	inter_genus	Tabrizicola	Domibacillus	467	3587	466	3737	12.7389		43.7696	
GCA_015999335.1	GCA_030814065.1	inter_genus	Tabrizicola	Mesobacillus	560	4484	497	3822	12.7257		43.5740	
GCA_025960885.1	GCA_011008935.1	inter_genus	Microbacterium	Tabrizicola	451	3572	470	3669	12.7192	0.405585	42.8111	
GCA_043556415.1	GCA_014212135.1	inter_genus	Microbacterium	Cohnella	500	2715	612	6030	12.7158		43.2869	
GCA_006861775.1	GCA_013328815.1	inter_genus	Psychrobacillus	Tabrizicola	548	4030	518	4364	12.6995		43.3091	
GCA_000756655.1	GCA_030814065.1	inter_genus	Alcanivorax	Mesobacillus	439	3273	462	3822	12.6991	0.405585	44.5714	
GCA_001643235.1	GCA_001639725.1	inter_genus	Domibacillus	Marinomonas	475	3756	463	3637	12.6877	0.372583	44.3333	
GCA_030065535.1	GCA_013328815.1	inter_genus	Microbacterium	Tabrizicola	418	2753	484	4364	12.6739	0.405585	43.2453	
GCA_000292245.2	GCA_000009365.1	inter_genus	Alkalihalobacillus	Alcanivorax	452	4124	420	2758	12.6707	0.405585	44.8376	
GCA_012972675.1	GCA_042656585.1	inter_genus	Pontixanthobacter	Thalassorhabdus	359	2592	390	3324	12.6606		43.9985	
GCA_900100925.1	GCA_014212135.1	inter_genus	Actinopolyspora	Cohnella	584	4041	691	6030	12.6601	0.405585	43.5484	
GCA_013409785.1	GCA_011008935.1	inter_genus	Microbacterium	Tabrizicola	445	3554	469	3669	12.6540		42.6751	
GCA_011008935.1	GCA_000966185.1	inter_genus	Tabrizicola	Domibacillus	466	3669	470	3737	12.6384		43.3798	
GCA_028610675.1	GCA_030065535.1	inter_genus	Alkalihalobacillus	Microbacterium	456	4246	428	2753	12.6304		43.6298	
GCA_016481275.1	GCA_009601165.1	inter_genus	Antrihabitans	Alcanivorax	644	5994	542	3399	12.6264	0.372583	44.4713	
GCA_047302405.1	GCA_001639725.1	inter_genus	Alkalihalobacillus	Marinomonas	517	4348	491	3637	12.6237	0.405585	44.2155	
GCA_011008935.1	GCA_900100925.1	inter_genus	Tabrizicola	Actinopolyspora	505	3669	468	4041	12.6200	0.372583	43.1840	
GCA_016481275.1	GCA_000756655.1	inter_genus	Antrihabitans	Alcanivorax	627	5994	542	3273	12.6147	0.372583	44.3838	
GCA_001906925.1	GCA_009601165.1	inter_genus	Domibacillus	Alcanivorax	433	3253	406	3399	12.6127	0.405585	45.1155	
GCA_025960885.1	GCA_019334345.1	inter_genus	Microbacterium	Neohoeflea	448	3572	460	3629	12.6094	0.372583	42.9766	
GCA_020734105.1	GCA_003597125.1	inter_genus	Alkalihalobacillus	Alcanivorax	557	4783	479	3435	12.6065	0.405585	44.5769	
GCA_012932915.1	GCA_000756655.1	inter_genus	Antrihabitans	Alcanivorax	664	6310	544	3273	12.6057		44.5862	
GCA_047302405.1	GCA_000009365.1	inter_genus	Alkalihalobacillus	Alcanivorax	469	4348	426	2758	12.5950	0.405585	44.5096	
GCA_013328815.1	GCA_000966185.1	inter_genus	Tabrizicola	Domibacillus	524	4364	496	3737	12.5910		43.8810	
GCA_006861775.1	GCA_900100925.1	inter_genus	Psychrobacillus	Actinopolyspora	562	4030	454	4041	12.5883		43.9242	
GCA_042656585.1	GCA_019334345.1	inter_genus	Thalassorhabdus	Neohoeflea	429	3324	446	3629	12.5845		43.6300	
GCA_030814065.1	GCA_019334345.1	inter_genus	Mesobacillus	Neohoeflea	467	3822	470	3629	12.5755	0.405585	43.3503	
GCA_020734105.1	GCA_000756655.1	inter_genus	Alkalihalobacillus	Alcanivorax	549	4783	464	3273	12.5745		44.4159	
GCA_043944905.1	GCA_000756655.1	inter_genus	Antrihabitans	Alcanivorax	623	6008	543	3273	12.5633		44.4109	
GCA_012932915.1	GCA_003597125.1	inter_genus	Antrihabitans	Alcanivorax	662	6310	562	3435	12.5603		44.4727	
GCA_015999335.1	GCA_000966185.1	inter_genus	Tabrizicola	Domibacillus	540	4484	492	3737	12.5532		43.7607	
GCA_013328815.1	GCA_008704535.1	inter_genus	Tabrizicola	Streptomyces	671	4364	699	6558	12.5435	0.372583	43.6341	0.493985
GCA_006861795.1	GCA_030065535.1	inter_genus	Psychrobacillus	Microbacterium	489	4397	407	2753	12.5315		43.7461	
GCA_003574395.1	GCA_042656585.1	inter_genus	Tabrizicola	Thalassorhabdus	437	3587	429	3324	12.5307		43.9777	
GCA_043556415.1	GCA_000970675.1	inter_genus	Microbacterium	Domibacillus	376	2715	395	3439	12.5284		43.7572	
GCA_000970675.1	GCA_019334345.1	inter_genus	Domibacillus	Neohoeflea	439	3439	446	3629	12.5212	0.405585	43.2980	
GCA_006861775.1	GCA_014651475.1	inter_genus	Psychrobacillus	Mesonia	493	4030	376	2913	12.5162		44.0064	
GCA_003254155.1	GCA_000756655.1	inter_genus	Psychrobacillus	Alcanivorax	415	3219	396	3273	12.4923		44.1382	
GCA_009827455.1	GCA_042656585.1	inter_genus	Pontixanthobacter	Thalassorhabdus	362	2704	389	3324	12.4585		44.0568	
GCA_030065535.1	GCA_019334345.1	inter_genus	Microbacterium	Neohoeflea	391	2753	404	3629	12.4569	0.372583	42.8863	
GCA_030065535.1	GCA_030814065.1	inter_genus	Microbacterium	Mesobacillus	401	2753	418	3822	12.4563		43.6167	
GCA_006861795.1	GCA_000009365.1	inter_genus	Psychrobacillus	Alcanivorax	478	4397	413	2758	12.4528		44.1700	
GCA_003254155.1	GCA_009601165.1	inter_genus	Psychrobacillus	Alcanivorax	436	3219	388	3399	12.4509		44.7322	
GCA_001643235.1	GCA_003597125.1	inter_genus	Domibacillus	Alcanivorax	459	3756	435	3435	12.4322	0.405585	44.8289	
GCA_025960885.1	GCA_001643235.1	inter_genus	Microbacterium	Domibacillus	437	3572	474	3756	12.4318		43.4771	
GCA_003254155.1	GCA_011008935.1	inter_genus	Psychrobacillus	Tabrizicola	431	3219	425	3669	12.4274		43.4070	
GCA_009828095.1	GCA_042656585.1	inter_genus	Pontixanthobacter	Thalassorhabdus	360	2712	390	3324	12.4254		44.1281	
GCA_012932915.1	GCA_009601165.1	inter_genus	Antrihabitans	Alcanivorax	668	6310	537	3399	12.4112	0.405585	44.4934	
GCA_006861775.1	GCA_009601165.1	inter_genus	Psychrobacillus	Alcanivorax	502	4030	420	3399	12.4108		44.4855	
GCA_000292245.2	GCA_000756655.1	inter_genus	Alkalihalobacillus	Alcanivorax	466	4124	452	3273	12.4104	0.405585	44.4713	
GCA_015999335.1	GCA_042656585.1	inter_genus	Tabrizicola	Thalassorhabdus	518	4484	449	3324	12.3847		43.6859	
GCA_013409785.1	GCA_015999335.1	inter_genus	Microbacterium	Tabrizicola	458	3554	537	4484	12.3787	0.353280	43.4143	
GCA_014651475.1	GCA_042656585.1	inter_genus	Mesonia	Thalassorhabdus	363	2913	409	3324	12.3777		43.9948	
GCA_000292245.2	GCA_001639725.1	inter_genus	Alkalihalobacillus	Marinomonas	484	4124	476	3637	12.3695	0.405585	44.4934	
GCA_012972675.1	GCA_000966185.1	inter_genus	Pontixanthobacter	Domibacillus	368	2592	414	3737	12.3558		43.8429	
GCA_013409785.1	GCA_013328815.1	inter_genus	Microbacterium	Tabrizicola	467	3554	511	4364	12.3516		42.8065	
GCA_013409785.1	GCA_019334345.1	inter_genus	Microbacterium	Neohoeflea	441	3554	446	3629	12.3486	0.405585	42.8751	
GCA_028610675.1	GCA_001639725.1	inter_genus	Alkalihalobacillus	Marinomonas	496	4246	477	3637	12.3430	0.405585	44.3909	
GCA_008973485.1	GCA_030065535.1	inter_genus	Psychrobacillus	Microbacterium	441	3996	392	2753	12.3426		43.8278	
GCA_003574395.1	GCA_000970675.1	inter_genus	Tabrizicola	Domibacillus	437	3587	430	3439	12.3399		43.4642	
GCA_011008935.1	GCA_008704535.1	inter_genus	Tabrizicola	Streptomyces	610	3669	650	6558	12.3203	0.328965	43.6667	
GCA_006861775.1	GCA_025960885.1	inter_genus	Psychrobacillus	Microbacterium	504	4030	432	3572	12.3125		43.2620	
GCA_011008935.1	GCA_000970675.1	inter_genus	Tabrizicola	Domibacillus	443	3669	432	3439	12.3101		43.2262	
GCA_015999335.1	GCA_000970675.1	inter_genus	Tabrizicola	Domibacillus	523	4484	452	3439	12.3059		43.5186	
GCA_003254155.1	GCA_014651475.1	inter_genus	Psychrobacillus	Mesonia	397	3219	357	2913	12.2962	0.372583	44.0866	
GCA_008297975.1	GCA_000756655.1	inter_genus	Antrihabitans	Alcanivorax	544	5303	510	3273	12.2901		44.2094	
GCA_016481275.1	GCA_000009365.1	inter_genus	Antrihabitans	Alcanivorax	584	5994	491	2758	12.2829	0.372583	44.8278	
GCA_043944905.1	GCA_003597125.1	inter_genus	Antrihabitans	Alcanivorax	618	6008	541	3435	12.2736	0.405585	44.6911	
GCA_015999335.1	GCA_008704535.1	inter_genus	Tabrizicola	Streptomyces	691	4484	661	6558	12.2442	0.339586	43.6193	0.449332
GCA_043556415.1	GCA_011008935.1	inter_genus	Microbacterium	Tabrizicola	372	2715	409	3669	12.2337	0.405585	42.9894	
GCA_013328815.1	GCA_014212135.1	inter_genus	Tabrizicola	Cohnella	607	4364	664	6030	12.2282	0.405585	43.9540	
GCA_003254155.1	GCA_003597125.1	inter_genus	Psychrobacillus	Alcanivorax	419	3219	394	3435	12.2182		44.4658	
GCA_003574395.1	GCA_030814065.1	inter_genus	Tabrizicola	Mesobacillus	443	3587	461	3822	12.2014		43.7634	
GCA_000292245.2	GCA_003597125.1	inter_genus	Alkalihalobacillus	Alcanivorax	476	4124	446	3435	12.1974	0.405585	44.7461	
GCA_001643235.1	GCA_900100925.1	inter_genus	Domibacillus	Actinopolyspora	499	3756	452	4041	12.1970		43.6225	
GCA_008297975.1	GCA_013328815.1	inter_genus	Antrihabitans	Tabrizicola	589	5303	590	4364	12.1961	0.405585	43.2942	
GCA_028610675.1	GCA_000009365.1	inter_genus	Alkalihalobacillus	Alcanivorax	445	4246	409	2758	12.1930	0.405585	44.3377	
GCA_011008935.1	GCA_001643235.1	inter_genus	Tabrizicola	Domibacillus	452	3669	453	3756	12.1886		43.6195	
GCA_003574395.1	GCA_001643235.1	inter_genus	Tabrizicola	Domibacillus	437	3587	458	3756	12.1885		43.8409	
GCA_009828095.1	GCA_000966185.1	inter_genus	Pontixanthobacter	Domibacillus	373	2712	413	3737	12.1879		43.9739	
GCA_001643235.1	GCA_009601165.1	inter_genus	Domibacillus	Alcanivorax	454	3756	418	3399	12.1873	0.405585	44.7768	
GCA_006861775.1	GCA_013409785.1	inter_genus	Psychrobacillus	Microbacterium	496	4030	428	3554	12.1835		42.8692	
GCA_009827395.1	GCA_042656585.1	inter_genus	Pontixanthobacter	Thalassorhabdus	363	2802	383	3324	12.1776		44.1786	
GCA_047302405.1	GCA_000756655.1	inter_genus	Alkalihalobacillus	Alcanivorax	480	4348	448	3273	12.1769	0.405585	44.1353	
GCA_000009365.1	GCA_014651475.1	inter_genus	Alcanivorax	Mesonia	340	2758	350	2913	12.1672		43.4674	
GCA_011008935.1	GCA_001906925.1	inter_genus	Tabrizicola	Domibacillus	427	3669	415	3253	12.1641		43.5672	
GCA_043556415.1	GCA_001643235.1	inter_genus	Microbacterium	Domibacillus	374	2715	413	3756	12.1620		43.5615	
GCA_013328815.1	GCA_042656585.1	inter_genus	Tabrizicola	Thalassorhabdus	496	4364	439	3324	12.1618		43.5832	
GCA_020734105.1	GCA_019334345.1	inter_genus	Alkalihalobacillus	Neohoeflea	543	4783	480	3629	12.1612		43.1302	
GCA_030814065.1	GCA_900100925.1	inter_genus	Mesobacillus	Actinopolyspora	497	3822	459	4041	12.1582		43.5780	
GCA_043944905.1	GCA_009601165.1	inter_genus	Antrihabitans	Alcanivorax	620	6008	523	3399	12.1505		44.7203	
GCA_008297975.1	GCA_014212135.1	inter_genus	Antrihabitans	Cohnella	658	5303	719	6030	12.1504		43.9967	
GCA_047302405.1	GCA_013409785.1	inter_genus	Alkalihalobacillus	Microbacterium	505	4348	455	3554	12.1488		43.4129	
GCA_008297975.1	GCA_003597125.1	inter_genus	Antrihabitans	Alcanivorax	547	5303	514	3435	12.1424	0.405585	44.2661	
GCA_025960885.1	GCA_003574395.1	inter_genus	Microbacterium	Tabrizicola	427	3572	442	3587	12.1386	0.405585	42.7287	
GCA_008973485.1	GCA_001639725.1	inter_genus	Psychrobacillus	Marinomonas	482	3996	444	3637	12.1315	0.405585	44.2083	
GCA_003597125.1	GCA_030814065.1	inter_genus	Alcanivorax	Mesobacillus	433	3435	447	3822	12.1262	0.405585	44.8854	
GCA_003254155.1	GCA_009828095.1	inter_genus	Psychrobacillus	Pontixanthobacter	376	3219	342	2712	12.1059		44.2355	
GCA_047302405.1	GCA_043556415.1	inter_genus	Alkalihalobacillus	Microbacterium	462	4348	393	2715	12.1053		43.4675	
GCA_006861795.1	GCA_015999335.1	inter_genus	Psychrobacillus	Tabrizicola	534	4397	541	4484	12.1045		43.5156	
GCA_020734105.1	GCA_009601165.1	inter_genus	Alkalihalobacillus	Alcanivorax	529	4783	461	3399	12.0997		44.3716	
GCA_047302405.1	GCA_025960885.1	inter_genus	Alkalihalobacillus	Microbacterium	502	4348	456	3572	12.0960		43.5069	
GCA_006861795.1	GCA_011008935.1	inter_genus	Psychrobacillus	Tabrizicola	506	4397	469	3669	12.0878		43.3562	
GCA_003574395.1	GCA_001906925.1	inter_genus	Tabrizicola	Domibacillus	416	3587	410	3253	12.0760		44.0312	
GCA_012972675.1	GCA_001906925.1	inter_genus	Pontixanthobacter	Domibacillus	337	2592	368	3253	12.0616		43.9436	
GCA_006861775.1	GCA_041537905.1	inter_genus	Psychrobacillus	Ruegeria	574	4030	521	5052	12.0568		43.5378	
GCA_012932915.1	GCA_000009365.1	inter_genus	Antrihabitans	Alcanivorax	598	6310	495	2758	12.0534		44.7453	
GCA_025960885.1	GCA_001906925.1	inter_genus	Microbacterium	Domibacillus	410	3572	412	3253	12.0440		43.9000	
GCA_003254155.1	GCA_015999335.1	inter_genus	Psychrobacillus	Tabrizicola	441	3219	486	4484	12.0343		43.6766	
GCA_006861795.1	GCA_000756655.1	inter_genus	Psychrobacillus	Alcanivorax	492	4397	431	3273	12.0339		43.9670	
GCA_000966185.1	GCA_014651475.1	inter_genus	Domibacillus	Mesonia	415	3737	385	2913	12.0301		43.9619	
GCA_006861795.1	GCA_003574395.1	inter_genus	Psychrobacillus	Tabrizicola	506	4397	454	3587	12.0240		43.8375	
GCA_012932915.1	GCA_013328815.1	inter_genus	Antrihabitans	Tabrizicola	637	6310	646	4364	12.0199		43.9189	
GCA_013409785.1	GCA_042656585.1	inter_genus	Microbacterium	Thalassorhabdus	418	3554	408	3324	12.0093		43.6145	
GCA_047302405.1	GCA_900100925.1	inter_genus	Alkalihalobacillus	Actinopolyspora	529	4348	478	4041	12.0038		43.4500	
GCA_003254155.1	GCA_013409785.1	inter_genus	Psychrobacillus	Microbacterium	414	3219	399	3554	12.0035		43.3277	
GCA_043944905.1	GCA_000009365.1	inter_genus	Antrihabitans	Alcanivorax	565	6008	487	2758	12.0009		44.6922	
GCA_020734105.1	GCA_011008935.1	inter_genus	Alkalihalobacillus	Tabrizicola	539	4783	475	3669	11.9972		43.5597	
GCA_003574395.1	GCA_008704535.1	inter_genus	Tabrizicola	Streptomyces	572	3587	645	6558	11.9961	0.328965	43.5854	
GCA_003254155.1	GCA_012972675.1	inter_genus	Psychrobacillus	Pontixanthobacter	364	3219	333	2592	11.9945		43.9275	
GCA_011008935.1	GCA_030814065.1	inter_genus	Tabrizicola	Mesobacillus	453	3669	445	3822	11.9877		43.7053	
GCA_006861795.1	GCA_019334345.1	inter_genus	Psychrobacillus	Neohoeflea	498	4397	464	3629	11.9860	0.405585	43.3224	
GCA_020734105.1	GCA_003574395.1	inter_genus	Alkalihalobacillus	Tabrizicola	540	4783	463	3587	11.9833		43.7717	
GCA_015999335.1	GCA_001643235.1	inter_genus	Tabrizicola	Domibacillus	507	4484	480	3756	11.9782		43.6954	
GCA_001906925.1	GCA_019334345.1	inter_genus	Domibacillus	Neohoeflea	405	3253	419	3629	11.9733	0.405585	43.4736	
GCA_043556415.1	GCA_042656585.1	inter_genus	Microbacterium	Thalassorhabdus	359	2715	363	3324	11.9556		43.5953	
GCA_003254155.1	GCA_043556415.1	inter_genus	Psychrobacillus	Microbacterium	370	3219	339	2715	11.9481		43.6931	
GCA_003254155.1	GCA_013328815.1	inter_genus	Psychrobacillus	Tabrizicola	436	3219	470	4364	11.9478		43.8622	
GCA_008297975.1	GCA_009601165.1	inter_genus	Antrihabitans	Alcanivorax	550	5303	489	3399	11.9398	0.372583	44.3894	
GCA_030065535.1	GCA_000009365.1	inter_genus	Microbacterium	Alcanivorax	338	2753	320	2758	11.9398		43.8802	
GCA_009828095.1	GCA_001906925.1	inter_genus	Pontixanthobacter	Domibacillus	343	2712	369	3253	11.9363		43.9515	
GCA_047302405.1	GCA_003597125.1	inter_genus	Alkalihalobacillus	Alcanivorax	483	4348	446	3435	11.9363	0.405585	44.3715	
GCA_047302405.1	GCA_019334345.1	inter_genus	Alkalihalobacillus	Neohoeflea	485	4348	467	3629	11.9343	0.405585	43.0375	
GCA_043556415.1	GCA_003574395.1	inter_genus	Microbacterium	Tabrizicola	365	2715	387	3587	11.9327	0.405585	43.0613	
GCA_009827395.1	GCA_000966185.1	inter_genus	Pontixanthobacter	Domibacillus	372	2802	408	3737	11.9284		44.1698	
GCA_003254155.1	GCA_025960885.1	inter_genus	Psychrobacillus	Microbacterium	412	3219	398	3572	11.9276		43.5803	
GCA_008973485.1	GCA_000009365.1	inter_genus	Psychrobacillus	Alcanivorax	425	3996	380	2758	11.9189		44.4801	
GCA_003254155.1	GCA_900100925.1	inter_genus	Psychrobacillus	Actinopolyspora	445	3219	420	4041	11.9146		43.7818	
GCA_000009365.1	GCA_900636385.1	inter_genus	Alcanivorax	Staphylococcus	298	2758	297	2236	11.9143	0.405585	43.7802	
GCA_000292245.2	GCA_009601165.1	inter_genus	Alkalihalobacillus	Alcanivorax	462	4124	434	3399	11.9101	0.405585	44.6627	
GCA_030065535.1	GCA_900636385.1	inter_genus	Microbacterium	Staphylococcus	300	2753	294	2236	11.9062		43.4208	
GCA_030065535.1	GCA_009828095.1	inter_genus	Microbacterium	Pontixanthobacter	337	2753	313	2712	11.8939		43.6473	
GCA_003254155.1	GCA_003574395.1	inter_genus	Psychrobacillus	Tabrizicola	409	3219	400	3587	11.8866		44.0486	
GCA_009601165.1	GCA_030814065.1	inter_genus	Alcanivorax	Mesobacillus	413	3399	445	3822	11.8820	0.405585	44.6002	
GCA_030065535.1	GCA_012972675.1	inter_genus	Microbacterium	Pontixanthobacter	326	2753	309	2592	11.8803		43.3306	
GCA_003574395.1	GCA_900100925.1	inter_genus	Tabrizicola	Actinopolyspora	463	3587	443	4041	11.8773	0.405585	43.0595	
GCA_020734105.1	GCA_900100925.1	inter_genus	Alkalihalobacillus	Actinopolyspora	578	4783	470	4041	11.8767		43.9078	
GCA_028610675.1	GCA_000756655.1	inter_genus	Alkalihalobacillus	Alcanivorax	465	4246	428	3273	11.8766	0.405585	44.2202	
GCA_025960885.1	GCA_042656585.1	inter_genus	Microbacterium	Thalassorhabdus	410	3572	409	3324	11.8765		43.8304	
GCA_047302405.1	GCA_009601165.1	inter_genus	Alkalihalobacillus	Alcanivorax	480	4348	440	3399	11.8756	0.405585	44.5616	
GCA_013409785.1	GCA_000970675.1	inter_genus	Microbacterium	Domibacillus	413	3554	417	3439	11.8690		43.6522	
GCA_003254155.1	GCA_019334345.1	inter_genus	Psychrobacillus	Neohoeflea	406	3219	406	3629	11.8575	0.405585	43.3428	
GCA_013328815.1	GCA_001643235.1	inter_genus	Tabrizicola	Domibacillus	490	4364	472	3756	11.8473		43.6879	
GCA_008297975.1	GCA_000009365.1	inter_genus	Antrihabitans	Alcanivorax	498	5303	457	2758	11.8472		44.6793	
GCA_013409785.1	GCA_003574395.1	inter_genus	Microbacterium	Tabrizicola	420	3554	426	3587	11.8471	0.405585	42.7702	
GCA_006861775.1	GCA_043556415.1	inter_genus	Psychrobacillus	Microbacterium	441	4030	358	2715	11.8458		43.3261	
GCA_009827395.1	GCA_001906925.1	inter_genus	Pontixanthobacter	Domibacillus	352	2802	365	3253	11.8415		44.2117	
GCA_013328815.1	GCA_900100925.1	inter_genus	Tabrizicola	Actinopolyspora	525	4364	470	4041	11.8382	0.405585	43.3321	
GCA_011008935.1	GCA_014212135.1	inter_genus	Tabrizicola	Cohnella	545	3669	603	6030	11.8363	0.405585	43.9607	
GCA_013409785.1	GCA_030814065.1	inter_genus	Microbacterium	Mesobacillus	428	3554	445	3822	11.8357		43.4078	
GCA_016481275.1	GCA_013328815.1	inter_genus	Antrihabitans	Tabrizicola	610	5994	615	4364	11.8266	0.405585	43.6948	
GCA_001643235.1	GCA_019334345.1	inter_genus	Domibacillus	Neohoeflea	442	3756	431	3629	11.8213	0.405585	43.4047	
GCA_028610675.1	GCA_025960885.1	inter_genus	Alkalihalobacillus	Microbacterium	475	4246	449	3572	11.8189		43.6140	
GCA_030814065.1	GCA_014651475.1	inter_genus	Mesobacillus	Mesonia	422	3822	374	2913	11.8189	0.405585	44.1207	
GCA_006861795.1	GCA_013328815.1	inter_genus	Psychrobacillus	Tabrizicola	520	4397	515	4364	11.8137		43.4492	
GCA_013328815.1	GCA_030814065.1	inter_genus	Tabrizicola	Mesobacillus	493	4364	474	3822	11.8129		44.0969	
GCA_008297975.1	GCA_019334345.1	inter_genus	Antrihabitans	Neohoeflea	525	5303	530	3629	11.8115		42.9337	
GCA_006861795.1	GCA_025960885.1	inter_genus	Psychrobacillus	Microbacterium	505	4397	436	3572	11.8083		43.5096	
GCA_006861775.1	GCA_009827455.1	inter_genus	Psychrobacillus	Pontixanthobacter	437	4030	358	2704	11.8058		43.8278	
GCA_013328815.1	GCA_000970675.1	inter_genus	Tabrizicola	Domibacillus	490	4364	431	3439	11.8032		43.7141	
GCA_003574395.1	GCA_014212135.1	inter_genus	Tabrizicola	Cohnella	533	3587	602	6030	11.8020	0.405585	43.8575	
GCA_009827455.1	GCA_001906925.1	inter_genus	Pontixanthobacter	Domibacillus	336	2704	367	3253	11.8012	0.405585	44.1730	
GCA_008297975.1	GCA_011008935.1	inter_genus	Antrihabitans	Tabrizicola	532	5303	526	3669	11.7922	0.405585	43.1465	
GCA_006861795.1	GCA_014651475.1	inter_genus	Psychrobacillus	Mesonia	481	4397	381	2913	11.7921		44.0168	
GCA_006861795.1	GCA_900100925.1	inter_genus	Psychrobacillus	Actinopolyspora	539	4397	456	4041	11.7919		43.5554	
GCA_009828095.1	GCA_030814065.1	inter_genus	Pontixanthobacter	Mesobacillus	370	2712	400	3822	11.7845		43.8109	
GCA_016481275.1	GCA_019334345.1	inter_genus	Antrihabitans	Neohoeflea	565	5994	569	3629	11.7843		43.4527	
GCA_000292245.2	GCA_003574395.1	inter_genus	Alkalihalobacillus	Tabrizicola	459	4124	449	3587	11.7754		43.9977	
GCA_047302405.1	GCA_014651475.1	inter_genus	Alkalihalobacillus	Mesonia	461	4348	394	2913	11.7752		44.1860	
GCA_012972675.1	GCA_000970675.1	inter_genus	Pontixanthobacter	Domibacillus	345	2592	365	3439	11.7725		43.7226	
GCA_000292245.2	GCA_043556415.1	inter_genus	Alkalihalobacillus	Microbacterium	418	4124	387	2715	11.7707		43.6832	
GCA_003254155.1	GCA_009827455.1	inter_genus	Psychrobacillus	Pontixanthobacter	365	3219	332	2704	11.7677		44.0385	
GCA_043556415.1	GCA_015999335.1	inter_genus	Microbacterium	Tabrizicola	381	2715	466	4484	11.7655	0.405585	43.4874	
GCA_043556415.1	GCA_030814065.1	inter_genus	Microbacterium	Mesobacillus	364	2715	405	3822	11.7638		43.3227	
GCA_047302405.1	GCA_011008935.1	inter_genus	Alkalihalobacillus	Tabrizicola	475	4348	468	3669	11.7625		43.2968	
GCA_020734105.1	GCA_015999335.1	inter_genus	Alkalihalobacillus	Tabrizicola	550	4783	540	4484	11.7622		43.6726	
GCA_012972675.1	GCA_030814065.1	inter_genus	Pontixanthobacter	Mesobacillus	351	2592	403	3822	11.7555		43.6810	
GCA_000756655.1	GCA_014651475.1	inter_genus	Alcanivorax	Mesonia	359	3273	368	2913	11.7523		43.3864	
GCA_001906925.1	GCA_900100925.1	inter_genus	Domibacillus	Actinopolyspora	436	3253	421	4041	11.7494		43.8799	
GCA_000292245.2	GCA_013409785.1	inter_genus	Alkalihalobacillus	Microbacterium	464	4124	437	3554	11.7348		43.7343	
GCA_043944905.1	GCA_013328815.1	inter_genus	Antrihabitans	Tabrizicola	603	6008	614	4364	11.7335		43.4538	
GCA_030065535.1	GCA_009827455.1	inter_genus	Microbacterium	Pontixanthobacter	329	2753	311	2704	11.7281		43.5824	
GCA_008973485.1	GCA_003574395.1	inter_genus	Psychrobacillus	Tabrizicola	457	3996	431	3587	11.7104		44.0114	
GCA_000292245.2	GCA_900100925.1	inter_genus	Alkalihalobacillus	Actinopolyspora	491	4124	465	4041	11.7085		43.7434	
GCA_047302405.1	GCA_003574395.1	inter_genus	Alkalihalobacillus	Tabrizicola	481	4348	448	3587	11.7076		43.4440	
GCA_009827455.1	GCA_000966185.1	inter_genus	Pontixanthobacter	Domibacillus	354	2704	400	3737	11.7063		43.8031	
GCA_003254155.1	GCA_009827395.1	inter_genus	Psychrobacillus	Pontixanthobacter	365	3219	339	2802	11.6924		44.1719	
GCA_900100925.1	GCA_034424525.1	inter_genus	Actinopolyspora	Sphingobium	521	4041	540	5046	11.6760	0.405585	42.7470	
GCA_047302405.1	GCA_015999335.1	inter_genus	Alkalihalobacillus	Tabrizicola	502	4348	529	4484	11.6735		43.3605	
GCA_009828095.1	GCA_000970675.1	inter_genus	Pontixanthobacter	Domibacillus	348	2712	370	3439	11.6729		43.9733	
GCA_014212135.1	GCA_001639725.1	inter_genus	Cohnella	Marinomonas	594	6030	534	3637	11.6686	0.405585	44.4880	
GCA_000292245.2	GCA_025960885.1	inter_genus	Alkalihalobacillus	Microbacterium	463	4124	435	3572	11.6684		43.8167	
GCA_041537905.1	GCA_042656585.1	inter_genus	Ruegeria	Thalassorhabdus	503	5052	474	3324	11.6643		43.5503	
GCA_047302405.1	GCA_013328815.1	inter_genus	Alkalihalobacillus	Tabrizicola	501	4348	515	4364	11.6621		43.8339	
GCA_001906925.1	GCA_014651475.1	inter_genus	Domibacillus	Mesonia	375	3253	344	2913	11.6607		44.2991	
GCA_006861795.1	GCA_013409785.1	inter_genus	Psychrobacillus	Microbacterium	490	4397	437	3554	11.6589		43.1416	
GCA_028610675.1	GCA_003597125.1	inter_genus	Alkalihalobacillus	Alcanivorax	466	4246	429	3435	11.6521	0.405585	44.2867	
GCA_006861775.1	GCA_012972675.1	inter_genus	Psychrobacillus	Pontixanthobacter	426	4030	345	2592	11.6430		43.7442	
GCA_009828095.1	GCA_001643235.1	inter_genus	Pontixanthobacter	Domibacillus	355	2712	397	3756	11.6265		43.6499	
GCA_012972675.1	GCA_001643235.1	inter_genus	Pontixanthobacter	Domibacillus	345	2592	393	3756	11.6257		43.5827	
GCA_008973485.1	GCA_043556415.1	inter_genus	Psychrobacillus	Microbacterium	409	3996	371	2715	11.6227		43.4982	
GCA_043556415.1	GCA_019334345.1	inter_genus	Microbacterium	Neohoeflea	350	2715	387	3629	11.6173	0.372583	42.8908	
GCA_008973485.1	GCA_015999335.1	inter_genus	Psychrobacillus	Tabrizicola	479	3996	506	4484	11.6156		43.4638	
GCA_030065535.1	GCA_001639725.1	inter_genus	Microbacterium	Marinomonas	366	2753	376	3637	11.6119		43.2987	
GCA_012932915.1	GCA_019334345.1	inter_genus	Antrihabitans	Neohoeflea	583	6310	571	3629	11.6108	0.405585	43.3905	
GCA_016481275.1	GCA_015999335.1	inter_genus	Antrihabitans	Tabrizicola	582	5994	634	4484	11.6053	0.372583	43.5610	
GCA_008297975.1	GCA_034424525.1	inter_genus	Antrihabitans	Sphingobium	609	5303	592	5046	11.6050	0.405585	43.5741	
GCA_013409785.1	GCA_001643235.1	inter_genus	Microbacterium	Domibacillus	410	3554	438	3756	11.6005		43.5866	
GCA_043556415.1	GCA_013328815.1	inter_genus	Microbacterium	Tabrizicola	382	2715	439	4364	11.5977	0.405585	42.8590	
GCA_000292245.2	GCA_015999335.1	inter_genus	Alkalihalobacillus	Tabrizicola	474	4124	524	4484	11.5939		43.7550	
GCA_008297975.1	GCA_006861775.1	inter_genus	Antrihabitans	Psychrobacillus	496	5303	585	4030	11.5826		43.6259	
GCA_043556415.1	GCA_001906925.1	inter_genus	Microbacterium	Domibacillus	339	2715	352	3253	11.5784		43.7634	
GCA_000292245.2	GCA_011008935.1	inter_genus	Alkalihalobacillus	Tabrizicola	443	4124	459	3669	11.5745		43.5897	
GCA_000966185.1	GCA_008704535.1	inter_genus	Domibacillus	Streptomyces	565	3737	626	6558	11.5687	0.405585	43.7903	
GCA_001643235.1	GCA_014651475.1	inter_genus	Domibacillus	Mesonia	413	3756	358	2913	11.5610		44.2339	
GCA_000009365.1	GCA_900100925.1	inter_genus	Alcanivorax	Actinopolyspora	381	2758	405	4041	11.5605		43.4487	
GCA_016481275.1	GCA_011008935.1	inter_genus	Antrihabitans	Tabrizicola	554	5994	563	3669	11.5596	0.405585	43.4856	
GCA_006861795.1	GCA_003597125.1	inter_genus	Psychrobacillus	Alcanivorax	479	4397	426	3435	11.5552		44.3538	
GCA_008973485.1	GCA_025960885.1	inter_genus	Psychrobacillus	Microbacterium	458	3996	416	3572	11.5486		43.5638	
GCA_008973485.1	GCA_011008935.1	inter_genus	Psychrobacillus	Tabrizicola	451	3996	434	3669	11.5460		43.6326	
GCA_000970675.1	GCA_014651475.1	inter_genus	Domibacillus	Mesonia	378	3439	355	2913	11.5397		44.2159	
GCA_008297975.1	GCA_001643235.1	inter_genus	Antrihabitans	Domibacillus	517	5303	528	3756	11.5355		44.2037	
GCA_000966185.1	GCA_041537905.1	inter_genus	Domibacillus	Ruegeria	495	3737	518	5052	11.5258		43.2553	
GCA_008297975.1	GCA_015999335.1	inter_genus	Antrihabitans	Tabrizicola	540	5303	588	4484	11.5255	0.405585	43.1280	
GCA_000292245.2	GCA_014651475.1	inter_genus	Alkalihalobacillus	Mesonia	435	4124	376	2913	11.5248		44.4604	
GCA_015999335.1	GCA_014212135.1	inter_genus	Tabrizicola	Cohnella	603	4484	608	6030	11.5180		43.7124	
GCA_900636385.1	GCA_014651475.1	inter_genus	Staphylococcus	Mesonia	306	2236	287	2913	11.5168		43.2128	
GCA_012932915.1	GCA_011008935.1	inter_genus	Antrihabitans	Tabrizicola	579	6310	570	3669	11.5142		43.3859	
GCA_013328815.1	GCA_001906925.1	inter_genus	Tabrizicola	Domibacillus	456	4364	420	3253	11.5006		43.6666	
GCA_028610675.1	GCA_013409785.1	inter_genus	Alkalihalobacillus	Microbacterium	471	4246	426	3554	11.5000		43.4208	
GCA_000292245.2	GCA_019334345.1	inter_genus	Alkalihalobacillus	Neohoeflea	439	4124	452	3629	11.4923	0.405585	43.3821	
GCA_008704535.1	GCA_034424525.1	inter_genus	Streptomyces	Sphingobium	698	6558	635	5046	11.4874	0.372583	43.4700	
GCA_020734105.1	GCA_014651475.1	inter_genus	Alkalihalobacillus	Mesonia	501	4783	383	2913	11.4865		44.1798	
GCA_030065535.1	GCA_009827395.1	inter_genus	Microbacterium	Pontixanthobacter	325	2753	313	2802	11.4851		43.5102	
GCA_020734105.1	GCA_013328815.1	inter_genus	Alkalihalobacillus	Tabrizicola	538	4783	512	4364	11.4792		43.6161	
GCA_008973485.1	GCA_014651475.1	inter_genus	Psychrobacillus	Mesonia	426	3996	367	2913	11.4778	0.353280	43.8834	
GCA_042654505.1	GCA_000966185.1	inter_genus	Epilithonimonas	Domibacillus	404	3479	424	3737	11.4745		44.2407	
GCA_043944905.1	GCA_019334345.1	inter_genus	Antrihabitans	Neohoeflea	561	6008	544	3629	11.4662		43.2390	
GCA_043944905.1	GCA_015999335.1	inter_genus	Antrihabitans	Tabrizicola	575	6008	628	4484	11.4659	0.353280	43.5535	
GCA_015999335.1	GCA_001906925.1	inter_genus	Tabrizicola	Domibacillus	473	4484	414	3253	11.4644		43.6533	
GCA_028610675.1	GCA_011008935.1	inter_genus	Alkalihalobacillus	Tabrizicola	446	4246	461	3669	11.4593		43.8044	
GCA_900636385.1	GCA_001639725.1	inter_genus	Staphylococcus	Marinomonas	327	2236	346	3637	11.4592	0.405585	43.6734	
GCA_030065535.1	GCA_003597125.1	inter_genus	Microbacterium	Alcanivorax	354	2753	355	3435	11.4577	0.405585	43.9978	
GCA_028610675.1	GCA_014651475.1	inter_genus	Alkalihalobacillus	Mesonia	438	4246	382	2913	11.4541	0.405585	43.9673	
GCA_014651475.1	GCA_001639725.1	inter_genus	Mesonia	Marinomonas	364	2913	386	3637	11.4504		43.4761	
GCA_006861775.1	GCA_009827395.1	inter_genus	Psychrobacillus	Pontixanthobacter	423	4030	359	2802	11.4461		43.6389	
GCA_006861795.1	GCA_009601165.1	inter_genus	Psychrobacillus	Alcanivorax	476	4397	416	3399	11.4418		44.4196	
GCA_025960885.1	GCA_030814065.1	inter_genus	Microbacterium	Mesobacillus	410	3572	435	3822	11.4282		43.5306	
GCA_028610675.1	GCA_003574395.1	inter_genus	Alkalihalobacillus	Tabrizicola	459	4246	436	3587	11.4260		43.5762	
GCA_028610675.1	GCA_009601165.1	inter_genus	Alkalihalobacillus	Alcanivorax	457	4246	416	3399	11.4192	0.405585	44.4134	
GCA_006861775.1	GCA_009828095.1	inter_genus	Psychrobacillus	Pontixanthobacter	424	4030	345	2712	11.4061		43.7397	
GCA_016481275.1	GCA_006861775.1	inter_genus	Antrihabitans	Psychrobacillus	541	5994	602	4030	11.4026	0.405585	43.9537	
GCA_000292245.2	GCA_013328815.1	inter_genus	Alkalihalobacillus	Tabrizicola	471	4124	496	4364	11.3926		43.6294	
GCA_000966185.1	GCA_034424525.1	inter_genus	Domibacillus	Sphingobium	495	3737	505	5046	11.3856	0.372583	43.6637	
GCA_009827455.1	GCA_000970675.1	inter_genus	Pontixanthobacter	Domibacillus	340	2704	359	3439	11.3788		43.8126	
GCA_043944905.1	GCA_014212135.1	inter_genus	Antrihabitans	Cohnella	651	6008	717	6030	11.3640		44.0589	
GCA_009827395.1	GCA_000970675.1	inter_genus	Pontixanthobacter	Domibacillus	342	2802	367	3439	11.3604		44.0346	
GCA_001643235.1	GCA_008704535.1	inter_genus	Domibacillus	Streptomyces	570	3756	600	6558	11.3438		44.1008	
GCA_008297975.1	GCA_003574395.1	inter_genus	Antrihabitans	Tabrizicola	516	5303	492	3587	11.3386	0.405585	43.2476	
GCA_028610675.1	GCA_043556415.1	inter_genus	Alkalihalobacillus	Microbacterium	409	4246	380	2715	11.3346		43.7656	
GCA_042650985.1	GCA_000966185.1	inter_genus	Epilithonimonas	Domibacillus	411	3675	429	3737	11.3330		44.2212	
GCA_008704535.1	GCA_019334345.1	inter_genus	Streptomyces	Neohoeflea	583	6558	569	3629	11.3085	0.339586	43.1878	
GCA_006861795.1	GCA_043556415.1	inter_genus	Psychrobacillus	Microbacterium	437	4397	367	2715	11.3048		43.5804	
GCA_016481275.1	GCA_034424525.1	inter_genus	Antrihabitans	Sphingobium	640	5994	608	5046	11.3043	0.353280	43.7376	
GCA_008297975.1	GCA_003254155.1	inter_genus	Antrihabitans	Psychrobacillus	469	5303	494	3219	11.3002		44.2473	
GCA_013409785.1	GCA_012972675.1	inter_genus	Microbacterium	Pontixanthobacter	367	3554	327	2592	11.2919		43.3958	
GCA_030065535.1	GCA_000756655.1	inter_genus	Microbacterium	Alcanivorax	340	2753	340	3273	11.2844		43.4505	
GCA_009827395.1	GCA_001643235.1	inter_genus	Pontixanthobacter	Domibacillus	354	2802	386	3756	11.2839		43.8491	
GCA_028610675.1	GCA_900100925.1	inter_genus	Alkalihalobacillus	Actinopolyspora	488	4246	447	4041	11.2827		43.4026	
GCA_013409785.1	GCA_001906925.1	inter_genus	Microbacterium	Domibacillus	383	3554	385	3253	11.2825		43.9640	
GCA_009827455.1	GCA_001643235.1	inter_genus	Pontixanthobacter	Domibacillus	345	2704	383	3756	11.2693		43.8261	
GCA_006861775.1	GCA_008704535.1	inter_genus	Psychrobacillus	Streptomyces	619	4030	574	6558	11.2675		43.9887	
GCA_008973485.1	GCA_000756655.1	inter_genus	Psychrobacillus	Alcanivorax	429	3996	390	3273	11.2670		44.1244	
GCA_009601165.1	GCA_014651475.1	inter_genus	Alcanivorax	Mesonia	352	3399	359	2913	11.2643		43.3554	
GCA_020734105.1	GCA_030065535.1	inter_genus	Alkalihalobacillus	Microbacterium	460	4783	388	2753	11.2527		43.7512	
GCA_012932915.1	GCA_015999335.1	inter_genus	Antrihabitans	Tabrizicola	584	6310	630	4484	11.2470		43.3863	
GCA_000756655.1	GCA_900100925.1	inter_genus	Alcanivorax	Actinopolyspora	411	3273	411	4041	11.2387		43.4701	
GCA_043944905.1	GCA_006861775.1	inter_genus	Antrihabitans	Psychrobacillus	537	6008	590	4030	11.2273		43.8943	
GCA_012932915.1	GCA_014212135.1	inter_genus	Antrihabitans	Cohnella	656	6310	729	6030	11.2237	0.405585	44.0276	
GCA_009827455.1	GCA_030814065.1	inter_genus	Pontixanthobacter	Mesobacillus	342	2704	390	3822	11.2167		43.8470	
GCA_020734105.1	GCA_041537905.1	inter_genus	Alkalihalobacillus	Ruegeria	587	4783	516	5052	11.2150		43.0649	
GCA_000970675.1	GCA_008704535.1	inter_genus	Domibacillus	Streptomyces	529	3439	592	6558	11.2134		43.7782	
GCA_028610675.1	GCA_013328815.1	inter_genus	Alkalihalobacillus	Tabrizicola	467	4246	498	4364	11.2079		43.8243	
GCA_000009365.1	GCA_020966775.1	inter_genus	Alcanivorax	Rhodopirellula	406	2758	436	4755	11.2072		44.4123	
GCA_013409785.1	GCA_009827395.1	inter_genus	Microbacterium	Pontixanthobacter	369	3554	343	2802	11.2020		43.4649	
GCA_008297975.1	GCA_042656585.1	inter_genus	Antrihabitans	Thalassorhabdus	490	5303	476	3324	11.1974		44.0869	
GCA_008973485.1	GCA_019334345.1	inter_genus	Psychrobacillus	Neohoeflea	429	3996	424	3629	11.1869	0.405585	43.3418	
GCA_013409785.1	GCA_000009365.1	inter_genus	Microbacterium	Alcanivorax	356	3554	350	2758	11.1850		43.4149	
GCA_003597125.1	GCA_014651475.1	inter_genus	Alcanivorax	Mesonia	364	3435	346	2913	11.1846	0.405585	43.3452	
GCA_003597125.1	GCA_900100925.1	inter_genus	Alcanivorax	Actinopolyspora	418	3435	418	4041	11.1825		43.3651	
GCA_016481275.1	GCA_003254155.1	inter_genus	Antrihabitans	Psychrobacillus	511	5994	519	3219	11.1799	0.405585	44.2004	
GCA_012932915.1	GCA_034424525.1	inter_genus	Antrihabitans	Sphingobium	650	6310	619	5046	11.1747	0.372583	43.7918	
GCA_008973485.1	GCA_013409785.1	inter_genus	Psychrobacillus	Microbacterium	432	3996	411	3554	11.1656		43.2223	
GCA_013409785.1	GCA_034424525.1	inter_genus	Microbacterium	Sphingobium	482	3554	478	5046	11.1628	0.353280	42.9379	
GCA_025960885.1	GCA_034424525.1	inter_genus	Microbacterium	Sphingobium	476	3572	486	5046	11.1627		43.1526	
GCA_009827455.1	GCA_014651475.1	inter_genus	Pontixanthobacter	Mesonia	310	2704	317	2913	11.1625		43.2133	
GCA_042650985.1	GCA_006861775.1	inter_genus	Epilithonimonas	Psychrobacillus	384	3675	476	4030	11.1616		44.0442	
GCA_016481275.1	GCA_014212135.1	inter_genus	Antrihabitans	Cohnella	632	5994	710	6030	11.1610	0.372583	43.8631	
GCA_043944905.1	GCA_011008935.1	inter_genus	Antrihabitans	Tabrizicola	538	6008	542	3669	11.1605		43.5251	
GCA_900100925.1	GCA_041537905.1	inter_genus	Actinopolyspora	Ruegeria	476	4041	538	5052	11.1514		42.8750	
GCA_042650985.1	GCA_001643235.1	inter_genus	Epilithonimonas	Domibacillus	399	3675	429	3756	11.1425		43.9912	
GCA_000970675.1	GCA_041537905.1	inter_genus	Domibacillus	Ruegeria	447	3439	499	5052	11.1412		43.2578	
GCA_025960885.1	GCA_001639725.1	inter_genus	Microbacterium	Marinomonas	404	3572	398	3637	11.1250		43.5549	
GCA_042654505.1	GCA_003254155.1	inter_genus	Epilithonimonas	Psychrobacillus	354	3479	391	3219	11.1227		44.2897	
GCA_008973485.1	GCA_013328815.1	inter_genus	Psychrobacillus	Tabrizicola	449	3996	480	4364	11.1124		43.4794	
GCA_008973485.1	GCA_900100925.1	inter_genus	Psychrobacillus	Actinopolyspora	468	3996	425	4041	11.1111		43.8093	
GCA_009827395.1	GCA_030814065.1	inter_genus	Pontixanthobacter	Mesobacillus	352	2802	384	3822	11.1111		43.5948	
GCA_030814065.1	GCA_041537905.1	inter_genus	Mesobacillus	Ruegeria	481	3822	505	5052	11.1111		43.4321	
GCA_016481275.1	GCA_000966185.1	inter_genus	Antrihabitans	Domibacillus	534	5994	547	3737	11.1088	0.372583	44.0861	
GCA_009828095.1	GCA_900100925.1	inter_genus	Pontixanthobacter	Actinopolyspora	359	2712	391	4041	11.1062		43.0173	
GCA_030065535.1	GCA_034424525.1	inter_genus	Microbacterium	Sphingobium	414	2753	452	5046	11.1040		43.4718	
GCA_030065535.1	GCA_009601165.1	inter_genus	Microbacterium	Alcanivorax	347	2753	336	3399	11.1021		43.8548	
GCA_006861795.1	GCA_041537905.1	inter_genus	Psychrobacillus	Ruegeria	532	4397	517	5052	11.1017		43.4551	
GCA_008297975.1	GCA_000970675.1	inter_genus	Antrihabitans	Domibacillus	494	5303	476	3439	11.0959		43.7932	
GCA_008973485.1	GCA_003597125.1	inter_genus	Psychrobacillus	Alcanivorax	429	3996	395	3435	11.0887		44.4308	
GCA_042654505.1	GCA_001643235.1	inter_genus	Epilithonimonas	Domibacillus	386	3479	416	3756	11.0850		44.0513	
GCA_042650985.1	GCA_003254155.1	inter_genus	Epilithonimonas	Psychrobacillus	357	3675	407	3219	11.0821		44.2269	
GCA_041537905.1	GCA_014212135.1	inter_genus	Ruegeria	Cohnella	599	5052	628	6030	11.0720		43.2961	
GCA_043944905.1	GCA_034424525.1	inter_genus	Antrihabitans	Sphingobium	620	6008	603	5046	11.0639	0.405585	43.4858	
GCA_008297975.1	GCA_000966185.1	inter_genus	Antrihabitans	Domibacillus	496	5303	504	3737	11.0619		43.8815	
GCA_008297975.1	GCA_006861795.1	inter_genus	Antrihabitans	Psychrobacillus	502	5303	569	4397	11.0412		43.7672	
GCA_042654505.1	GCA_006861775.1	inter_genus	Epilithonimonas	Psychrobacillus	366	3479	463	4030	11.0401	0.372583	44.1542	
GCA_900142325.1	GCA_000966185.1	inter_genus	Epilithonimonas	Domibacillus	379	3312	399	3737	11.0370		44.2408	
GCA_043944905.1	GCA_042656585.1	inter_genus	Antrihabitans	Thalassorhabdus	522	6008	507	3324	11.0266		44.4353	
GCA_043944905.1	GCA_000966185.1	inter_genus	Antrihabitans	Domibacillus	530	6008	544	3737	11.0210		44.0000	
GCA_009601165.1	GCA_900100925.1	inter_genus	Alcanivorax	Actinopolyspora	407	3399	412	4041	11.0081		43.5186	
GCA_008973485.1	GCA_009601165.1	inter_genus	Psychrobacillus	Alcanivorax	429	3996	385	3399	11.0074		44.4148	
GCA_014212135.1	GCA_019334345.1	inter_genus	Cohnella	Neohoeflea	560	6030	502	3629	10.9949		43.3274	
GCA_020734105.1	GCA_009828095.1	inter_genus	Alkalihalobacillus	Pontixanthobacter	459	4783	365	2712	10.9940		43.6888	
GCA_013409785.1	GCA_009601165.1	inter_genus	Microbacterium	Alcanivorax	394	3554	370	3399	10.9881		43.5916	
GCA_047302405.1	GCA_012972675.1	inter_genus	Alkalihalobacillus	Pontixanthobacter	402	4348	360	2592	10.9798		43.6401	
GCA_009601165.1	GCA_020966775.1	inter_genus	Alcanivorax	Rhodopirellula	438	3399	457	4755	10.9762	0.405585	44.4800	
GCA_008297975.1	GCA_030814065.1	inter_genus	Antrihabitans	Mesobacillus	501	5303	500	3822	10.9699		43.7000	
GCA_013409785.1	GCA_009828095.1	inter_genus	Microbacterium	Pontixanthobacter	356	3554	331	2712	10.9639		43.2692	
GCA_004365655.1	GCA_000966185.1	inter_genus	Epilithonimonas	Domibacillus	374	3195	386	3737	10.9636		44.1810	
GCA_008704535.1	GCA_030814065.1	inter_genus	Streptomyces	Mesobacillus	597	6558	541	3822	10.9634		43.7612	
GCA_008704535.1	GCA_042656585.1	inter_genus	Streptomyces	Thalassorhabdus	570	6558	513	3324	10.9593		44.3191	
GCA_016481275.1	GCA_003574395.1	inter_genus	Antrihabitans	Tabrizicola	537	5994	513	3587	10.9592	0.372583	43.6417	
GCA_000292245.2	GCA_012972675.1	inter_genus	Alkalihalobacillus	Pontixanthobacter	386	4124	350	2592	10.9589		43.8486	
GCA_047302405.1	GCA_008704535.1	inter_genus	Alkalihalobacillus	Streptomyces	582	4348	612	6558	10.9481		43.6327	
GCA_012972675.1	GCA_014651475.1	inter_genus	Pontixanthobacter	Mesonia	298	2592	304	2913	10.9355		43.1666	
GCA_000009365.1	GCA_014212135.1	inter_genus	Alcanivorax	Cohnella	441	2758	520	6030	10.9354	0.405585	44.7832	
GCA_047302405.1	GCA_009828095.1	inter_genus	Alkalihalobacillus	Pontixanthobacter	408	4348	364	2712	10.9348		43.7545	
GCA_003254155.1	GCA_008704535.1	inter_genus	Psychrobacillus	Streptomyces	521	3219	548	6558	10.9338		43.9641	
GCA_003254155.1	GCA_041537905.1	inter_genus	Psychrobacillus	Ruegeria	439	3219	465	5052	10.9298		43.7971	
GCA_020734105.1	GCA_012972675.1	inter_genus	Alkalihalobacillus	Pontixanthobacter	455	4783	351	2592	10.9288		43.7761	
GCA_000292245.2	GCA_009828095.1	inter_genus	Alkalihalobacillus	Pontixanthobacter	391	4124	356	2712	10.9274		44.0077	
GCA_006861795.1	GCA_008704535.1	inter_genus	Psychrobacillus	Streptomyces	612	4397	585	6558	10.9265		44.1787	
GCA_000756655.1	GCA_014212135.1	inter_genus	Alcanivorax	Cohnella	474	3273	542	6030	10.9212	0.405585	44.7936	
GCA_020734105.1	GCA_009827395.1	inter_genus	Alkalihalobacillus	Pontixanthobacter	460	4783	367	2802	10.9031		44.0399	
GCA_012932915.1	GCA_006861775.1	inter_genus	Antrihabitans	Psychrobacillus	530	6310	596	4030	10.8897		43.9396	
GCA_900142325.1	GCA_006861775.1	inter_genus	Epilithonimonas	Psychrobacillus	353	3312	446	4030	10.8826		43.9830	
GCA_043944905.1	GCA_003254155.1	inter_genus	Antrihabitans	Psychrobacillus	499	6008	505	3219	10.8811		44.1007	
GCA_042650985.1	GCA_000970675.1	inter_genus	Epilithonimonas	Domibacillus	373	3675	401	3439	10.8800	0.405585	43.9382	
GCA_000756655.1	GCA_020966775.1	inter_genus	Alcanivorax	Rhodopirellula	428	3273	445	4755	10.8744		44.1533	
GCA_028610675.1	GCA_019334345.1	inter_genus	Alkalihalobacillus	Neohoeflea	435	4246	421	3629	10.8698	0.405585	43.2640	
GCA_013409785.1	GCA_000756655.1	inter_genus	Microbacterium	Alcanivorax	384	3554	358	3273	10.8686	0.405585	43.2958	
GCA_020734105.1	GCA_025960885.1	inter_genus	Alkalihalobacillus	Microbacterium	491	4783	417	3572	10.8677		43.2897	
GCA_000292245.2	GCA_009827395.1	inter_genus	Alkalihalobacillus	Pontixanthobacter	390	4124	362	2802	10.8576		43.9559	
GCA_047302405.1	GCA_009827455.1	inter_genus	Alkalihalobacillus	Pontixanthobacter	400	4348	365	2704	10.8480		43.7725	
GCA_009828095.1	GCA_014651475.1	inter_genus	Pontixanthobacter	Mesonia	309	2712	301	2913	10.8444		43.2090	
GCA_009827395.1	GCA_900100925.1	inter_genus	Pontixanthobacter	Actinopolyspora	362	2802	380	4041	10.8432	0.405585	43.1864	
GCA_013409785.1	GCA_041537905.1	inter_genus	Microbacterium	Ruegeria	447	3554	486	5052	10.8413		42.6196	
GCA_003597125.1	GCA_900636385.1	inter_genus	Alcanivorax	Staphylococcus	310	3435	304	2236	10.8270	0.405585	43.9376	
GCA_000970675.1	GCA_034424525.1	inter_genus	Domibacillus	Sphingobium	448	3439	470	5046	10.8191		43.7851	
GCA_020734105.1	GCA_009827455.1	inter_genus	Alkalihalobacillus	Pontixanthobacter	453	4783	357	2704	10.8188		43.8826	
GCA_043556415.1	GCA_000009365.1	inter_genus	Microbacterium	Alcanivorax	302	2715	290	2758	10.8167		43.0924	
GCA_004365655.1	GCA_006861775.1	inter_genus	Epilithonimonas	Psychrobacillus	344	3195	437	4030	10.8097		43.8276	
GCA_016481275.1	GCA_042656585.1	inter_genus	Antrihabitans	Thalassorhabdus	514	5994	493	3324	10.8070	0.405585	44.4073	
GCA_028610675.1	GCA_015999335.1	inter_genus	Alkalihalobacillus	Tabrizicola	456	4246	487	4484	10.8018		43.6562	
GCA_012932915.1	GCA_003574395.1	inter_genus	Antrihabitans	Tabrizicola	549	6310	520	3587	10.8013		43.3844	
GCA_042654505.1	GCA_001906925.1	inter_genus	Epilithonimonas	Domibacillus	357	3479	370	3253	10.7992	0.405585	44.0124	
GCA_012932915.1	GCA_003254155.1	inter_genus	Antrihabitans	Psychrobacillus	508	6310	521	3219	10.7986		44.2459	
GCA_000756655.1	GCA_900636385.1	inter_genus	Alcanivorax	Staphylococcus	296	3273	298	2236	10.7824	0.405585	43.7553	
GCA_016481275.1	GCA_000970675.1	inter_genus	Antrihabitans	Domibacillus	520	5994	497	3439	10.7813	0.372583	43.9302	
GCA_047302405.1	GCA_009827395.1	inter_genus	Alkalihalobacillus	Pontixanthobacter	405	4348	365	2802	10.7692		43.6424	
GCA_003597125.1	GCA_014212135.1	inter_genus	Alcanivorax	Cohnella	473	3435	546	6030	10.7660	0.405585	44.8680	
GCA_013409785.1	GCA_009827455.1	inter_genus	Microbacterium	Pontixanthobacter	353	3554	320	2704	10.7542	0.372583	43.5955	
GCA_004365655.1	GCA_003254155.1	inter_genus	Epilithonimonas	Psychrobacillus	321	3195	368	3219	10.7421	0.372583	43.9740	
GCA_043556415.1	GCA_012972675.1	inter_genus	Microbacterium	Pontixanthobacter	288	2715	282	2592	10.7405		42.9987	
GCA_043944905.1	GCA_003574395.1	inter_genus	Antrihabitans	Tabrizicola	525	6008	505	3587	10.7348		43.5215	
GCA_016481275.1	GCA_001643235.1	inter_genus	Antrihabitans	Domibacillus	511	5994	535	3756	10.7282	0.372583	43.9594	
GCA_025960885.1	GCA_009828095.1	inter_genus	Microbacterium	Pontixanthobacter	354	3572	320	2712	10.7257		43.1658	
GCA_030065535.1	GCA_041537905.1	inter_genus	Microbacterium	Ruegeria	390	2753	447	5052	10.7239		42.6785	
GCA_043944905.1	GCA_000970675.1	inter_genus	Antrihabitans	Domibacillus	515	6008	498	3439	10.7230		44.0470	
GCA_016481275.1	GCA_041537905.1	inter_genus	Antrihabitans	Ruegeria	586	5994	598	5052	10.7188		42.9798	
GCA_042654505.1	GCA_000970675.1	inter_genus	Epilithonimonas	Domibacillus	363	3479	378	3439	10.7112		44.1704	
GCA_042654505.1	GCA_030814065.1	inter_genus	Epilithonimonas	Mesobacillus	378	3479	404	3822	10.7109		43.7939	
GCA_042654505.1	GCA_047302405.1	inter_genus	Epilithonimonas	Alkalihalobacillus	394	3479	444	4348	10.7065		44.1306	
GCA_042654505.1	GCA_000292245.2	inter_genus	Epilithonimonas	Alkalihalobacillus	388	3479	426	4124	10.7063		44.5570	
GCA_000292245.2	GCA_009827455.1	inter_genus	Alkalihalobacillus	Pontixanthobacter	379	4124	352	2704	10.7059		44.0637	
GCA_006861795.1	GCA_012972675.1	inter_genus	Psychrobacillus	Pontixanthobacter	405	4397	343	2592	10.7025		43.5358	
GCA_025960885.1	GCA_009827455.1	inter_genus	Microbacterium	Pontixanthobacter	354	3572	317	2704	10.6915		43.3800	
GCA_009827455.1	GCA_900100925.1	inter_genus	Pontixanthobacter	Actinopolyspora	345	2704	376	4041	10.6894	0.405585	42.9290	
GCA_900142325.1	GCA_003254155.1	inter_genus	Epilithonimonas	Psychrobacillus	332	3312	366	3219	10.6875		44.0642	
GCA_900142325.1	GCA_001643235.1	inter_genus	Epilithonimonas	Domibacillus	355	3312	400	3756	10.6819		43.8949	
GCA_042650985.1	GCA_001906925.1	inter_genus	Epilithonimonas	Domibacillus	365	3675	375	3253	10.6813		44.0608	
GCA_008297975.1	GCA_041537905.1	inter_genus	Antrihabitans	Ruegeria	541	5303	565	5052	10.6808		42.9469	
GCA_012932915.1	GCA_041537905.1	inter_genus	Antrihabitans	Ruegeria	611	6310	602	5052	10.6759		43.1303	
GCA_025960885.1	GCA_012972675.1	inter_genus	Microbacterium	Pontixanthobacter	344	3572	314	2592	10.6749		43.0929	
GCA_042650985.1	GCA_030814065.1	inter_genus	Epilithonimonas	Mesobacillus	387	3675	413	3822	10.6709		43.7919	
GCA_003597125.1	GCA_020966775.1	inter_genus	Alcanivorax	Rhodopirellula	425	3435	448	4755	10.6593	0.405585	44.2581	
GCA_006861775.1	GCA_003054265.1	inter_genus	Psychrobacillus	Kordia	481	4030	375	4003	10.6560		44.0555	
GCA_008297975.1	GCA_012972675.1	inter_genus	Antrihabitans	Pontixanthobacter	451	5303	390	2592	10.6523		43.3300	
GCA_001906925.1	GCA_034424525.1	inter_genus	Domibacillus	Sphingobium	428	3253	456	5046	10.6519		43.5331	
GCA_012932915.1	GCA_000966185.1	inter_genus	Antrihabitans	Domibacillus	533	6310	537	3737	10.6499		44.1135	
GCA_008704535.1	GCA_041537905.1	inter_genus	Streptomyces	Ruegeria	617	6558	619	5052	10.6460	0.405585	42.7904	
GCA_001643235.1	GCA_034424525.1	inter_genus	Domibacillus	Sphingobium	467	3756	470	5046	10.6453		43.5076	
GCA_042650985.1	GCA_006861795.1	inter_genus	Epilithonimonas	Psychrobacillus	393	3675	466	4397	10.6417		43.7175	
GCA_001643235.1	GCA_041537905.1	inter_genus	Domibacillus	Ruegeria	464	3756	473	5052	10.6381		43.1593	
GCA_001906925.1	GCA_008704535.1	inter_genus	Domibacillus	Streptomyces	496	3253	547	6558	10.6309		44.2358	
GCA_020734105.1	GCA_043556415.1	inter_genus	Alkalihalobacillus	Microbacterium	431	4783	366	2715	10.6295		43.3407	
GCA_020734105.1	GCA_008704535.1	inter_genus	Alkalihalobacillus	Streptomyces	622	4783	583	6558	10.6252		43.8850	
GCA_043944905.1	GCA_001643235.1	inter_genus	Antrihabitans	Domibacillus	511	6008	526	3756	10.6206		44.3639	
GCA_004365655.1	GCA_030814065.1	inter_genus	Epilithonimonas	Mesobacillus	353	3195	392	3822	10.6171		43.8086	
GCA_009828095.1	GCA_900636385.1	inter_genus	Pontixanthobacter	Staphylococcus	256	2712	269	2236	10.6103		43.4361	
GCA_043944905.1	GCA_006861795.1	inter_genus	Antrihabitans	Psychrobacillus	528	6008	576	4397	10.6103		43.8400	
GCA_014212135.1	GCA_034424525.1	inter_genus	Cohnella	Sphingobium	605	6030	570	5046	10.6085	0.405585	43.5272	
GCA_047302405.1	GCA_041537905.1	inter_genus	Alkalihalobacillus	Ruegeria	501	4348	496	5052	10.6064		42.7480	
GCA_006861795.1	GCA_009828095.1	inter_genus	Psychrobacillus	Pontixanthobacter	415	4397	339	2712	10.6063		43.7244	
GCA_028610675.1	GCA_012972675.1	inter_genus	Alkalihalobacillus	Pontixanthobacter	385	4246	340	2592	10.6025		43.7752	
GCA_900142325.1	GCA_030814065.1	inter_genus	Epilithonimonas	Mesobacillus	363	3312	393	3822	10.5971		43.8476	
GCA_007754425.1	GCA_009601165.1	inter_genus	Gimesia	Alcanivorax	512	5793	462	3399	10.5962		44.2002	
GCA_006861795.1	GCA_009827455.1	inter_genus	Psychrobacillus	Pontixanthobacter	406	4397	346	2704	10.5901		43.8571	
GCA_003597125.1	GCA_008704535.1	inter_genus	Alcanivorax	Streptomyces	487	3435	571	6558	10.5874		43.8557	
GCA_030065535.1	GCA_001437435.1	inter_genus	Microbacterium	Furfurilactobacillus	254	2753	248	1991	10.5818		43.6716	
GCA_042650985.1	GCA_000292245.2	inter_genus	Epilithonimonas	Alkalihalobacillus	397	3675	428	4124	10.5783		44.2111	
GCA_008297975.1	GCA_009827455.1	inter_genus	Antrihabitans	Pontixanthobacter	455	5303	392	2704	10.5782	0.405585	43.2078	
GCA_028610675.1	GCA_009828095.1	inter_genus	Alkalihalobacillus	Pontixanthobacter	390	4246	346	2712	10.5778		44.0486	
GCA_008297975.1	GCA_001906925.1	inter_genus	Antrihabitans	Domibacillus	456	5303	449	3253	10.5774		44.3272	
GCA_016481275.1	GCA_006861795.1	inter_genus	Antrihabitans	Psychrobacillus	527	5994	572	4397	10.5765	0.405585	43.8418	
GCA_042650985.1	GCA_047302405.1	inter_genus	Epilithonimonas	Alkalihalobacillus	400	3675	448	4348	10.5696		44.1753	
GCA_008297975.1	GCA_047302405.1	inter_genus	Antrihabitans	Alkalihalobacillus	503	5303	517	4348	10.5689		43.8629	
GCA_025960885.1	GCA_000009365.1	inter_genus	Microbacterium	Alcanivorax	341	3572	328	2758	10.5687		43.4937	
GCA_000009365.1	GCA_000196115.1	inter_genus	Alcanivorax	Rhodopirellula	394	2758	438	5115	10.5678		44.2115	
GCA_001906925.1	GCA_041537905.1	inter_genus	Domibacillus	Ruegeria	418	3253	459	5052	10.5599		43.5716	
GCA_009601165.1	GCA_900636385.1	inter_genus	Alcanivorax	Staphylococcus	296	3399	299	2236	10.5590	0.405585	43.5128	
GCA_008973485.1	GCA_008704535.1	inter_genus	Psychrobacillus	Streptomyces	540	3996	574	6558	10.5552		44.0581	
GCA_043556415.1	GCA_001639725.1	inter_genus	Microbacterium	Marinomonas	331	2715	338	3637	10.5321		43.2185	
GCA_004365655.1	GCA_001906925.1	inter_genus	Epilithonimonas	Domibacillus	325	3195	354	3253	10.5304		44.1964	
GCA_008297975.1	GCA_009827395.1	inter_genus	Antrihabitans	Pontixanthobacter	449	5303	404	2802	10.5244		43.2177	
GCA_043556415.1	GCA_900636385.1	inter_genus	Microbacterium	Staphylococcus	259	2715	262	2236	10.5231		43.3639	
GCA_008973485.1	GCA_041537905.1	inter_genus	Psychrobacillus	Ruegeria	475	3996	476	5052	10.5106		43.3810	
GCA_012972675.1	GCA_900100925.1	inter_genus	Pontixanthobacter	Actinopolyspora	332	2592	365	4041	10.5081		42.9464	
GCA_004365655.1	GCA_000970675.1	inter_genus	Epilithonimonas	Domibacillus	335	3195	362	3439	10.5065	0.405585	44.1582	
GCA_016481275.1	GCA_009827395.1	inter_genus	Antrihabitans	Pontixanthobacter	495	5994	429	2802	10.5048		43.5271	
GCA_012972675.1	GCA_900636385.1	inter_genus	Pontixanthobacter	Staphylococcus	240	2592	267	2236	10.5012		43.2628	
GCA_900142325.1	GCA_001906925.1	inter_genus	Epilithonimonas	Domibacillus	335	3312	354	3253	10.4950		43.9106	
GCA_009601165.1	GCA_014212135.1	inter_genus	Alcanivorax	Cohnella	459	3399	530	6030	10.4889	0.405585	45.0137	
GCA_900100925.1	GCA_001639725.1	inter_genus	Actinopolyspora	Marinomonas	399	4041	406	3637	10.4845		42.9893	
GCA_020734105.1	GCA_013409785.1	inter_genus	Alkalihalobacillus	Microbacterium	467	4783	407	3554	10.4834		43.4175	
GCA_025960885.1	GCA_009827395.1	inter_genus	Microbacterium	Pontixanthobacter	344	3572	324	2802	10.4801		43.4642	
GCA_042654505.1	GCA_042656585.1	inter_genus	Epilithonimonas	Thalassorhabdus	337	3479	375	3324	10.4660		44.1469	
GCA_043556415.1	GCA_009827455.1	inter_genus	Microbacterium	Pontixanthobacter	289	2715	278	2704	10.4632		43.0992	
GCA_006861795.1	GCA_009827395.1	inter_genus	Psychrobacillus	Pontixanthobacter	404	4397	349	2802	10.4598		43.7771	
GCA_013409785.1	GCA_003597125.1	inter_genus	Microbacterium	Alcanivorax	370	3554	361	3435	10.4593	0.405585	43.4705	
GCA_008297975.1	GCA_008973485.1	inter_genus	Antrihabitans	Psychrobacillus	485	5303	487	3996	10.4527		44.1015	
GCA_043944905.1	GCA_041537905.1	inter_genus	Antrihabitans	Ruegeria	572	6008	584	5052	10.4521		43.0656	
GCA_020966775.1	GCA_001639725.1	inter_genus	Rhodopirellula	Marinomonas	440	4755	437	3637	10.4504		43.7306	
GCA_004365655.1	GCA_001643235.1	inter_genus	Epilithonimonas	Domibacillus	344	3195	382	3756	10.4445		44.0627	
GCA_008297975.1	GCA_009828095.1	inter_genus	Antrihabitans	Pontixanthobacter	454	5303	383	2712	10.4429		43.2809	
GCA_009827395.1	GCA_900636385.1	inter_genus	Pontixanthobacter	Staphylococcus	258	2802	268	2236	10.4407	0.405585	43.4009	
GCA_042654505.1	GCA_028610675.1	inter_genus	Epilithonimonas	Alkalihalobacillus	387	3479	419	4246	10.4337		44.1199	
GCA_028610675.1	GCA_009827455.1	inter_genus	Alkalihalobacillus	Pontixanthobacter	378	4246	347	2704	10.4317		43.9839	
GCA_012932915.1	GCA_001643235.1	inter_genus	Antrihabitans	Domibacillus	521	6310	529	3756	10.4312		44.1941	
GCA_028610675.1	GCA_009827395.1	inter_genus	Alkalihalobacillus	Pontixanthobacter	384	4246	351	2802	10.4285		44.0470	
GCA_008297975.1	GCA_028610675.1	inter_genus	Antrihabitans	Alkalihalobacillus	492	5303	503	4246	10.4199		43.9545	
GCA_030814065.1	GCA_034424525.1	inter_genus	Mesobacillus	Sphingobium	452	3822	472	5046	10.4195		43.6349	
GCA_011008935.1	GCA_900636385.1	inter_genus	Tabrizicola	Staphylococcus	328	3669	287	2236	10.4149		42.7662	
GCA_000009365.1	GCA_000338295.1	inter_genus	Alcanivorax	Rhodopirellula	402	2758	436	5290	10.4125		44.3202	
GCA_000181475.1	GCA_009601165.1	inter_genus	Gimesia	Alcanivorax	505	5814	454	3399	10.4092	0.372583	44.1974	
GCA_009720525.1	GCA_000756655.1	inter_genus	Gimesia	Alcanivorax	522	6104	454	3273	10.4084		44.3250	
GCA_042656585.1	GCA_034424525.1	inter_genus	Thalassorhabdus	Sphingobium	427	3324	444	5046	10.4062		43.7214	
GCA_043556415.1	GCA_000756655.1	inter_genus	Microbacterium	Alcanivorax	311	2715	312	3273	10.4041		42.8468	
GCA_000181475.1	GCA_000756655.1	inter_genus	Gimesia	Alcanivorax	499	5814	446	3273	10.3995		43.8188	
GCA_900142325.1	GCA_000970675.1	inter_genus	Epilithonimonas	Domibacillus	341	3312	361	3439	10.3985		44.1491	
GCA_000756655.1	GCA_008704535.1	inter_genus	Alcanivorax	Streptomyces	478	3273	544	6558	10.3957		43.4503	
GCA_000181475.1	GCA_000009365.1	inter_genus	Gimesia	Alcanivorax	470	5814	421	2758	10.3943		43.9955	
GCA_012932915.1	GCA_009827395.1	inter_genus	Antrihabitans	Pontixanthobacter	518	6310	429	2802	10.3929		43.6207	
GCA_009827455.1	GCA_900636385.1	inter_genus	Pontixanthobacter	Staphylococcus	249	2704	264	2236	10.3846		43.4527	
GCA_016481275.1	GCA_012972675.1	inter_genus	Antrihabitans	Pontixanthobacter	486	5994	405	2592	10.3774		43.5013	
GCA_009827395.1	GCA_014651475.1	inter_genus	Pontixanthobacter	Mesonia	299	2802	294	2913	10.3762		43.2780	
GCA_009828095.1	GCA_014212135.1	inter_genus	Pontixanthobacter	Cohnella	421	2712	486	6030	10.3752		43.9857	
GCA_007754425.1	GCA_000009365.1	inter_genus	Gimesia	Alcanivorax	469	5793	418	2758	10.3731		43.8559	
GCA_009720525.1	GCA_000009365.1	inter_genus	Gimesia	Alcanivorax	490	6104	429	2758	10.3701		44.2174	
GCA_012932915.1	GCA_042656585.1	inter_genus	Antrihabitans	Thalassorhabdus	511	6310	488	3324	10.3695		44.3859	
GCA_900142325.1	GCA_000292245.2	inter_genus	Epilithonimonas	Alkalihalobacillus	370	3312	401	4124	10.3685		44.1790	
GCA_043944905.1	GCA_030814065.1	inter_genus	Antrihabitans	Mesobacillus	514	6008	505	3822	10.3662		44.2264	
GCA_042650985.1	GCA_028610675.1	inter_genus	Epilithonimonas	Alkalihalobacillus	392	3675	429	4246	10.3649	0.405585	43.9974	
GCA_013409785.1	GCA_001639725.1	inter_genus	Microbacterium	Marinomonas	371	3554	374	3637	10.3602		43.0247	
GCA_042650985.1	GCA_042656585.1	inter_genus	Epilithonimonas	Thalassorhabdus	341	3675	384	3324	10.3586		43.8500	
GCA_008973485.1	GCA_009827455.1	inter_genus	Psychrobacillus	Pontixanthobacter	364	3996	330	2704	10.3582		43.8284	
GCA_043556415.1	GCA_009828095.1	inter_genus	Microbacterium	Pontixanthobacter	294	2715	268	2712	10.3556		42.8275	
GCA_012972675.1	GCA_014212135.1	inter_genus	Pontixanthobacter	Cohnella	411	2592	481	6030	10.3456		44.1455	
GCA_008297975.1	GCA_000292245.2	inter_genus	Antrihabitans	Alkalihalobacillus	487	5303	488	4124	10.3426		44.2135	
GCA_009601165.1	GCA_000196115.1	inter_genus	Alcanivorax	Rhodopirellula	425	3399	454	5115	10.3242		44.1887	
GCA_012932915.1	GCA_012972675.1	inter_genus	Antrihabitans	Pontixanthobacter	503	6310	416	2592	10.3235		43.7313	
GCA_008297975.1	GCA_020734105.1	inter_genus	Antrihabitans	Alkalihalobacillus	481	5303	560	4783	10.3212		43.4722	
GCA_012932915.1	GCA_009828095.1	inter_genus	Antrihabitans	Pontixanthobacter	508	6310	423	2712	10.3192		43.5140	
GCA_025960885.1	GCA_000756655.1	inter_genus	Microbacterium	Alcanivorax	360	3572	346	3273	10.3141	0.405585	43.6276	
GCA_025960885.1	GCA_900636385.1	inter_genus	Microbacterium	Staphylococcus	301	3572	298	2236	10.3134		43.3040	
GCA_000756655.1	GCA_000196115.1	inter_genus	Alcanivorax	Rhodopirellula	418	3273	447	5115	10.3124		44.1717	
GCA_000292245.2	GCA_008704535.1	inter_genus	Alkalihalobacillus	Streptomyces	528	4124	573	6558	10.3071		43.9537	
GCA_004365655.1	GCA_042656585.1	inter_genus	Epilithonimonas	Thalassorhabdus	309	3195	362	3324	10.2930		43.7442	
GCA_900636385.1	GCA_900100925.1	inter_genus	Staphylococcus	Actinopolyspora	320	2236	326	4041	10.2915		43.3489	
GCA_000756655.1	GCA_000338295.1	inter_genus	Alcanivorax	Rhodopirellula	421	3273	460	5290	10.2885		44.3494	
GCA_016481275.1	GCA_047302405.1	inter_genus	Antrihabitans	Alkalihalobacillus	524	5994	540	4348	10.2881	0.372583	43.7968	
GCA_006861775.1	GCA_000154725.1	inter_genus	Psychrobacillus	Kordia	480	4030	376	4294	10.2835		43.8267	
GCA_028610675.1	GCA_008704535.1	inter_genus	Alkalihalobacillus	Streptomyces	540	4246	571	6558	10.2832		43.7381	
GCA_012932915.1	GCA_006861795.1	inter_genus	Antrihabitans	Psychrobacillus	527	6310	574	4397	10.2830		43.9907	
GCA_025960885.1	GCA_041537905.1	inter_genus	Microbacterium	Ruegeria	422	3572	464	5052	10.2737		42.4828	
GCA_008973485.1	GCA_009828095.1	inter_genus	Psychrobacillus	Pontixanthobacter	361	3996	328	2712	10.2713		43.7501	
GCA_009720525.1	GCA_009601165.1	inter_genus	Gimesia	Alcanivorax	515	6104	461	3399	10.2704	0.405585	44.5769	
GCA_043944905.1	GCA_001906925.1	inter_genus	Antrihabitans	Domibacillus	481	6008	469	3253	10.2581		44.6134	
GCA_006861775.1	GCA_034424525.1	inter_genus	Psychrobacillus	Sphingobium	494	4030	437	5046	10.2578		43.9196	
GCA_016481275.1	GCA_009827455.1	inter_genus	Antrihabitans	Pontixanthobacter	481	5994	411	2704	10.2552		43.5310	
GCA_000009365.1	GCA_002727185.1	inter_genus	Alcanivorax	Rhodopirellula	408	2758	462	5729	10.2510		44.1739	
GCA_900142325.1	GCA_047302405.1	inter_genus	Epilithonimonas	Alkalihalobacillus	366	3312	419	4348	10.2480		44.0870	
GCA_003254155.1	GCA_034424525.1	inter_genus	Psychrobacillus	Sphingobium	430	3219	417	5046	10.2480		43.9042	
GCA_900142325.1	GCA_042656585.1	inter_genus	Epilithonimonas	Thalassorhabdus	323	3312	357	3324	10.2471		44.1432	
GCA_007754425.1	GCA_000756655.1	inter_genus	Gimesia	Alcanivorax	489	5793	440	3273	10.2471	0.405585	43.8995	
GCA_008973485.1	GCA_012972675.1	inter_genus	Psychrobacillus	Pontixanthobacter	351	3996	324	2592	10.2459		43.4182	
GCA_042650985.1	GCA_020734105.1	inter_genus	Epilithonimonas	Alkalihalobacillus	385	3675	481	4783	10.2388		43.7095	
GCA_008973485.1	GCA_009827395.1	inter_genus	Psychrobacillus	Pontixanthobacter	363	3996	333	2802	10.2383		43.9081	
GCA_004365655.1	GCA_006861795.1	inter_genus	Epilithonimonas	Psychrobacillus	348	3195	429	4397	10.2345		43.7495	
GCA_016481275.1	GCA_020734105.1	inter_genus	Antrihabitans	Alkalihalobacillus	512	5994	589	4783	10.2162	0.405585	43.7217	
GCA_042654505.1	GCA_020734105.1	inter_genus	Epilithonimonas	Alkalihalobacillus	372	3479	472	4783	10.2154		43.4773	
GCA_016481275.1	GCA_009828095.1	inter_genus	Antrihabitans	Pontixanthobacter	482	5994	407	2712	10.2113		43.3972	
GCA_016481275.1	GCA_030814065.1	inter_genus	Antrihabitans	Mesobacillus	506	5994	496	3822	10.2078	0.372583	44.4205	
GCA_000009365.1	GCA_008704535.1	inter_genus	Alcanivorax	Streptomyces	432	2758	518	6558	10.1975	0.405585	43.6897	
GCA_009601165.1	GCA_000338295.1	inter_genus	Alcanivorax	Rhodopirellula	427	3399	459	5290	10.1968	0.405585	44.3904	
GCA_012932915.1	GCA_000970675.1	inter_genus	Antrihabitans	Domibacillus	514	6310	480	3439	10.1959		44.1359	
GCA_043556415.1	GCA_003597125.1	inter_genus	Microbacterium	Alcanivorax	309	2715	318	3435	10.1951	0.405585	43.3286	
GCA_043944905.1	GCA_009827395.1	inter_genus	Antrihabitans	Pontixanthobacter	468	6008	429	2802	10.1816		43.3736	
GCA_004365655.1	GCA_000292245.2	inter_genus	Epilithonimonas	Alkalihalobacillus	346	3195	399	4124	10.1790		44.4429	
GCA_000292245.2	GCA_041537905.1	inter_genus	Alkalihalobacillus	Ruegeria	464	4124	470	5052	10.1787		43.2668	
GCA_000966185.1	GCA_020966775.1	inter_genus	Domibacillus	Rhodopirellula	436	3737	428	4755	10.1743		43.1996	
GCA_042654505.1	GCA_006861795.1	inter_genus	Epilithonimonas	Psychrobacillus	365	3479	435	4397	10.1574		43.9711	
GCA_003254155.1	GCA_003054265.1	inter_genus	Psychrobacillus	Kordia	388	3219	345	4003	10.1495		44.2478	
GCA_007748195.1	GCA_009601165.1	inter_genus	Gimesia	Alcanivorax	473	5591	438	3399	10.1335		43.9540	
GCA_042650985.1	GCA_008973485.1	inter_genus	Epilithonimonas	Psychrobacillus	370	3675	407	3996	10.1291		43.9286	
GCA_000181475.1	GCA_003597125.1	inter_genus	Gimesia	Alcanivorax	485	5814	450	3435	10.1092	0.372583	43.9450	
GCA_006861795.1	GCA_003054265.1	inter_genus	Psychrobacillus	Kordia	469	4397	380	4003	10.1071		44.0434	
GCA_016481275.1	GCA_001906925.1	inter_genus	Antrihabitans	Domibacillus	470	5994	464	3253	10.1006	0.372583	44.4468	
GCA_020966775.1	GCA_042656585.1	inter_genus	Rhodopirellula	Thalassorhabdus	414	4755	402	3324	10.1003		43.4113	
GCA_003597125.1	GCA_000196115.1	inter_genus	Alcanivorax	Rhodopirellula	415	3435	448	5115	10.0936	0.405585	44.0185	
GCA_043944905.1	GCA_020734105.1	inter_genus	Antrihabitans	Alkalihalobacillus	509	6008	580	4783	10.0917		43.8311	
GCA_047302405.1	GCA_034424525.1	inter_genus	Alkalihalobacillus	Sphingobium	481	4348	467	5046	10.0915		43.3016	
GCA_043944905.1	GCA_047302405.1	inter_genus	Antrihabitans	Alkalihalobacillus	521	6008	524	4348	10.0908		43.8918	
GCA_006861775.1	GCA_001005315.1	inter_genus	Psychrobacillus	Kordia	495	4030	385	4694	10.0871		43.9397	
GCA_043944905.1	GCA_012972675.1	inter_genus	Antrihabitans	Pontixanthobacter	462	6008	405	2592	10.0814		43.5143	
GCA_003574395.1	GCA_900636385.1	inter_genus	Tabrizicola	Staphylococcus	303	3587	284	2236	10.0807		43.1249	
GCA_025960885.1	GCA_003597125.1	inter_genus	Microbacterium	Alcanivorax	353	3572	353	3435	10.0756	0.405585	43.8005	
GCA_000196115.1	GCA_001639725.1	inter_genus	Rhodopirellula	Marinomonas	450	5115	431	3637	10.0663		43.9646	
GCA_006861795.1	GCA_034424525.1	inter_genus	Psychrobacillus	Sphingobium	493	4397	457	5046	10.0604		43.6746	
GCA_004365655.1	GCA_008973485.1	inter_genus	Epilithonimonas	Psychrobacillus	336	3195	387	3996	10.0542	0.405585	44.2261	
GCA_000966185.1	GCA_003054265.1	inter_genus	Domibacillus	Kordia	400	3737	378	4003	10.0517	0.405585	44.0584	
GCA_009720525.1	GCA_042656585.1	inter_genus	Gimesia	Thalassorhabdus	490	6104	457	3324	10.0445		43.5599	
GCA_043556415.1	GCA_009827395.1	inter_genus	Microbacterium	Pontixanthobacter	281	2715	273	2802	10.0417		43.0013	
GCA_004365655.1	GCA_900636385.1	inter_genus	Epilithonimonas	Staphylococcus	266	3195	279	2236	10.0350		43.4538	
GCA_042654505.1	GCA_008973485.1	inter_genus	Epilithonimonas	Psychrobacillus	358	3479	392	3996	10.0334		44.0745	
GCA_007748195.1	GCA_000009365.1	inter_genus	Gimesia	Alcanivorax	438	5591	399	2758	10.0252		43.8415	
GCA_003054265.1	GCA_030814065.1	inter_genus	Kordia	Mesobacillus	364	4003	420	3822	10.0192		44.4666	
GCA_900142325.1	GCA_020734105.1	inter_genus	Epilithonimonas	Alkalihalobacillus	358	3312	453	4783	10.0185		43.3161	
GCA_007748195.1	GCA_000756655.1	inter_genus	Gimesia	Alcanivorax	465	5591	423	3273	10.0181		43.8013	
GCA_000181475.1	GCA_042656585.1	inter_genus	Gimesia	Thalassorhabdus	458	5814	457	3324	10.0131		43.5201	
GCA_012932915.1	GCA_009827455.1	inter_genus	Antrihabitans	Pontixanthobacter	497	6310	405	2704	10.0067		43.6379	
GCA_043556415.1	GCA_009601165.1	inter_genus	Microbacterium	Alcanivorax	311	2715	300	3399	9.9935		43.0854	
GCA_003254155.1	GCA_000154725.1	inter_genus	Psychrobacillus	Kordia	394	3219	356	4294	9.9827		44.2154	
GCA_020734105.1	GCA_034424525.1	inter_genus	Alkalihalobacillus	Sphingobium	528	4783	453	5046	9.9807		43.5561	
GCA_028610675.1	GCA_041537905.1	inter_genus	Alkalihalobacillus	Ruegeria	463	4246	465	5052	9.9806		43.1089	
GCA_900142325.1	GCA_006861795.1	inter_genus	Epilithonimonas	Psychrobacillus	352	3312	417	4397	9.9754		43.9411	
GCA_006861775.1	GCA_009901525.1	inter_genus	Psychrobacillus	Kordia	480	4030	375	4542	9.9743		43.6316	
GCA_003597125.1	GCA_000338295.1	inter_genus	Alcanivorax	Rhodopirellula	422	3435	448	5290	9.9713	0.405585	44.0485	
GCA_007754425.1	GCA_042656585.1	inter_genus	Gimesia	Thalassorhabdus	458	5793	451	3324	9.9704		43.6787	
GCA_007754425.1	GCA_003597125.1	inter_genus	Gimesia	Alcanivorax	477	5793	443	3435	9.9697	0.405585	43.8299	
GCA_004365655.1	GCA_047302405.1	inter_genus	Epilithonimonas	Alkalihalobacillus	346	3195	406	4348	9.9695		44.1430	
GCA_003054265.1	GCA_000009365.1	inter_genus	Kordia	Alcanivorax	338	4003	336	2758	9.9689		43.7741	
GCA_009827455.1	GCA_014212135.1	inter_genus	Pontixanthobacter	Cohnella	407	2704	463	6030	9.9611		44.2789	
GCA_009720525.1	GCA_003597125.1	inter_genus	Gimesia	Alcanivorax	495	6104	455	3435	9.9591	0.405585	44.0752	
GCA_007748195.1	GCA_042656585.1	inter_genus	Gimesia	Thalassorhabdus	448	5591	439	3324	9.9495		43.5124	
GCA_043944905.1	GCA_009828095.1	inter_genus	Antrihabitans	Pontixanthobacter	466	6008	401	2712	9.9427		43.3161	
GCA_009601165.1	GCA_008704535.1	inter_genus	Alcanivorax	Streptomyces	459	3399	530	6558	9.9327		43.6926	
GCA_007748195.1	GCA_047302405.1	inter_genus	Gimesia	Alkalihalobacillus	488	5591	499	4348	9.9306		43.1486	
GCA_000292245.2	GCA_034424525.1	inter_genus	Alkalihalobacillus	Sphingobium	450	4124	460	5046	9.9237		43.3204	
GCA_008297975.1	GCA_001639725.1	inter_genus	Antrihabitans	Marinomonas	452	5303	435	3637	9.9217		43.0207	
GCA_000756655.1	GCA_002727185.1	inter_genus	Alcanivorax	Rhodopirellula	423	3273	470	5729	9.9200		43.9945	
GCA_042650985.1	GCA_001639725.1	inter_genus	Epilithonimonas	Marinomonas	354	3675	371	3637	9.9152		43.1798	
GCA_009601165.1	GCA_002727185.1	inter_genus	Alcanivorax	Rhodopirellula	431	3399	474	5729	9.9145		44.1607	
GCA_006861795.1	GCA_000154725.1	inter_genus	Psychrobacillus	Kordia	478	4397	383	4294	9.9068		43.9415	
GCA_004365655.1	GCA_028610675.1	inter_genus	Epilithonimonas	Alkalihalobacillus	341	3195	396	4246	9.9046	0.405585	44.1116	
GCA_043556415.1	GCA_001437435.1	inter_genus	Microbacterium	Furfurilactobacillus	230	2715	236	1991	9.9023		43.4788	
GCA_047302405.1	GCA_003054265.1	inter_genus	Alkalihalobacillus	Kordia	441	4348	385	4003	9.8910		43.9656	
GCA_043556415.1	GCA_034424525.1	inter_genus	Microbacterium	Sphingobium	372	2715	395	5046	9.8827		42.8182	
GCA_012932915.1	GCA_020734105.1	inter_genus	Antrihabitans	Alkalihalobacillus	517	6310	579	4783	9.8801		43.6522	
GCA_016481275.1	GCA_000292245.2	inter_genus	Antrihabitans	Alkalihalobacillus	497	5994	502	4124	9.8735	0.372583	44.1133	
GCA_000181475.1	GCA_000966185.1	inter_genus	Gimesia	Domibacillus	479	5814	464	3737	9.8733		43.7716	
GCA_042650985.1	GCA_014212135.1	inter_genus	Epilithonimonas	Cohnella	446	3675	512	6030	9.8712		43.5131	
GCA_025960885.1	GCA_009601165.1	inter_genus	Microbacterium	Alcanivorax	352	3572	336	3399	9.8695		43.7480	
GCA_043944905.1	GCA_028610675.1	inter_genus	Antrihabitans	Alkalihalobacillus	506	6008	506	4246	9.8693		43.8815	
GCA_004365655.1	GCA_020734105.1	inter_genus	Epilithonimonas	Alkalihalobacillus	336	3195	450	4783	9.8521		43.7419	
GCA_000338295.1	GCA_001639725.1	inter_genus	Rhodopirellula	Marinomonas	447	5290	432	3637	9.8465		44.0580	
GCA_013409785.1	GCA_900636385.1	inter_genus	Microbacterium	Staphylococcus	284	3554	286	2236	9.8446		43.4328	
GCA_016481275.1	GCA_001639725.1	inter_genus	Antrihabitans	Marinomonas	481	5994	467	3637	9.8432	0.405585	43.4998	
GCA_012932915.1	GCA_030814065.1	inter_genus	Antrihabitans	Mesobacillus	502	6310	494	3822	9.8302		43.9230	
GCA_009827395.1	GCA_014212135.1	inter_genus	Pontixanthobacter	Cohnella	406	2802	462	6030	9.8279		44.1326	
GCA_900636385.1	GCA_019334345.1	inter_genus	Staphylococcus	Neohoeflea	279	2236	297	3629	9.8210		42.8116	
GCA_007748195.1	GCA_030814065.1	inter_genus	Gimesia	Mesobacillus	457	5591	467	3822	9.8162		43.1796	
GCA_028610675.1	GCA_034424525.1	inter_genus	Alkalihalobacillus	Sphingobium	452	4246	460	5046	9.8149		43.2068	
GCA_043944905.1	GCA_009827455.1	inter_genus	Antrihabitans	Pontixanthobacter	460	6008	395	2704	9.8140		43.2178	
GCA_003054265.1	GCA_042656585.1	inter_genus	Kordia	Thalassorhabdus	337	4003	382	3324	9.8130	0.405585	43.9786	
GCA_012932915.1	GCA_047302405.1	inter_genus	Antrihabitans	Alkalihalobacillus	518	6310	527	4348	9.8048		43.7715	
GCA_000181475.1	GCA_047302405.1	inter_genus	Gimesia	Alkalihalobacillus	491	5814	505	4348	9.8012		43.1510	
GCA_043944905.1	GCA_000292245.2	inter_genus	Antrihabitans	Alkalihalobacillus	498	6008	495	4124	9.8006		43.9666	
GCA_003054265.1	GCA_000756655.1	inter_genus	Kordia	Alcanivorax	357	4003	356	3273	9.7993		43.6492	
GCA_900142325.1	GCA_900636385.1	inter_genus	Epilithonimonas	Staphylococcus	266	3312	277	2236	9.7873		43.1665	
GCA_000154725.1	GCA_000009365.1	inter_genus	Kordia	Alcanivorax	345	4294	345	2758	9.7845		43.8042	
GCA_000154725.1	GCA_030814065.1	inter_genus	Kordia	Mesobacillus	371	4294	423	3822	9.7831		44.2043	
GCA_000292245.2	GCA_003054265.1	inter_genus	Alkalihalobacillus	Kordia	421	4124	374	4003	9.7822		44.2077	
GCA_001906925.1	GCA_020966775.1	inter_genus	Domibacillus	Rhodopirellula	387	3253	396	4755	9.7777		43.2804	
GCA_900142325.1	GCA_028610675.1	inter_genus	Epilithonimonas	Alkalihalobacillus	356	3312	383	4246	9.7777		44.2140	
GCA_013328815.1	GCA_900636385.1	inter_genus	Tabrizicola	Staphylococcus	348	4364	297	2236	9.7727		42.8881	
GCA_003054265.1	GCA_009601165.1	inter_genus	Kordia	Alcanivorax	363	4003	360	3399	9.7676		43.5507	
GCA_047302405.1	GCA_000154725.1	inter_genus	Alkalihalobacillus	Kordia	459	4348	385	4294	9.7663		44.0291	
GCA_008973485.1	GCA_003054265.1	inter_genus	Psychrobacillus	Kordia	416	3996	365	4003	9.7637	0.405585	43.9870	
GCA_007754425.1	GCA_047302405.1	inter_genus	Gimesia	Alkalihalobacillus	489	5793	501	4348	9.7624		43.0913	
GCA_028610675.1	GCA_003054265.1	inter_genus	Alkalihalobacillus	Kordia	430	4246	375	4003	9.7588		44.1502	
GCA_042654505.1	GCA_001639725.1	inter_genus	Epilithonimonas	Marinomonas	343	3479	351	3637	9.7527		42.9489	
GCA_042654505.1	GCA_900636385.1	inter_genus	Epilithonimonas	Staphylococcus	276	3479	281	2236	9.7463		43.2987	
GCA_042650985.1	GCA_900636385.1	inter_genus	Epilithonimonas	Staphylococcus	279	3675	297	2236	9.7445		43.5144	
GCA_043944905.1	GCA_008973485.1	inter_genus	Antrihabitans	Psychrobacillus	489	6008	485	3996	9.7361		44.0887	
GCA_012932915.1	GCA_028610675.1	inter_genus	Antrihabitans	Alkalihalobacillus	518	6310	509	4246	9.7291		44.1328	
GCA_015999335.1	GCA_900636385.1	inter_genus	Tabrizicola	Staphylococcus	356	4484	297	2236	9.7173		43.1499	
GCA_900142325.1	GCA_008973485.1	inter_genus	Epilithonimonas	Psychrobacillus	341	3312	369	3996	9.7154		44.1729	
GCA_009828095.1	GCA_008704535.1	inter_genus	Pontixanthobacter	Streptomyces	400	2712	500	6558	9.7087		43.0799	
GCA_007748195.1	GCA_003597125.1	inter_genus	Gimesia	Alcanivorax	456	5591	420	3435	9.7053	0.405585	43.8539	
GCA_007748195.1	GCA_000966185.1	inter_genus	Gimesia	Domibacillus	455	5591	450	3737	9.7020		43.6077	
GCA_006861795.1	GCA_009901525.1	inter_genus	Psychrobacillus	Kordia	480	4397	386	4542	9.6879	0.405585	43.5493	
GCA_900142325.1	GCA_001639725.1	inter_genus	Epilithonimonas	Marinomonas	331	3312	342	3637	9.6848		43.0587	
GCA_016481275.1	GCA_028610675.1	inter_genus	Antrihabitans	Alkalihalobacillus	487	5994	504	4246	9.6777	0.372583	43.9396	
GCA_020966775.1	GCA_014212135.1	inter_genus	Rhodopirellula	Cohnella	494	4755	549	6030	9.6708		43.7242	
GCA_000966185.1	GCA_000154725.1	inter_genus	Domibacillus	Kordia	399	3737	377	4294	9.6626		44.0832	
GCA_004365655.1	GCA_001639725.1	inter_genus	Epilithonimonas	Marinomonas	318	3195	342	3637	9.6604		43.3451	
GCA_000181475.1	GCA_001639725.1	inter_genus	Gimesia	Marinomonas	473	5814	440	3637	9.6604		44.0156	
GCA_000966185.1	GCA_000338295.1	inter_genus	Domibacillus	Rhodopirellula	437	3737	435	5290	9.6599		43.2809	
GCA_001643235.1	GCA_020966775.1	inter_genus	Domibacillus	Rhodopirellula	426	3756	396	4755	9.6581		43.1439	
GCA_008704535.1	GCA_001639725.1	inter_genus	Streptomyces	Marinomonas	515	6558	467	3637	9.6322		43.2061	
GCA_009827395.1	GCA_008704535.1	inter_genus	Pontixanthobacter	Streptomyces	409	2802	492	6558	9.6261		43.0225	
GCA_007754425.1	GCA_000966185.1	inter_genus	Gimesia	Domibacillus	464	5793	453	3737	9.6222		43.4923	
GCA_043944905.1	GCA_001639725.1	inter_genus	Antrihabitans	Marinomonas	470	6008	458	3637	9.6216		43.2804	
GCA_012932915.1	GCA_001906925.1	inter_genus	Antrihabitans	Domibacillus	468	6310	452	3253	9.6204		44.6170	
GCA_000966185.1	GCA_000196115.1	inter_genus	Domibacillus	Rhodopirellula	425	3737	426	5115	9.6136		43.1232	
GCA_028610675.1	GCA_000154725.1	inter_genus	Alkalihalobacillus	Kordia	437	4246	384	4294	9.6136		44.1218	
GCA_000154725.1	GCA_042656585.1	inter_genus	Kordia	Thalassorhabdus	349	4294	382	3324	9.5957		43.9295	
GCA_016481275.1	GCA_008973485.1	inter_genus	Antrihabitans	Psychrobacillus	477	5994	481	3996	9.5896	0.405585	44.0279	
GCA_000181475.1	GCA_028610675.1	inter_genus	Gimesia	Alkalihalobacillus	481	5814	483	4246	9.5825		43.0412	
GCA_000970675.1	GCA_020966775.1	inter_genus	Domibacillus	Rhodopirellula	390	3439	395	4755	9.5802		43.4061	
GCA_009720525.1	GCA_047302405.1	inter_genus	Gimesia	Alkalihalobacillus	499	6104	502	4348	9.5771		42.9756	
GCA_009827455.1	GCA_020966775.1	inter_genus	Pontixanthobacter	Rhodopirellula	343	2704	371	4755	9.5723		43.0931	
GCA_000154725.1	GCA_009601165.1	inter_genus	Kordia	Alcanivorax	367	4294	368	3399	9.5541		43.7920	
GCA_006861795.1	GCA_001005315.1	inter_genus	Psychrobacillus	Kordia	482	4397	386	4694	9.5479		43.8305	
GCA_000292245.2	GCA_000154725.1	inter_genus	Alkalihalobacillus	Kordia	423	4124	380	4294	9.5391	0.372583	44.2134	
GCA_012932915.1	GCA_000292245.2	inter_genus	Antrihabitans	Alkalihalobacillus	500	6310	495	4124	9.5361		44.0900	
GCA_003254155.1	GCA_009901525.1	inter_genus	Psychrobacillus	Kordia	387	3219	353	4542	9.5349		43.8964	
GCA_003054265.1	GCA_003597125.1	inter_genus	Kordia	Alcanivorax	342	4003	367	3435	9.5321	0.405585	43.7468	
GCA_007748195.1	GCA_028610675.1	inter_genus	Gimesia	Alkalihalobacillus	461	5591	476	4246	9.5253		43.0185	
GCA_001906925.1	GCA_003054265.1	inter_genus	Domibacillus	Kordia	362	3253	329	4003	9.5232	0.405585	44.3643	
GCA_003597125.1	GCA_002727185.1	inter_genus	Alcanivorax	Rhodopirellula	418	3435	454	5729	9.5155	0.405585	43.9513	
GCA_000196115.1	GCA_042656585.1	inter_genus	Rhodopirellula	Thalassorhabdus	406	5115	397	3324	9.5153		43.5585	
GCA_000154725.1	GCA_000756655.1	inter_genus	Kordia	Alcanivorax	360	4294	360	3273	9.5150		43.5842	
GCA_007748195.1	GCA_001643235.1	inter_genus	Gimesia	Domibacillus	434	5591	455	3756	9.5111		43.6202	
GCA_000181475.1	GCA_001643235.1	inter_genus	Gimesia	Domibacillus	450	5814	460	3756	9.5089		43.5270	
GCA_000181475.1	GCA_001906925.1	inter_genus	Gimesia	Domibacillus	430	5814	432	3253	9.5070		43.9297	
GCA_007754425.1	GCA_030814065.1	inter_genus	Gimesia	Mesobacillus	451	5793	463	3822	9.5060		43.1529	
GCA_043556415.1	GCA_041537905.1	inter_genus	Microbacterium	Ruegeria	340	2715	398	5052	9.5017	0.405585	42.5235	
GCA_009720525.1	GCA_000966185.1	inter_genus	Gimesia	Domibacillus	474	6104	461	3737	9.5011		43.5341	
GCA_001643235.1	GCA_003054265.1	inter_genus	Domibacillus	Kordia	397	3756	340	4003	9.4986		44.0169	
GCA_000154725.1	GCA_003597125.1	inter_genus	Kordia	Alcanivorax	355	4294	379	3435	9.4967	0.405585	43.8844	
GCA_000181475.1	GCA_030814065.1	inter_genus	Gimesia	Mesobacillus	456	5814	459	3822	9.4956		43.3216	
GCA_009827455.1	GCA_008704535.1	inter_genus	Pontixanthobacter	Streptomyces	393	2704	486	6558	9.4904	0.372583	42.8967	
GCA_012972675.1	GCA_020966775.1	inter_genus	Pontixanthobacter	Rhodopirellula	332	2592	364	4755	9.4733		42.9689	
GCA_000181475.1	GCA_000292245.2	inter_genus	Gimesia	Alkalihalobacillus	467	5814	474	4124	9.4687		43.1280	
GCA_000181475.1	GCA_020734105.1	inter_genus	Gimesia	Alkalihalobacillus	467	5814	536	4783	9.4649		43.4090	
GCA_007754425.1	GCA_001906925.1	inter_genus	Gimesia	Domibacillus	434	5793	422	3253	9.4627		43.6653	
GCA_012932915.1	GCA_001639725.1	inter_genus	Antrihabitans	Marinomonas	479	6310	462	3637	9.4601		43.4676	
GCA_008973485.1	GCA_000154725.1	inter_genus	Psychrobacillus	Kordia	415	3996	369	4294	9.4572		43.9850	
GCA_900142325.1	GCA_000009365.1	inter_genus	Epilithonimonas	Alcanivorax	292	3312	282	2758	9.4563		43.0085	
GCA_025960885.1	GCA_001437435.1	inter_genus	Microbacterium	Furfurilactobacillus	263	3572	263	1991	9.4553		42.9474	
GCA_007748195.1	GCA_001906925.1	inter_genus	Gimesia	Domibacillus	424	5591	412	3253	9.4527		43.7029	
GCA_007754425.1	GCA_001639725.1	inter_genus	Gimesia	Marinomonas	455	5793	436	3637	9.4486		43.6916	
GCA_009828095.1	GCA_020966775.1	inter_genus	Pontixanthobacter	Rhodopirellula	338	2712	367	4755	9.4415		42.9157	
GCA_000966185.1	GCA_002727185.1	inter_genus	Domibacillus	Rhodopirellula	445	3737	448	5729	9.4338		43.1633	
GCA_042654505.1	GCA_014212135.1	inter_genus	Epilithonimonas	Cohnella	414	3479	483	6030	9.4332		43.5158	
GCA_007748195.1	GCA_000292245.2	inter_genus	Gimesia	Alkalihalobacillus	458	5591	458	4124	9.4287		43.2218	
GCA_047302405.1	GCA_009901525.1	inter_genus	Alkalihalobacillus	Kordia	450	4348	388	4542	9.4263		43.7387	
GCA_000970675.1	GCA_003054265.1	inter_genus	Domibacillus	Kordia	363	3439	338	4003	9.4195		44.0926	
GCA_020734105.1	GCA_020966775.1	inter_genus	Alkalihalobacillus	Rhodopirellula	471	4783	426	4755	9.4045		43.1553	
GCA_001643235.1	GCA_000154725.1	inter_genus	Domibacillus	Kordia	404	3756	353	4294	9.4037		44.1816	
GCA_012932915.1	GCA_008973485.1	inter_genus	Antrihabitans	Psychrobacillus	483	6310	486	3996	9.4023		44.2012	
GCA_014651475.1	GCA_019334345.1	inter_genus	Mesonia	Neohoeflea	297	2913	318	3629	9.4008		43.0771	
GCA_007754425.1	GCA_020734105.1	inter_genus	Gimesia	Alkalihalobacillus	463	5793	531	4783	9.3986		43.6251	
GCA_000966185.1	GCA_009901525.1	inter_genus	Domibacillus	Kordia	400	3737	378	4542	9.3973		43.7752	
GCA_007754425.1	GCA_006861775.1	inter_genus	Gimesia	Psychrobacillus	431	5793	492	4030	9.3963		43.2104	
GCA_007754425.1	GCA_028610675.1	inter_genus	Gimesia	Alkalihalobacillus	467	5793	476	4246	9.3934		43.0652	
GCA_009901525.1	GCA_000009365.1	inter_genus	Kordia	Alcanivorax	345	4542	340	2758	9.3836		43.5059	
GCA_007754425.1	GCA_001643235.1	inter_genus	Gimesia	Domibacillus	439	5793	457	3756	9.3832	0.405585	43.6719	
GCA_900142325.1	GCA_009828095.1	inter_genus	Epilithonimonas	Pontixanthobacter	285	3312	280	2712	9.3792	0.405585	42.3770	
GCA_020734105.1	GCA_003054265.1	inter_genus	Alkalihalobacillus	Kordia	462	4783	362	4003	9.3786		43.6609	
GCA_042650985.1	GCA_009828095.1	inter_genus	Epilithonimonas	Pontixanthobacter	299	3675	300	2712	9.3784	0.405585	42.5318	
GCA_002727185.1	GCA_001639725.1	inter_genus	Rhodopirellula	Marinomonas	453	5729	425	3637	9.3743		43.9486	
GCA_020966775.1	GCA_030814065.1	inter_genus	Rhodopirellula	Mesobacillus	398	4755	406	3822	9.3739		43.4136	
GCA_007748195.1	GCA_020734105.1	inter_genus	Gimesia	Alkalihalobacillus	449	5591	523	4783	9.3696		43.7456	
GCA_000338295.1	GCA_042656585.1	inter_genus	Rhodopirellula	Thalassorhabdus	407	5290	400	3324	9.3685		43.5115	
GCA_042654505.1	GCA_009828095.1	inter_genus	Epilithonimonas	Pontixanthobacter	292	3479	288	2712	9.3684	0.405585	42.4074	
GCA_003574395.1	GCA_020966775.1	inter_genus	Tabrizicola	Rhodopirellula	386	3587	395	4755	9.3623		43.1950	
GCA_009901525.1	GCA_030814065.1	inter_genus	Kordia	Mesobacillus	366	4542	417	3822	9.3615		43.7955	
GCA_007754425.1	GCA_014212135.1	inter_genus	Gimesia	Cohnella	522	5793	584	6030	9.3546	0.405585	43.7080	
GCA_003254155.1	GCA_001005315.1	inter_genus	Psychrobacillus	Kordia	393	3219	347	4694	9.3517		44.1860	
GCA_009720525.1	GCA_020734105.1	inter_genus	Gimesia	Alkalihalobacillus	486	6104	532	4783	9.3506		43.6336	
GCA_007748195.1	GCA_006861775.1	inter_genus	Gimesia	Psychrobacillus	426	5591	472	4030	9.3337	0.372583	43.0574	
GCA_000154725.1	GCA_001639725.1	inter_genus	Kordia	Marinomonas	358	4294	382	3637	9.3305		43.8846	
GCA_001906925.1	GCA_000154725.1	inter_genus	Domibacillus	Kordia	362	3253	342	4294	9.3282	0.405585	44.4823	
GCA_042650985.1	GCA_009827455.1	inter_genus	Epilithonimonas	Pontixanthobacter	295	3675	300	2704	9.3275	0.372583	42.4409	
GCA_009720525.1	GCA_000292245.2	inter_genus	Gimesia	Alkalihalobacillus	481	6104	473	4124	9.3273		43.1249	
GCA_009827455.1	GCA_003054265.1	inter_genus	Pontixanthobacter	Kordia	316	2704	309	4003	9.3186		43.3125	
GCA_047302405.1	GCA_020966775.1	inter_genus	Alkalihalobacillus	Rhodopirellula	427	4348	421	4755	9.3156		43.0699	
GCA_012972675.1	GCA_008704535.1	inter_genus	Pontixanthobacter	Streptomyces	385	2592	467	6558	9.3115		43.0192	
GCA_000970675.1	GCA_000154725.1	inter_genus	Domibacillus	Kordia	369	3439	351	4294	9.3107		44.0383	
GCA_008973485.1	GCA_034424525.1	inter_genus	Psychrobacillus	Sphingobium	427	3996	414	5046	9.3010		43.4926	
GCA_006861775.1	GCA_020966775.1	inter_genus	Psychrobacillus	Rhodopirellula	425	4030	392	4755	9.2999		43.0712	
GCA_042654505.1	GCA_000009365.1	inter_genus	Epilithonimonas	Alcanivorax	294	3479	286	2758	9.2993		42.7189	
GCA_009720525.1	GCA_030814065.1	inter_genus	Gimesia	Mesobacillus	465	6104	458	3822	9.2988		43.3457	
GCA_009827455.1	GCA_000154725.1	inter_genus	Pontixanthobacter	Kordia	324	2704	326	4294	9.2884		43.1810	
GCA_900142325.1	GCA_014212135.1	inter_genus	Epilithonimonas	Cohnella	404	3312	462	6030	9.2700		43.5552	
GCA_004365655.1	GCA_000009365.1	inter_genus	Epilithonimonas	Alcanivorax	278	3195	273	2758	9.2558		43.1184	
GCA_042650985.1	GCA_000009365.1	inter_genus	Epilithonimonas	Alcanivorax	301	3675	294	2758	9.2492		42.9069	
GCA_042650985.1	GCA_009827395.1	inter_genus	Epilithonimonas	Pontixanthobacter	301	3675	298	2802	9.2481	0.405585	42.6018	
GCA_003574395.1	GCA_014651475.1	inter_genus	Tabrizicola	Mesonia	308	3587	293	2913	9.2462		43.2268	
GCA_000181475.1	GCA_006861775.1	inter_genus	Gimesia	Psychrobacillus	438	5814	472	4030	9.2442		43.1375	
GCA_028610675.1	GCA_020966775.1	inter_genus	Alkalihalobacillus	Rhodopirellula	412	4246	420	4755	9.2434		43.2938	
GCA_020734105.1	GCA_000154725.1	inter_genus	Alkalihalobacillus	Kordia	469	4783	370	4294	9.2431		43.8682	
GCA_000196115.1	GCA_014212135.1	inter_genus	Rhodopirellula	Cohnella	483	5115	547	6030	9.2418		43.2816	
GCA_001005315.1	GCA_030814065.1	inter_genus	Kordia	Mesobacillus	369	4694	418	3822	9.2414		44.2055	
GCA_000338295.1	GCA_014212135.1	inter_genus	Rhodopirellula	Cohnella	491	5290	555	6030	9.2403		43.5756	
GCA_009720525.1	GCA_001639725.1	inter_genus	Gimesia	Marinomonas	469	6104	431	3637	9.2393		44.0408	
GCA_003054265.1	GCA_001639725.1	inter_genus	Kordia	Marinomonas	339	4003	366	3637	9.2277		43.7390	
GCA_009720525.1	GCA_028610675.1	inter_genus	Gimesia	Alkalihalobacillus	487	6104	468	4246	9.2271		42.9113	
GCA_007754425.1	GCA_000292245.2	inter_genus	Gimesia	Alkalihalobacillus	454	5793	460	4124	9.2165	0.405585	43.0725	
GCA_000181475.1	GCA_014212135.1	inter_genus	Gimesia	Cohnella	516	5814	574	6030	9.2030	0.405585	43.6290	
GCA_007748195.1	GCA_014212135.1	inter_genus	Gimesia	Cohnella	497	5591	571	6030	9.1903		43.5161	
GCA_001906925.1	GCA_009901525.1	inter_genus	Domibacillus	Kordia	370	3253	346	4542	9.1854		44.0181	
GCA_028610675.1	GCA_009901525.1	inter_genus	Alkalihalobacillus	Kordia	431	4246	376	4542	9.1830	0.405585	43.6986	
GCA_007748195.1	GCA_001639725.1	inter_genus	Gimesia	Marinomonas	430	5591	417	3637	9.1786		43.8325	
GCA_042654505.1	GCA_012972675.1	inter_genus	Epilithonimonas	Pontixanthobacter	283	3479	274	2592	9.1748	0.372583	42.3673	
GCA_000338295.1	GCA_030814065.1	inter_genus	Rhodopirellula	Mesobacillus	412	5290	424	3822	9.1747		43.3908	
GCA_003574395.1	GCA_000196115.1	inter_genus	Tabrizicola	Rhodopirellula	396	3587	402	5115	9.1703		42.8668	
GCA_000292245.2	GCA_020966775.1	inter_genus	Alkalihalobacillus	Rhodopirellula	405	4124	409	4755	9.1677		43.1805	
GCA_020966775.1	GCA_034424525.1	inter_genus	Rhodopirellula	Sphingobium	442	4755	456	5046	9.1623		42.8079	
GCA_012972675.1	GCA_003054265.1	inter_genus	Pontixanthobacter	Kordia	302	2592	302	4003	9.1585		43.2046	
GCA_011008935.1	GCA_014651475.1	inter_genus	Tabrizicola	Mesonia	315	3669	287	2913	9.1462		43.2518	
GCA_001906925.1	GCA_000196115.1	inter_genus	Domibacillus	Rhodopirellula	381	3253	384	5115	9.1420		43.3330	
GCA_001643235.1	GCA_009901525.1	inter_genus	Domibacillus	Kordia	404	3756	354	4542	9.1347		43.7271	
GCA_042650985.1	GCA_012972675.1	inter_genus	Epilithonimonas	Pontixanthobacter	286	3675	286	2592	9.1272	0.405585	42.4118	
GCA_008973485.1	GCA_009901525.1	inter_genus	Psychrobacillus	Kordia	411	3996	368	4542	9.1239		43.3241	
GCA_009720525.1	GCA_014212135.1	inter_genus	Gimesia	Cohnella	529	6104	577	6030	9.1149		43.7750	
GCA_008973485.1	GCA_001005315.1	inter_genus	Psychrobacillus	Kordia	421	3996	371	4694	9.1139		43.7183	
GCA_009828095.1	GCA_003054265.1	inter_genus	Pontixanthobacter	Kordia	308	2712	304	4003	9.1139		43.2930	
GCA_015999335.1	GCA_020966775.1	inter_genus	Tabrizicola	Rhodopirellula	441	4484	401	4755	9.1135		43.3511	
GCA_004365655.1	GCA_009828095.1	inter_genus	Epilithonimonas	Pontixanthobacter	266	3195	272	2712	9.1078	0.405585	42.5714	
GCA_020966775.1	GCA_014651475.1	inter_genus	Rhodopirellula	Mesonia	361	4755	337	2913	9.1028	0.405585	42.9162	
GCA_047302405.1	GCA_000338295.1	inter_genus	Alkalihalobacillus	Rhodopirellula	443	4348	434	5290	9.0994		42.9985	
GCA_009901525.1	GCA_000756655.1	inter_genus	Kordia	Alcanivorax	353	4542	358	3273	9.0979		43.3281	
GCA_000009365.1	GCA_001437435.1	inter_genus	Alcanivorax	Furfurilactobacillus	210	2758	222	1991	9.0967	0.405585	43.5483	
GCA_900142325.1	GCA_009827455.1	inter_genus	Epilithonimonas	Pontixanthobacter	280	3312	267	2704	9.0924	0.405585	42.5464	
GCA_009901525.1	GCA_042656585.1	inter_genus	Kordia	Thalassorhabdus	337	4542	378	3324	9.0898	0.405585	43.3386	
GCA_042650985.1	GCA_003597125.1	inter_genus	Epilithonimonas	Alcanivorax	312	3675	334	3435	9.0858	0.405585	43.1103	
GCA_009901525.1	GCA_001639725.1	inter_genus	Kordia	Marinomonas	360	4542	383	3637	9.0842		43.4206	
GCA_000970675.1	GCA_009901525.1	inter_genus	Domibacillus	Kordia	371	3439	354	4542	9.0841		43.5909	
GCA_001906925.1	GCA_000338295.1	inter_genus	Domibacillus	Rhodopirellula	386	3253	390	5290	9.0835		43.3476	
GCA_007748195.1	GCA_000970675.1	inter_genus	Gimesia	Domibacillus	414	5591	406	3439	9.0808		43.4014	
GCA_047302405.1	GCA_001005315.1	inter_genus	Alkalihalobacillus	Kordia	443	4348	378	4694	9.0798		43.7843	
GCA_009720525.1	GCA_001643235.1	inter_genus	Gimesia	Domibacillus	440	6104	455	3756	9.0771		43.6022	
GCA_000196115.1	GCA_030814065.1	inter_genus	Rhodopirellula	Mesobacillus	399	5115	412	3822	9.0746		43.2894	
GCA_001643235.1	GCA_000196115.1	inter_genus	Domibacillus	Rhodopirellula	411	3756	394	5115	9.0745		43.4458	
GCA_002727185.1	GCA_014212135.1	inter_genus	Rhodopirellula	Cohnella	506	5729	561	6030	9.0739		43.4051	
GCA_012972675.1	GCA_000338295.1	inter_genus	Pontixanthobacter	Rhodopirellula	340	2592	375	5290	9.0713	0.405585	43.0769	
GCA_000338295.1	GCA_014651475.1	inter_genus	Rhodopirellula	Mesonia	385	5290	359	2913	9.0699	0.405585	43.2485	
GCA_020966775.1	GCA_019334345.1	inter_genus	Rhodopirellula	Neohoeflea	387	4755	373	3629	9.0649		43.1779	
GCA_009720525.1	GCA_001906925.1	inter_genus	Gimesia	Domibacillus	432	6104	416	3253	9.0627	0.405585	43.7935	
GCA_000292245.2	GCA_001005315.1	inter_genus	Alkalihalobacillus	Kordia	425	4124	374	4694	9.0610		44.1565	
GCA_002727185.1	GCA_042656585.1	inter_genus	Rhodopirellula	Thalassorhabdus	418	5729	401	3324	9.0467		43.4191	
GCA_001643235.1	GCA_000338295.1	inter_genus	Domibacillus	Rhodopirellula	418	3756	400	5290	9.0427		43.3757	
GCA_009827455.1	GCA_009901525.1	inter_genus	Pontixanthobacter	Kordia	328	2704	327	4542	9.0395		42.9172	
GCA_009827395.1	GCA_020966775.1	inter_genus	Pontixanthobacter	Rhodopirellula	329	2802	354	4755	9.0380		42.9581	
GCA_006861775.1	GCA_000196115.1	inter_genus	Psychrobacillus	Rhodopirellula	433	4030	393	5115	9.0323		43.2879	
GCA_001005315.1	GCA_000756655.1	inter_genus	Kordia	Alcanivorax	355	4694	364	3273	9.0247		43.4422	
GCA_000292245.2	GCA_009901525.1	inter_genus	Alkalihalobacillus	Kordia	415	4124	367	4542	9.0238		43.8550	
GCA_900142325.1	GCA_009601165.1	inter_genus	Epilithonimonas	Alcanivorax	309	3312	296	3399	9.0150		42.8504	
GCA_900142325.1	GCA_012972675.1	inter_genus	Epilithonimonas	Pontixanthobacter	271	3312	261	2592	9.0108	0.405585	42.3973	
GCA_009827395.1	GCA_003054265.1	inter_genus	Pontixanthobacter	Kordia	308	2802	305	4003	9.0081		43.0886	
GCA_001005315.1	GCA_000009365.1	inter_genus	Kordia	Alcanivorax	334	4694	337	2758	9.0043		43.3246	
GCA_000181475.1	GCA_000970675.1	inter_genus	Gimesia	Domibacillus	419	5814	414	3439	9.0025		43.4297	
GCA_003574395.1	GCA_000338295.1	inter_genus	Tabrizicola	Rhodopirellula	394	3587	405	5290	9.0008		42.9548	
GCA_009720525.1	GCA_006861775.1	inter_genus	Gimesia	Psychrobacillus	443	6104	469	4030	8.9994		43.0924	
GCA_013409785.1	GCA_001437435.1	inter_genus	Microbacterium	Furfurilactobacillus	251	3554	248	1991	8.9991		43.2623	
GCA_011008935.1	GCA_020966775.1	inter_genus	Tabrizicola	Rhodopirellula	375	3669	383	4755	8.9981	0.405585	43.2405	
GCA_009828095.1	GCA_000196115.1	inter_genus	Pontixanthobacter	Rhodopirellula	335	2712	369	5115	8.9945		42.7919	
GCA_000970675.1	GCA_000338295.1	inter_genus	Domibacillus	Rhodopirellula	389	3439	396	5290	8.9930		43.3141	
GCA_003254155.1	GCA_020966775.1	inter_genus	Psychrobacillus	Rhodopirellula	355	3219	362	4755	8.9917		43.3911	
GCA_000970675.1	GCA_000196115.1	inter_genus	Domibacillus	Rhodopirellula	384	3439	384	5115	8.9783		43.2693	
GCA_047302405.1	GCA_000196115.1	inter_genus	Alkalihalobacillus	Rhodopirellula	426	4348	423	5115	8.9718		43.1017	
GCA_001005315.1	GCA_009601165.1	inter_genus	Kordia	Alcanivorax	358	4694	368	3399	8.9707		43.3949	
GCA_014651475.1	GCA_014212135.1	inter_genus	Mesonia	Cohnella	362	2913	440	6030	8.9679		43.6128	
GCA_028610675.1	GCA_000338295.1	inter_genus	Alkalihalobacillus	Rhodopirellula	430	4246	425	5290	8.9660	0.405585	43.1731	
GCA_012972675.1	GCA_000196115.1	inter_genus	Pontixanthobacter	Rhodopirellula	329	2592	362	5115	8.9659		43.0398	
GCA_009827455.1	GCA_000196115.1	inter_genus	Pontixanthobacter	Rhodopirellula	337	2704	364	5115	8.9653	0.405585	43.1364	
GCA_020734105.1	GCA_009901525.1	inter_genus	Alkalihalobacillus	Kordia	475	4783	361	4542	8.9651		43.6410	
GCA_009828095.1	GCA_000154725.1	inter_genus	Pontixanthobacter	Kordia	315	2712	313	4294	8.9637		43.2475	
GCA_011008935.1	GCA_000338295.1	inter_genus	Tabrizicola	Rhodopirellula	403	3669	400	5290	8.9631	0.405585	43.3043	
GCA_042654505.1	GCA_000756655.1	inter_genus	Epilithonimonas	Alcanivorax	303	3479	302	3273	8.9603		43.1087	
GCA_006861775.1	GCA_000338295.1	inter_genus	Psychrobacillus	Rhodopirellula	437	4030	398	5290	8.9592		43.2434	
GCA_007754425.1	GCA_000970675.1	inter_genus	Gimesia	Domibacillus	419	5793	408	3439	8.9580		43.5197	
GCA_009901525.1	GCA_009601165.1	inter_genus	Kordia	Alcanivorax	356	4542	355	3399	8.9535		43.1700	
GCA_900142325.1	GCA_003597125.1	inter_genus	Epilithonimonas	Alcanivorax	293	3312	311	3435	8.9521	0.405585	43.1833	
GCA_042654505.1	GCA_009827395.1	inter_genus	Epilithonimonas	Pontixanthobacter	284	3479	278	2802	8.9476	0.405585	42.7272	
GCA_013328815.1	GCA_020966775.1	inter_genus	Tabrizicola	Rhodopirellula	416	4364	399	4755	8.9374		43.2164	
GCA_028610675.1	GCA_001005315.1	inter_genus	Alkalihalobacillus	Kordia	426	4246	373	4694	8.9374		43.9346	
GCA_015999335.1	GCA_014651475.1	inter_genus	Tabrizicola	Mesonia	359	4484	302	2913	8.9361		43.4216	
GCA_042650985.1	GCA_009601165.1	inter_genus	Epilithonimonas	Alcanivorax	318	3675	314	3399	8.9341		42.9522	
GCA_028610675.1	GCA_000196115.1	inter_genus	Alkalihalobacillus	Rhodopirellula	419	4246	416	5115	8.9200		43.1297	
GCA_000966185.1	GCA_001005315.1	inter_genus	Domibacillus	Kordia	391	3737	360	4694	8.9076		43.8397	
GCA_009720525.1	GCA_000970675.1	inter_genus	Gimesia	Domibacillus	434	6104	416	3439	8.9071		43.5754	
GCA_020734105.1	GCA_000196115.1	inter_genus	Alkalihalobacillus	Rhodopirellula	468	4783	413	5115	8.9008		43.2788	
GCA_042654505.1	GCA_009601165.1	inter_genus	Epilithonimonas	Alcanivorax	309	3479	303	3399	8.8979		42.9308	
GCA_009828095.1	GCA_000338295.1	inter_genus	Pontixanthobacter	Rhodopirellula	339	2712	373	5290	8.8978		42.8641	
GCA_020734105.1	GCA_000338295.1	inter_genus	Alkalihalobacillus	Rhodopirellula	474	4783	422	5290	8.8951		43.4297	
GCA_009901525.1	GCA_003597125.1	inter_genus	Kordia	Alcanivorax	346	4542	363	3435	8.8881	0.405585	43.3512	
GCA_000196115.1	GCA_014651475.1	inter_genus	Rhodopirellula	Mesonia	371	5115	342	2913	8.8814	0.405585	43.0520	
GCA_012972675.1	GCA_000154725.1	inter_genus	Pontixanthobacter	Kordia	303	2592	308	4294	8.8731		43.2713	
GCA_002727185.1	GCA_034424525.1	inter_genus	Rhodopirellula	Sphingobium	479	5729	477	5046	8.8724		43.0009	
GCA_011008935.1	GCA_000196115.1	inter_genus	Tabrizicola	Rhodopirellula	388	3669	391	5115	8.8684		42.9529	
GCA_042654505.1	GCA_009827455.1	inter_genus	Epilithonimonas	Pontixanthobacter	273	3479	275	2704	8.8630	0.405585	42.3932	
GCA_004365655.1	GCA_000756655.1	inter_genus	Epilithonimonas	Alcanivorax	286	3195	287	3273	8.8590		42.9390	
GCA_001906925.1	GCA_001005315.1	inter_genus	Domibacillus	Kordia	366	3253	338	4694	8.8587		44.4032	
GCA_000338295.1	GCA_034424525.1	inter_genus	Rhodopirellula	Sphingobium	448	5290	467	5046	8.8526		42.9640	
GCA_042650985.1	GCA_000756655.1	inter_genus	Epilithonimonas	Alcanivorax	309	3675	306	3273	8.8515		42.7754	
GCA_001005315.1	GCA_042656585.1	inter_genus	Kordia	Thalassorhabdus	336	4694	373	3324	8.8426		43.6322	
GCA_042654505.1	GCA_003597125.1	inter_genus	Epilithonimonas	Alcanivorax	295	3479	315	3435	8.8227	0.405585	42.9219	
GCA_020966775.1	GCA_041537905.1	inter_genus	Rhodopirellula	Ruegeria	425	4755	440	5052	8.8202	0.405585	43.3685	
GCA_009827395.1	GCA_000154725.1	inter_genus	Pontixanthobacter	Kordia	310	2802	315	4294	8.8078		43.1827	
GCA_001005315.1	GCA_003597125.1	inter_genus	Kordia	Alcanivorax	343	4694	372	3435	8.7957	0.405585	43.3720	
GCA_004365655.1	GCA_012972675.1	inter_genus	Epilithonimonas	Pontixanthobacter	253	3195	256	2592	8.7956	0.405585	42.4407	
GCA_009827455.1	GCA_000338295.1	inter_genus	Pontixanthobacter	Rhodopirellula	336	2704	367	5290	8.7941	0.405585	43.0403	
GCA_007748195.1	GCA_008973485.1	inter_genus	Gimesia	Psychrobacillus	414	5591	429	3996	8.7932		43.0310	
GCA_000970675.1	GCA_001005315.1	inter_genus	Domibacillus	Kordia	371	3439	344	4694	8.7913		43.7615	
GCA_007748195.1	GCA_006861795.1	inter_genus	Gimesia	Psychrobacillus	417	5591	461	4397	8.7905	0.405585	42.9659	
GCA_015999335.1	GCA_000196115.1	inter_genus	Tabrizicola	Rhodopirellula	431	4484	412	5115	8.7822		43.0271	
GCA_013328815.1	GCA_014651475.1	inter_genus	Tabrizicola	Mesonia	338	4364	301	2913	8.7811		43.4359	
GCA_015999335.1	GCA_000338295.1	inter_genus	Tabrizicola	Rhodopirellula	434	4484	424	5290	8.7784	0.405585	43.2776	
GCA_000196115.1	GCA_019334345.1	inter_genus	Rhodopirellula	Neohoeflea	395	5115	372	3629	8.7717		43.5428	
GCA_000338295.1	GCA_019334345.1	inter_genus	Rhodopirellula	Neohoeflea	401	5290	381	3629	8.7678		43.4002	
GCA_007748195.1	GCA_003254155.1	inter_genus	Gimesia	Psychrobacillus	388	5591	384	3219	8.7628	0.405585	43.2146	
GCA_001643235.1	GCA_001005315.1	inter_genus	Domibacillus	Kordia	398	3756	342	4694	8.7574		43.8695	
GCA_000292245.2	GCA_000338295.1	inter_genus	Alkalihalobacillus	Rhodopirellula	414	4124	410	5290	8.7529		43.1382	
GCA_006861795.1	GCA_020966775.1	inter_genus	Psychrobacillus	Rhodopirellula	414	4397	387	4755	8.7522		43.0684	
GCA_900142325.1	GCA_009827395.1	inter_genus	Epilithonimonas	Pontixanthobacter	274	3312	261	2802	8.7504	0.405585	42.6273	
GCA_000196115.1	GCA_034424525.1	inter_genus	Rhodopirellula	Sphingobium	442	5115	447	5046	8.7491		42.9718	
GCA_013328815.1	GCA_000338295.1	inter_genus	Tabrizicola	Rhodopirellula	428	4364	416	5290	8.7425		43.1930	
GCA_003574395.1	GCA_002727185.1	inter_genus	Tabrizicola	Rhodopirellula	397	3587	417	5729	8.7377		42.9253	
GCA_020734105.1	GCA_001005315.1	inter_genus	Alkalihalobacillus	Kordia	468	4783	360	4694	8.7369		43.9614	
GCA_000292245.2	GCA_000196115.1	inter_genus	Alkalihalobacillus	Rhodopirellula	401	4124	406	5115	8.7347		43.0524	
GCA_014651475.1	GCA_034424525.1	inter_genus	Mesonia	Sphingobium	339	2913	356	5046	8.7323		43.0345	
GCA_001643235.1	GCA_002727185.1	inter_genus	Domibacillus	Rhodopirellula	423	3756	405	5729	8.7296		43.3023	
GCA_900142325.1	GCA_000756655.1	inter_genus	Epilithonimonas	Alcanivorax	292	3312	282	3273	8.7168		42.7198	
GCA_015999335.1	GCA_002727185.1	inter_genus	Tabrizicola	Rhodopirellula	458	4484	432	5729	8.7144	0.405585	43.1330	
GCA_008704535.1	GCA_900636385.1	inter_genus	Streptomyces	Staphylococcus	417	6558	349	2236	8.7105		43.8963	
GCA_003054265.1	GCA_900636385.1	inter_genus	Kordia	Staphylococcus	266	4003	277	2236	8.7033		43.4544	
GCA_008297975.1	GCA_900636385.1	inter_genus	Antrihabitans	Staphylococcus	334	5303	322	2236	8.7014		43.3408	
GCA_000970675.1	GCA_002727185.1	inter_genus	Domibacillus	Rhodopirellula	389	3439	408	5729	8.6933		43.4224	
GCA_004365655.1	GCA_003597125.1	inter_genus	Epilithonimonas	Alcanivorax	279	3195	297	3435	8.6878	0.405585	43.2933	
GCA_003254155.1	GCA_000196115.1	inter_genus	Psychrobacillus	Rhodopirellula	359	3219	365	5115	8.6873		43.3682	
GCA_001005315.1	GCA_001639725.1	inter_genus	Kordia	Marinomonas	346	4694	377	3637	8.6784	0.405585	43.5631	
GCA_000181475.1	GCA_008973485.1	inter_genus	Gimesia	Psychrobacillus	421	5814	430	3996	8.6748		43.1089	
GCA_008973485.1	GCA_020966775.1	inter_genus	Psychrobacillus	Rhodopirellula	382	3996	377	4755	8.6733		43.0661	
GCA_004365655.1	GCA_009827395.1	inter_genus	Epilithonimonas	Pontixanthobacter	259	3195	261	2802	8.6710	0.405585	42.7608	
GCA_006861775.1	GCA_002727185.1	inter_genus	Psychrobacillus	Rhodopirellula	436	4030	410	5729	8.6689		43.1058	
GCA_002727185.1	GCA_019334345.1	inter_genus	Rhodopirellula	Neohoeflea	419	5729	392	3629	8.6664		43.5474	
GCA_009827455.1	GCA_001005315.1	inter_genus	Pontixanthobacter	Kordia	319	2704	322	4694	8.6645		42.9109	
GCA_004365655.1	GCA_009827455.1	inter_genus	Epilithonimonas	Pontixanthobacter	255	3195	256	2704	8.6625	0.405585	42.4052	
GCA_900636385.1	GCA_041537905.1	inter_genus	Staphylococcus	Ruegeria	293	2236	338	5052	8.6581		42.6382	
GCA_000196115.1	GCA_041537905.1	inter_genus	Rhodopirellula	Ruegeria	433	5115	447	5052	8.6555		43.4044	
GCA_013328815.1	GCA_000196115.1	inter_genus	Tabrizicola	Rhodopirellula	414	4364	406	5115	8.6507	0.405585	43.1310	
GCA_002727185.1	GCA_030814065.1	inter_genus	Rhodopirellula	Mesobacillus	411	5729	415	3822	8.6483		43.2396	
GCA_007754425.1	GCA_006861795.1	inter_genus	Gimesia	Psychrobacillus	419	5793	462	4397	8.6457	0.405585	42.9285	
GCA_004365655.1	GCA_009601165.1	inter_genus	Epilithonimonas	Alcanivorax	287	3195	283	3399	8.6442		43.0087	
GCA_007754425.1	GCA_003254155.1	inter_genus	Gimesia	Psychrobacillus	392	5793	385	3219	8.6218		43.2610	
GCA_028610675.1	GCA_002727185.1	inter_genus	Alkalihalobacillus	Rhodopirellula	427	4246	433	5729	8.6216		43.0631	
GCA_030065535.1	GCA_014651475.1	inter_genus	Microbacterium	Mesonia	252	2753	236	2913	8.6128	0.405585	42.3934	
GCA_004365655.1	GCA_014212135.1	inter_genus	Epilithonimonas	Cohnella	370	3195	424	6030	8.6070		43.3630	
GCA_003254155.1	GCA_000338295.1	inter_genus	Psychrobacillus	Rhodopirellula	361	3219	371	5290	8.6027		43.3901	
GCA_009828095.1	GCA_009901525.1	inter_genus	Pontixanthobacter	Kordia	309	2712	315	4542	8.6022		42.6961	
GCA_000181475.1	GCA_003254155.1	inter_genus	Gimesia	Psychrobacillus	390	5814	387	3219	8.6018		43.1455	
GCA_011008935.1	GCA_002727185.1	inter_genus	Tabrizicola	Rhodopirellula	400	3669	408	5729	8.5976	0.405585	42.9786	
GCA_000338295.1	GCA_041537905.1	inter_genus	Rhodopirellula	Ruegeria	436	5290	453	5052	8.5960		43.6029	
GCA_012972675.1	GCA_002727185.1	inter_genus	Pontixanthobacter	Rhodopirellula	336	2592	379	5729	8.5927		42.9765	
GCA_002727185.1	GCA_014651475.1	inter_genus	Rhodopirellula	Mesonia	397	5729	345	2913	8.5860	0.405585	43.1131	
GCA_001906925.1	GCA_002727185.1	inter_genus	Domibacillus	Rhodopirellula	378	3253	393	5729	8.5838		43.3621	
GCA_009827395.1	GCA_009901525.1	inter_genus	Pontixanthobacter	Kordia	315	2802	315	4542	8.5784		42.7897	
GCA_047302405.1	GCA_002727185.1	inter_genus	Alkalihalobacillus	Rhodopirellula	430	4348	434	5729	8.5740		42.8779	
GCA_000181475.1	GCA_006861795.1	inter_genus	Gimesia	Psychrobacillus	422	5814	452	4397	8.5594		42.9559	
GCA_001437435.1	GCA_001639725.1	inter_genus	Furfurilactobacillus	Marinomonas	234	1991	247	3637	8.5466	0.405585	43.1059	
GCA_042650985.1	GCA_034424525.1	inter_genus	Epilithonimonas	Sphingobium	360	3675	385	5046	8.5426		42.2772	
GCA_009828095.1	GCA_002727185.1	inter_genus	Pontixanthobacter	Rhodopirellula	339	2712	382	5729	8.5416		42.7704	
GCA_013328815.1	GCA_002727185.1	inter_genus	Tabrizicola	Rhodopirellula	433	4364	429	5729	8.5406		43.1107	
GCA_012972675.1	GCA_009901525.1	inter_genus	Pontixanthobacter	Kordia	301	2592	308	4542	8.5366		42.7133	
GCA_020734105.1	GCA_002727185.1	inter_genus	Alkalihalobacillus	Rhodopirellula	470	4783	426	5729	8.5236		43.1326	
GCA_009720525.1	GCA_006861795.1	inter_genus	Gimesia	Psychrobacillus	436	6104	459	4397	8.5230		42.9685	
GCA_009720525.1	GCA_011008935.1	inter_genus	Gimesia	Tabrizicola	423	6104	408	3669	8.5030		42.6055	
GCA_042654505.1	GCA_034424525.1	inter_genus	Epilithonimonas	Sphingobium	351	3479	373	5046	8.4927		42.3808	
GCA_007754425.1	GCA_008973485.1	inter_genus	Gimesia	Psychrobacillus	406	5793	425	3996	8.4891		43.1347	
GCA_009720525.1	GCA_003254155.1	inter_genus	Gimesia	Psychrobacillus	401	6104	390	3219	8.4844		43.1696	
GCA_030065535.1	GCA_020966775.1	inter_genus	Microbacterium	Rhodopirellula	313	2753	324	4755	8.4843	0.405585	42.9019	
GCA_009720525.1	GCA_003574395.1	inter_genus	Gimesia	Tabrizicola	420	6104	402	3587	8.4821		42.7403	
GCA_002727185.1	GCA_041537905.1	inter_genus	Rhodopirellula	Ruegeria	452	5729	460	5052	8.4593		43.4713	
GCA_000756655.1	GCA_001437435.1	inter_genus	Alcanivorax	Furfurilactobacillus	216	3273	229	1991	8.4536	0.405585	43.5323	
GCA_009828095.1	GCA_001005315.1	inter_genus	Pontixanthobacter	Kordia	315	2712	311	4694	8.4526		43.1337	
GCA_009827395.1	GCA_000196115.1	inter_genus	Pontixanthobacter	Rhodopirellula	320	2802	349	5115	8.4502		42.9038	
GCA_042654505.1	GCA_003574395.1	inter_genus	Epilithonimonas	Tabrizicola	295	3479	302	3587	8.4489		42.6398	
GCA_006861795.1	GCA_000196115.1	inter_genus	Psychrobacillus	Rhodopirellula	414	4397	388	5115	8.4315		43.0793	
GCA_012972675.1	GCA_001437435.1	inter_genus	Pontixanthobacter	Furfurilactobacillus	189	2592	197	1991	8.4224		42.4619	
GCA_009720525.1	GCA_015999335.1	inter_genus	Gimesia	Tabrizicola	431	6104	460	4484	8.4152		42.4892	
GCA_000181475.1	GCA_011008935.1	inter_genus	Gimesia	Tabrizicola	398	5814	400	3669	8.4151		42.4658	
GCA_012972675.1	GCA_001005315.1	inter_genus	Pontixanthobacter	Kordia	305	2592	307	4694	8.3997		42.9432	
GCA_900142325.1	GCA_034424525.1	inter_genus	Epilithonimonas	Sphingobium	345	3312	356	5046	8.3872		42.6096	
GCA_900142325.1	GCA_011008935.1	inter_genus	Epilithonimonas	Tabrizicola	285	3312	300	3669	8.3799		42.6403	
GCA_009720525.1	GCA_008973485.1	inter_genus	Gimesia	Psychrobacillus	422	6104	424	3996	8.3762		42.9261	
GCA_042654505.1	GCA_011008935.1	inter_genus	Epilithonimonas	Tabrizicola	299	3479	299	3669	8.3660		42.4318	
GCA_014651475.1	GCA_041537905.1	inter_genus	Mesonia	Ruegeria	314	2913	352	5052	8.3616		43.4248	
GCA_009827455.1	GCA_002727185.1	inter_genus	Pontixanthobacter	Rhodopirellula	336	2704	368	5729	8.3482		42.9784	
GCA_007748195.1	GCA_011008935.1	inter_genus	Gimesia	Tabrizicola	376	5591	396	3669	8.3369	0.405585	42.3572	
GCA_000292245.2	GCA_002727185.1	inter_genus	Alkalihalobacillus	Rhodopirellula	406	4124	415	5729	8.3325		42.9070	
GCA_000154725.1	GCA_900636385.1	inter_genus	Kordia	Staphylococcus	267	4294	277	2236	8.3308		43.4233	
GCA_009827395.1	GCA_000338295.1	inter_genus	Pontixanthobacter	Rhodopirellula	321	2802	351	5290	8.3045	0.405585	42.9217	
GCA_009720525.1	GCA_013328815.1	inter_genus	Gimesia	Tabrizicola	431	6104	437	4364	8.2919	0.405585	42.4376	
GCA_007754425.1	GCA_009828095.1	inter_genus	Gimesia	Pontixanthobacter	367	5793	336	2712	8.2657		43.3965	
GCA_000181475.1	GCA_009828095.1	inter_genus	Gimesia	Pontixanthobacter	368	5814	336	2712	8.2571		43.2142	
GCA_009601165.1	GCA_001437435.1	inter_genus	Alcanivorax	Furfurilactobacillus	221	3399	224	1991	8.2560	0.405585	43.8427	
GCA_003574395.1	GCA_001437435.1	inter_genus	Tabrizicola	Furfurilactobacillus	242	3587	218	1991	8.2467		43.0194	
GCA_003254155.1	GCA_002727185.1	inter_genus	Psychrobacillus	Rhodopirellula	360	3219	377	5729	8.2365		43.4270	
GCA_000181475.1	GCA_034424525.1	inter_genus	Gimesia	Sphingobium	446	5814	448	5046	8.2320		42.9494	
GCA_009827395.1	GCA_001005315.1	inter_genus	Pontixanthobacter	Kordia	313	2802	304	4694	8.2311		42.8251	
GCA_006861795.1	GCA_000338295.1	inter_genus	Psychrobacillus	Rhodopirellula	413	4397	382	5290	8.2069		43.1117	
GCA_025960885.1	GCA_020966775.1	inter_genus	Microbacterium	Rhodopirellula	342	3572	341	4755	8.2022	0.405585	42.4519	
GCA_009720525.1	GCA_041537905.1	inter_genus	Gimesia	Ruegeria	445	6104	470	5052	8.2019		42.9334	
GCA_042654505.1	GCA_015999335.1	inter_genus	Epilithonimonas	Tabrizicola	312	3479	341	4484	8.2004		42.8644	
GCA_007754425.1	GCA_003574395.1	inter_genus	Gimesia	Tabrizicola	390	5793	378	3587	8.1876		42.5361	
GCA_007748195.1	GCA_009827455.1	inter_genus	Gimesia	Pontixanthobacter	354	5591	325	2704	8.1857		43.2626	
GCA_000181475.1	GCA_013328815.1	inter_genus	Gimesia	Tabrizicola	415	5814	418	4364	8.1843	0.405585	42.5306	
GCA_000181475.1	GCA_003574395.1	inter_genus	Gimesia	Tabrizicola	387	5814	382	3587	8.1800		42.5051	
GCA_004365655.1	GCA_011008935.1	inter_genus	Epilithonimonas	Tabrizicola	275	3195	286	3669	8.1731		42.6432	
GCA_007748195.1	GCA_003574395.1	inter_genus	Gimesia	Tabrizicola	375	5591	375	3587	8.1717		42.6214	
GCA_009720525.1	GCA_034424525.1	inter_genus	Gimesia	Sphingobium	466	6104	445	5046	8.1704		42.7669	
GCA_000181475.1	GCA_009827455.1	inter_genus	Gimesia	Pontixanthobacter	363	5814	332	2704	8.1592		43.2745	
GCA_007754425.1	GCA_011008935.1	inter_genus	Gimesia	Tabrizicola	379	5793	393	3669	8.1590		42.4791	
GCA_043944905.1	GCA_900636385.1	inter_genus	Antrihabitans	Staphylococcus	348	6008	324	2236	8.1514		43.9556	
GCA_007748195.1	GCA_041537905.1	inter_genus	Gimesia	Ruegeria	417	5591	450	5052	8.1462		42.8258	
GCA_900636385.1	GCA_034424525.1	inter_genus	Staphylococcus	Sphingobium	291	2236	302	5046	8.1434		42.8286	
GCA_000181475.1	GCA_009827395.1	inter_genus	Gimesia	Pontixanthobacter	371	5814	330	2802	8.1360		43.1276	
GCA_011008935.1	GCA_001437435.1	inter_genus	Tabrizicola	Furfurilactobacillus	241	3669	219	1991	8.1272		42.7592	
GCA_000181475.1	GCA_019334345.1	inter_genus	Gimesia	Neohoeflea	388	5814	378	3629	8.1118		42.2739	
GCA_042650985.1	GCA_003574395.1	inter_genus	Epilithonimonas	Tabrizicola	291	3675	298	3587	8.1107		42.6217	
GCA_030065535.1	GCA_000196115.1	inter_genus	Microbacterium	Rhodopirellula	311	2753	327	5115	8.1088	0.405585	42.9267	
GCA_000181475.1	GCA_015999335.1	inter_genus	Gimesia	Tabrizicola	404	5814	431	4484	8.1084		42.1653	
GCA_900142325.1	GCA_003574395.1	inter_genus	Epilithonimonas	Tabrizicola	281	3312	278	3587	8.1026		42.6412	
GCA_000181475.1	GCA_041537905.1	inter_genus	Gimesia	Ruegeria	428	5814	452	5052	8.0987		42.8790	
GCA_007754425.1	GCA_013328815.1	inter_genus	Gimesia	Tabrizicola	400	5793	422	4364	8.0929		42.2913	
GCA_009827395.1	GCA_002727185.1	inter_genus	Pontixanthobacter	Rhodopirellula	327	2802	362	5729	8.0764	0.405585	42.9286	
GCA_007754425.1	GCA_015999335.1	inter_genus	Gimesia	Tabrizicola	389	5793	440	4484	8.0666		42.3466	
GCA_009720525.1	GCA_014651475.1	inter_genus	Gimesia	Mesonia	383	6104	344	2913	8.0625	0.405585	43.6896	
GCA_008973485.1	GCA_000196115.1	inter_genus	Psychrobacillus	Rhodopirellula	372	3996	362	5115	8.0562		42.9905	
GCA_009720525.1	GCA_019334345.1	inter_genus	Gimesia	Neohoeflea	405	6104	379	3629	8.0551		42.5194	
GCA_003597125.1	GCA_001437435.1	inter_genus	Alcanivorax	Furfurilactobacillus	218	3435	219	1991	8.0538	0.405585	44.1003	
GCA_007754425.1	GCA_009827455.1	inter_genus	Gimesia	Pontixanthobacter	355	5793	329	2704	8.0499		43.2103	
GCA_025960885.1	GCA_014651475.1	inter_genus	Microbacterium	Mesonia	269	3572	253	2913	8.0493	0.405585	42.3085	
GCA_000181475.1	GCA_014651475.1	inter_genus	Gimesia	Mesonia	361	5814	341	2913	8.0440	0.405585	43.4060	
GCA_007754425.1	GCA_014651475.1	inter_genus	Gimesia	Mesonia	361	5793	339	2913	8.0404	0.405585	43.3374	
GCA_020966775.1	GCA_900100925.1	inter_genus	Rhodopirellula	Actinopolyspora	362	4755	345	4041	8.0377		42.6286	
GCA_003574395.1	GCA_003054265.1	inter_genus	Tabrizicola	Kordia	318	3587	292	4003	8.0369		43.5990	
GCA_008297975.1	GCA_001437435.1	inter_genus	Antrihabitans	Furfurilactobacillus	297	5303	289	1991	8.0340		43.1748	
GCA_008973485.1	GCA_000338295.1	inter_genus	Psychrobacillus	Rhodopirellula	376	3996	370	5290	8.0336		43.0743	
GCA_006861795.1	GCA_002727185.1	inter_genus	Psychrobacillus	Rhodopirellula	418	4397	395	5729	8.0288		42.9249	
GCA_009827455.1	GCA_001437435.1	inter_genus	Pontixanthobacter	Furfurilactobacillus	182	2704	194	1991	8.0085		42.5004	
GCA_042654505.1	GCA_013328815.1	inter_genus	Epilithonimonas	Tabrizicola	311	3479	316	4364	7.9944		42.6139	
GCA_007754425.1	GCA_009827395.1	inter_genus	Gimesia	Pontixanthobacter	360	5793	327	2802	7.9930		43.3675	
GCA_004365655.1	GCA_034424525.1	inter_genus	Epilithonimonas	Sphingobium	319	3195	339	5046	7.9845		42.1857	
GCA_030065535.1	GCA_000338295.1	inter_genus	Microbacterium	Rhodopirellula	316	2753	326	5290	7.9821	0.405585	42.7549	
GCA_003054265.1	GCA_014212135.1	inter_genus	Kordia	Cohnella	364	4003	436	6030	7.9737		43.7137	
GCA_043556415.1	GCA_014651475.1	inter_genus	Microbacterium	Mesonia	232	2715	216	2913	7.9602	0.405585	42.2302	
GCA_900142325.1	GCA_013328815.1	inter_genus	Epilithonimonas	Tabrizicola	295	3312	316	4364	7.9599		42.7705	
GCA_016481275.1	GCA_900636385.1	inter_genus	Antrihabitans	Staphylococcus	335	5994	320	2236	7.9587	0.372583	43.4771	
GCA_007748195.1	GCA_013328815.1	inter_genus	Gimesia	Tabrizicola	377	5591	415	4364	7.9558		42.7685	
GCA_042650985.1	GCA_015999335.1	inter_genus	Epilithonimonas	Tabrizicola	311	3675	338	4484	7.9544		42.8462	
GCA_009828095.1	GCA_001437435.1	inter_genus	Pontixanthobacter	Furfurilactobacillus	181	2712	193	1991	7.9524		42.7657	
GCA_000181475.1	GCA_012972675.1	inter_genus	Gimesia	Pontixanthobacter	351	5814	317	2592	7.9467		42.8893	
GCA_042650985.1	GCA_011008935.1	inter_genus	Epilithonimonas	Tabrizicola	285	3675	297	3669	7.9248		42.5005	
GCA_007754425.1	GCA_041537905.1	inter_genus	Gimesia	Ruegeria	411	5793	448	5052	7.9207		42.6059	
GCA_000181475.1	GCA_900100925.1	inter_genus	Gimesia	Actinopolyspora	396	5814	384	4041	7.9148		42.3562	
GCA_009901525.1	GCA_900636385.1	inter_genus	Kordia	Staphylococcus	261	4542	275	2236	7.9079		42.9452	
GCA_900100925.1	GCA_001437435.1	inter_genus	Actinopolyspora	Furfurilactobacillus	238	4041	239	1991	7.9078		42.7750	
GCA_013409785.1	GCA_020966775.1	inter_genus	Microbacterium	Rhodopirellula	335	3554	322	4755	7.9071	0.405585	42.6906	
GCA_007748195.1	GCA_019334345.1	inter_genus	Gimesia	Neohoeflea	367	5591	362	3629	7.9067		42.1034	
GCA_009720525.1	GCA_009828095.1	inter_genus	Gimesia	Pontixanthobacter	366	6104	331	2712	7.9061		43.1142	
GCA_900142325.1	GCA_015999335.1	inter_genus	Epilithonimonas	Tabrizicola	294	3312	322	4484	7.9015		43.0938	
GCA_007748195.1	GCA_009827395.1	inter_genus	Gimesia	Pontixanthobacter	348	5591	315	2802	7.8994		43.3441	
GCA_025960885.1	GCA_000338295.1	inter_genus	Microbacterium	Rhodopirellula	353	3572	347	5290	7.8989	0.405585	42.5547	
GCA_009720525.1	GCA_900100925.1	inter_genus	Gimesia	Actinopolyspora	405	6104	396	4041	7.8955		42.6538	
GCA_007754425.1	GCA_012972675.1	inter_genus	Gimesia	Pontixanthobacter	345	5793	317	2592	7.8951		42.9664	
GCA_007754425.1	GCA_900100925.1	inter_genus	Gimesia	Actinopolyspora	392	5793	384	4041	7.8910		42.5812	
GCA_013409785.1	GCA_000196115.1	inter_genus	Microbacterium	Rhodopirellula	350	3554	334	5115	7.8902	0.405585	42.7975	
GCA_012932915.1	GCA_900636385.1	inter_genus	Antrihabitans	Staphylococcus	354	6310	320	2236	7.8867		43.5168	
GCA_007754425.1	GCA_019334345.1	inter_genus	Gimesia	Neohoeflea	375	5793	368	3629	7.8858		42.3443	
GCA_020966775.1	GCA_008704535.1	inter_genus	Rhodopirellula	Streptomyces	423	4755	469	6558	7.8847		43.1977	
GCA_007748195.1	GCA_014651475.1	inter_genus	Gimesia	Mesonia	347	5591	323	2913	7.8786	0.405585	43.3456	
GCA_030065535.1	GCA_002727185.1	inter_genus	Microbacterium	Rhodopirellula	323	2753	345	5729	7.8755	0.405585	42.9236	
GCA_000154725.1	GCA_000196115.1	inter_genus	Kordia	Rhodopirellula	362	4294	379	5115	7.8754	0.405585	42.7233	
GCA_007748195.1	GCA_015999335.1	inter_genus	Gimesia	Tabrizicola	375	5591	418	4484	7.8710		42.5668	
GCA_013409785.1	GCA_014651475.1	inter_genus	Microbacterium	Mesonia	268	3554	241	2913	7.8707	0.405585	41.7955	
GCA_000196115.1	GCA_900100925.1	inter_genus	Rhodopirellula	Actinopolyspora	363	5115	357	4041	7.8637		42.3932	
GCA_007748195.1	GCA_900100925.1	inter_genus	Gimesia	Actinopolyspora	382	5591	375	4041	7.8592		42.3587	
GCA_009827395.1	GCA_001437435.1	inter_genus	Pontixanthobacter	Furfurilactobacillus	182	2802	194	1991	7.8448		42.8096	
GCA_007754425.1	GCA_034424525.1	inter_genus	Gimesia	Sphingobium	428	5793	422	5046	7.8421		42.5938	
GCA_025960885.1	GCA_000196115.1	inter_genus	Microbacterium	Rhodopirellula	340	3572	341	5115	7.8393	0.405585	42.6767	
GCA_000338295.1	GCA_900100925.1	inter_genus	Rhodopirellula	Actinopolyspora	371	5290	360	4041	7.8341		42.7377	
GCA_015999335.1	GCA_001437435.1	inter_genus	Tabrizicola	Furfurilactobacillus	274	4484	233	1991	7.8301		42.8883	
GCA_009720525.1	GCA_012972675.1	inter_genus	Gimesia	Pontixanthobacter	362	6104	318	2592	7.8197		42.8353	
GCA_008973485.1	GCA_002727185.1	inter_genus	Psychrobacillus	Rhodopirellula	380	3996	380	5729	7.8149		43.1315	
GCA_004365655.1	GCA_003574395.1	inter_genus	Epilithonimonas	Tabrizicola	263	3195	267	3587	7.8148		42.5779	
GCA_001005315.1	GCA_900636385.1	inter_genus	Kordia	Staphylococcus	266	4694	275	2236	7.8066	0.405585	43.1588	
GCA_007748195.1	GCA_012972675.1	inter_genus	Gimesia	Pontixanthobacter	336	5591	302	2592	7.7967		42.9409	
GCA_900142325.1	GCA_019334345.1	inter_genus	Epilithonimonas	Neohoeflea	267	3312	274	3629	7.7943		42.3730	
GCA_042654505.1	GCA_019334345.1	inter_genus	Epilithonimonas	Neohoeflea	275	3479	279	3629	7.7940		42.6125	
GCA_009720525.1	GCA_009827455.1	inter_genus	Gimesia	Pontixanthobacter	360	6104	326	2704	7.7884		43.1238	
GCA_043556415.1	GCA_020966775.1	inter_genus	Microbacterium	Rhodopirellula	286	2715	295	4755	7.7778	0.405585	42.5106	
GCA_009720525.1	GCA_009827395.1	inter_genus	Gimesia	Pontixanthobacter	366	6104	326	2802	7.7700		43.4913	
GCA_007748195.1	GCA_009828095.1	inter_genus	Gimesia	Pontixanthobacter	338	5591	307	2712	7.7683		43.4641	
GCA_000196115.1	GCA_008704535.1	inter_genus	Rhodopirellula	Streptomyces	431	5115	474	6558	7.7529		43.0168	
GCA_001437435.1	GCA_019334345.1	inter_genus	Furfurilactobacillus	Neohoeflea	216	1991	219	3629	7.7402		42.6599	
GCA_020966775.1	GCA_900636385.1	inter_genus	Rhodopirellula	Staphylococcus	274	4755	267	2236	7.7385		42.8528	
GCA_000154725.1	GCA_020966775.1	inter_genus	Kordia	Rhodopirellula	344	4294	356	4755	7.7357	0.405585	42.6720	
GCA_003574395.1	GCA_000154725.1	inter_genus	Tabrizicola	Kordia	315	3587	294	4294	7.7274		43.2279	
GCA_004365655.1	GCA_015999335.1	inter_genus	Epilithonimonas	Tabrizicola	279	3195	314	4484	7.7224		43.1183	
GCA_011008935.1	GCA_003054265.1	inter_genus	Tabrizicola	Kordia	310	3669	281	4003	7.7033		43.6395	
GCA_003054265.1	GCA_020966775.1	inter_genus	Kordia	Rhodopirellula	328	4003	346	4755	7.6958	0.405585	42.9727	
GCA_000181475.1	GCA_008704535.1	inter_genus	Gimesia	Streptomyces	452	5814	495	6558	7.6544		42.9646	
GCA_000154725.1	GCA_014212135.1	inter_genus	Kordia	Cohnella	362	4294	428	6030	7.6521		43.4462	
GCA_900142325.1	GCA_041537905.1	inter_genus	Epilithonimonas	Ruegeria	312	3312	328	5052	7.6518		43.2613	
GCA_042650985.1	GCA_019334345.1	inter_genus	Epilithonimonas	Neohoeflea	275	3675	283	3629	7.6396		42.5668	
GCA_000154725.1	GCA_000338295.1	inter_genus	Kordia	Rhodopirellula	359	4294	373	5290	7.6377	0.372583	42.8184	
GCA_003054265.1	GCA_019334345.1	inter_genus	Kordia	Neohoeflea	280	4003	302	3629	7.6258		43.3740	
GCA_000338295.1	GCA_008704535.1	inter_genus	Rhodopirellula	Streptomyces	435	5290	467	6558	7.6131		43.2845	
GCA_900100925.1	GCA_014651475.1	inter_genus	Actinopolyspora	Mesonia	269	4041	260	2913	7.6071		42.1895	
GCA_003054265.1	GCA_000196115.1	inter_genus	Kordia	Rhodopirellula	334	4003	359	5115	7.6004	0.405585	42.8100	
GCA_042650985.1	GCA_013328815.1	inter_genus	Epilithonimonas	Tabrizicola	298	3675	312	4364	7.5880		42.6680	
GCA_007748195.1	GCA_000154725.1	inter_genus	Gimesia	Kordia	389	5591	361	4294	7.5873	0.405585	43.1092	
GCA_014651475.1	GCA_001437435.1	inter_genus	Mesonia	Furfurilactobacillus	179	2913	193	1991	7.5856	0.405585	42.4981	
GCA_042654505.1	GCA_041537905.1	inter_genus	Epilithonimonas	Ruegeria	315	3479	332	5052	7.5841		43.0646	
GCA_013409785.1	GCA_000338295.1	inter_genus	Microbacterium	Rhodopirellula	340	3554	330	5290	7.5758	0.405585	43.0140	
GCA_007748195.1	GCA_003054265.1	inter_genus	Gimesia	Kordia	380	5591	346	4003	7.5672	0.405585	42.9442	
GCA_009901525.1	GCA_000338295.1	inter_genus	Kordia	Rhodopirellula	360	4542	384	5290	7.5671	0.405585	42.5088	
GCA_004365655.1	GCA_019334345.1	inter_genus	Epilithonimonas	Neohoeflea	252	3195	264	3629	7.5615		42.5364	
GCA_002727185.1	GCA_008704535.1	inter_genus	Rhodopirellula	Streptomyces	448	5729	481	6558	7.5608		43.2196	
GCA_025960885.1	GCA_002727185.1	inter_genus	Microbacterium	Rhodopirellula	349	3572	352	5729	7.5368	0.405585	42.3761	
GCA_003054265.1	GCA_000338295.1	inter_genus	Kordia	Rhodopirellula	336	4003	364	5290	7.5326	0.372583	42.8046	
GCA_000181475.1	GCA_000154725.1	inter_genus	Gimesia	Kordia	398	5814	362	4294	7.5188	0.405585	42.9140	
GCA_003574395.1	GCA_009901525.1	inter_genus	Tabrizicola	Kordia	317	3587	294	4542	7.5163		43.0983	
GCA_011008935.1	GCA_009901525.1	inter_genus	Tabrizicola	Kordia	324	3669	293	4542	7.5143		43.0805	
GCA_009720525.1	GCA_008704535.1	inter_genus	Gimesia	Streptomyces	463	6104	487	6558	7.5028		43.1300	
GCA_000154725.1	GCA_019334345.1	inter_genus	Kordia	Neohoeflea	284	4294	310	3629	7.4972		43.0278	
GCA_042654505.1	GCA_020966775.1	inter_genus	Epilithonimonas	Rhodopirellula	306	3479	311	4755	7.4933	0.405585	42.5147	
GCA_004365655.1	GCA_013328815.1	inter_genus	Epilithonimonas	Tabrizicola	274	3195	292	4364	7.4878		42.7445	
GCA_043556415.1	GCA_000196115.1	inter_genus	Microbacterium	Rhodopirellula	289	2715	297	5115	7.4840	0.405585	42.5402	
GCA_003054265.1	GCA_034424525.1	inter_genus	Kordia	Sphingobium	321	4003	356	5046	7.4815		42.9286	
GCA_009901525.1	GCA_000196115.1	inter_genus	Kordia	Rhodopirellula	350	4542	372	5115	7.4764	0.405585	42.5440	
GCA_013328815.1	GCA_003054265.1	inter_genus	Tabrizicola	Kordia	331	4364	294	4003	7.4698		43.6285	
GCA_008704535.1	GCA_001437435.1	inter_genus	Streptomyces	Furfurilactobacillus	347	6558	291	1991	7.4629		43.6871	
GCA_042650985.1	GCA_020966775.1	inter_genus	Epilithonimonas	Rhodopirellula	314	3675	315	4755	7.4614	0.372583	42.5467	
GCA_009901525.1	GCA_019334345.1	inter_genus	Kordia	Neohoeflea	295	4542	314	3629	7.4532		42.8096	
GCA_007754425.1	GCA_003054265.1	inter_genus	Gimesia	Kordia	379	5793	351	4003	7.4520	0.405585	42.7463	
GCA_002727185.1	GCA_900100925.1	inter_genus	Rhodopirellula	Actinopolyspora	371	5729	357	4041	7.4514	0.405585	42.8479	
GCA_001005315.1	GCA_014212135.1	inter_genus	Kordia	Cohnella	365	4694	434	6030	7.4506		43.3385	
GCA_000154725.1	GCA_041537905.1	inter_genus	Kordia	Ruegeria	330	4294	366	5052	7.4470		43.7090	
GCA_000181475.1	GCA_001005315.1	inter_genus	Gimesia	Kordia	405	5814	377	4694	7.4419	0.405585	43.0333	
GCA_007748195.1	GCA_034424525.1	inter_genus	Gimesia	Sphingobium	394	5591	397	5046	7.4363		42.5425	
GCA_009901525.1	GCA_014212135.1	inter_genus	Kordia	Cohnella	360	4542	426	6030	7.4347		43.1507	
GCA_009720525.1	GCA_030065535.1	inter_genus	Gimesia	Microbacterium	334	6104	324	2753	7.4292	0.405585	42.4976	
GCA_011008935.1	GCA_000154725.1	inter_genus	Tabrizicola	Kordia	310	3669	281	4294	7.4218		43.4936	
GCA_003054265.1	GCA_041537905.1	inter_genus	Kordia	Ruegeria	316	4003	356	5052	7.4213		43.5658	
GCA_001005315.1	GCA_020966775.1	inter_genus	Kordia	Rhodopirellula	346	4694	354	4755	7.4082	0.405585	42.9024	
GCA_003574395.1	GCA_001005315.1	inter_genus	Tabrizicola	Kordia	318	3587	295	4694	7.4025		43.3534	
GCA_013409785.1	GCA_002727185.1	inter_genus	Microbacterium	Rhodopirellula	343	3554	344	5729	7.4006	0.405585	42.7569	
GCA_008297975.1	GCA_020966775.1	inter_genus	Antrihabitans	Rhodopirellula	378	5303	366	4755	7.3971		42.8314	
GCA_007754425.1	GCA_000154725.1	inter_genus	Gimesia	Kordia	388	5793	358	4294	7.3957	0.405585	42.8145	
GCA_900142325.1	GCA_001437435.1	inter_genus	Epilithonimonas	Furfurilactobacillus	191	3312	201	1991	7.3920		42.5388	
GCA_013328815.1	GCA_009901525.1	inter_genus	Tabrizicola	Kordia	353	4364	305	4542	7.3883		43.4200	
GCA_000154725.1	GCA_002727185.1	inter_genus	Kordia	Rhodopirellula	358	4294	382	5729	7.3830	0.405585	42.6326	
GCA_000181475.1	GCA_003054265.1	inter_genus	Gimesia	Kordia	376	5814	346	4003	7.3546	0.405585	42.8677	
GCA_015999335.1	GCA_003054265.1	inter_genus	Tabrizicola	Kordia	333	4484	291	4003	7.3524		43.8312	
GCA_009901525.1	GCA_020966775.1	inter_genus	Kordia	Rhodopirellula	332	4542	350	4755	7.3357	0.405585	42.7582	
GCA_007754425.1	GCA_008704535.1	inter_genus	Gimesia	Streptomyces	434	5793	472	6558	7.3354		42.8478	
GCA_000181475.1	GCA_030065535.1	inter_genus	Gimesia	Microbacterium	315	5814	313	2753	7.3305	0.405585	42.6164	
GCA_001005315.1	GCA_000196115.1	inter_genus	Kordia	Rhodopirellula	351	4694	368	5115	7.3300	0.405585	42.5642	
GCA_007748195.1	GCA_008704535.1	inter_genus	Gimesia	Streptomyces	421	5591	469	6558	7.3257		42.7581	
GCA_000154725.1	GCA_034424525.1	inter_genus	Kordia	Sphingobium	330	4294	354	5046	7.3233		42.9162	
GCA_013328815.1	GCA_000154725.1	inter_genus	Tabrizicola	Kordia	334	4364	300	4294	7.3227		43.5810	
GCA_013328815.1	GCA_001437435.1	inter_genus	Tabrizicola	Furfurilactobacillus	252	4364	213	1991	7.3171		43.0049	
GCA_003054265.1	GCA_002727185.1	inter_genus	Kordia	Rhodopirellula	334	4003	378	5729	7.3161	0.405585	42.7481	
GCA_007748195.1	GCA_001005315.1	inter_genus	Gimesia	Kordia	387	5591	364	4694	7.3019	0.405585	42.5794	
GCA_042654505.1	GCA_030065535.1	inter_genus	Epilithonimonas	Microbacterium	223	3479	232	2753	7.3010	0.405585	42.0979	
GCA_009720525.1	GCA_013409785.1	inter_genus	Gimesia	Microbacterium	350	6104	354	3554	7.2893	0.405585	42.6339	
GCA_042650985.1	GCA_041537905.1	inter_genus	Epilithonimonas	Ruegeria	308	3675	327	5052	7.2763		43.1740	
GCA_007754425.1	GCA_001005315.1	inter_genus	Gimesia	Kordia	392	5793	370	4694	7.2661	0.405585	43.0196	
GCA_043556415.1	GCA_000338295.1	inter_genus	Microbacterium	Rhodopirellula	285	2715	296	5290	7.2580	0.405585	42.4182	
GCA_016481275.1	GCA_020966775.1	inter_genus	Antrihabitans	Rhodopirellula	408	5994	372	4755	7.2565	0.405585	42.8462	
GCA_009901525.1	GCA_002727185.1	inter_genus	Kordia	Rhodopirellula	354	4542	391	5729	7.2534	0.405585	42.3486	
GCA_001005315.1	GCA_000338295.1	inter_genus	Kordia	Rhodopirellula	355	4694	369	5290	7.2516	0.405585	42.6300	
GCA_007748195.1	GCA_030065535.1	inter_genus	Gimesia	Microbacterium	299	5591	306	2753	7.2507	0.405585	42.2979	
GCA_000196115.1	GCA_900636385.1	inter_genus	Rhodopirellula	Staphylococcus	271	5115	262	2236	7.2507		42.6424	
GCA_008297975.1	GCA_000196115.1	inter_genus	Antrihabitans	Rhodopirellula	387	5303	367	5115	7.2375		42.7984	
GCA_900142325.1	GCA_000196115.1	inter_genus	Epilithonimonas	Rhodopirellula	298	3312	311	5115	7.2268	0.405585	42.2571	
GCA_000181475.1	GCA_025960885.1	inter_genus	Gimesia	Microbacterium	339	5814	339	3572	7.2235	0.405585	42.3510	
GCA_007754425.1	GCA_030065535.1	inter_genus	Gimesia	Microbacterium	309	5793	308	2753	7.2198	0.405585	42.4134	
GCA_900142325.1	GCA_020966775.1	inter_genus	Epilithonimonas	Rhodopirellula	290	3312	291	4755	7.2022	0.405585	42.7228	
GCA_015999335.1	GCA_009901525.1	inter_genus	Tabrizicola	Kordia	354	4484	296	4542	7.2014		43.6616	
GCA_007748195.1	GCA_900636385.1	inter_genus	Gimesia	Staphylococcus	281	5591	282	2236	7.1930		42.7320	
GCA_001005315.1	GCA_019334345.1	inter_genus	Kordia	Neohoeflea	284	4694	314	3629	7.1849		43.2901	
GCA_016481275.1	GCA_000196115.1	inter_genus	Antrihabitans	Rhodopirellula	413	5994	385	5115	7.1834		43.2041	
GCA_042650985.1	GCA_000196115.1	inter_genus	Epilithonimonas	Rhodopirellula	309	3675	322	5115	7.1786	0.405585	42.0661	
GCA_043944905.1	GCA_009720525.1	inter_genus	Antrihabitans	Gimesia	447	6008	422	6104	7.1747		42.6645	
GCA_008297975.1	GCA_000338295.1	inter_genus	Antrihabitans	Rhodopirellula	386	5303	374	5290	7.1745		42.7645	
GCA_004365655.1	GCA_001437435.1	inter_genus	Epilithonimonas	Furfurilactobacillus	181	3195	191	1991	7.1732		42.6165	
GCA_000181475.1	GCA_009901525.1	inter_genus	Gimesia	Kordia	385	5814	357	4542	7.1649	0.405585	42.6517	
GCA_012932915.1	GCA_020966775.1	inter_genus	Antrihabitans	Rhodopirellula	406	6310	386	4755	7.1577		43.7262	
GCA_042654505.1	GCA_000196115.1	inter_genus	Epilithonimonas	Rhodopirellula	307	3479	308	5115	7.1562	0.405585	42.3782	
GCA_015999335.1	GCA_000154725.1	inter_genus	Tabrizicola	Kordia	336	4484	292	4294	7.1542		43.5739	
GCA_007754425.1	GCA_009901525.1	inter_genus	Gimesia	Kordia	378	5793	361	4542	7.1505	0.405585	42.3360	
GCA_009720525.1	GCA_009901525.1	inter_genus	Gimesia	Kordia	400	6104	361	4542	7.1482	0.405585	42.8382	
GCA_009720525.1	GCA_000154725.1	inter_genus	Gimesia	Kordia	390	6104	353	4294	7.1456	0.405585	42.8637	
GCA_000181475.1	GCA_013409785.1	inter_genus	Gimesia	Microbacterium	329	5814	340	3554	7.1413	0.405585	42.3812	
GCA_043944905.1	GCA_000181475.1	inter_genus	Antrihabitans	Gimesia	438	6008	406	5814	7.1392		42.6430	
GCA_043944905.1	GCA_000196115.1	inter_genus	Antrihabitans	Rhodopirellula	414	6008	380	5115	7.1384		42.9837	
GCA_000338295.1	GCA_900636385.1	inter_genus	Rhodopirellula	Staphylococcus	274	5290	263	2236	7.1353		42.9174	
GCA_043944905.1	GCA_000338295.1	inter_genus	Antrihabitans	Rhodopirellula	413	6008	393	5290	7.1340		43.4399	
GCA_011008935.1	GCA_001005315.1	inter_genus	Tabrizicola	Kordia	312	3669	284	4694	7.1266		43.4874	
GCA_009720525.1	GCA_003054265.1	inter_genus	Gimesia	Kordia	382	6104	338	4003	7.1238	0.405585	42.9290	
GCA_043944905.1	GCA_020966775.1	inter_genus	Antrihabitans	Rhodopirellula	402	6008	364	4755	7.1170		43.0098	
GCA_043944905.1	GCA_007754425.1	inter_genus	Antrihabitans	Gimesia	441	6008	398	5793	7.1096		42.6665	
GCA_004365655.1	GCA_020966775.1	inter_genus	Epilithonimonas	Rhodopirellula	274	3195	291	4755	7.1069	0.405585	42.2800	
GCA_008297975.1	GCA_002727185.1	inter_genus	Antrihabitans	Rhodopirellula	393	5303	391	5729	7.1066		42.7846	
GCA_042650985.1	GCA_025960885.1	inter_genus	Epilithonimonas	Microbacterium	249	3675	266	3572	7.1064	0.405585	42.1499	
GCA_004365655.1	GCA_041537905.1	inter_genus	Epilithonimonas	Ruegeria	286	3195	300	5052	7.1056		43.1854	
GCA_042654505.1	GCA_900100925.1	inter_genus	Epilithonimonas	Actinopolyspora	268	3479	266	4041	7.1011		41.8397	
GCA_016481275.1	GCA_000181475.1	inter_genus	Antrihabitans	Gimesia	440	5994	398	5814	7.0969		42.9168	
GCA_042650985.1	GCA_030065535.1	inter_genus	Epilithonimonas	Microbacterium	220	3675	236	2753	7.0940	0.405585	41.9805	
GCA_042654505.1	GCA_001437435.1	inter_genus	Epilithonimonas	Furfurilactobacillus	189	3479	199	1991	7.0932		42.7361	
GCA_043944905.1	GCA_001437435.1	inter_genus	Antrihabitans	Furfurilactobacillus	295	6008	272	1991	7.0884		43.6969	
GCA_009720525.1	GCA_001005315.1	inter_genus	Gimesia	Kordia	407	6104	357	4694	7.0754	0.372583	43.2233	
GCA_042654505.1	GCA_000338295.1	inter_genus	Epilithonimonas	Rhodopirellula	311	3479	309	5290	7.0704	0.405585	42.5039	
GCA_043944905.1	GCA_002727185.1	inter_genus	Antrihabitans	Rhodopirellula	426	6008	403	5729	7.0631	0.405585	43.0289	
GCA_000181475.1	GCA_900636385.1	inter_genus	Gimesia	Staphylococcus	291	5814	276	2236	7.0435		42.8671	
GCA_042654505.1	GCA_002727185.1	inter_genus	Epilithonimonas	Rhodopirellula	317	3479	331	5729	7.0374	0.405585	42.2474	
GCA_007748195.1	GCA_009901525.1	inter_genus	Gimesia	Kordia	364	5591	349	4542	7.0364	0.405585	42.4718	
GCA_008297975.1	GCA_009720525.1	inter_genus	Antrihabitans	Gimesia	406	5303	396	6104	7.0308		42.7580	
GCA_007754425.1	GCA_013409785.1	inter_genus	Gimesia	Microbacterium	328	5793	329	3554	7.0290	0.405585	42.5017	
GCA_000181475.1	GCA_043556415.1	inter_genus	Gimesia	Microbacterium	305	5814	294	2715	7.0231	0.405585	42.0728	
GCA_001005315.1	GCA_041537905.1	inter_genus	Kordia	Ruegeria	322	4694	361	5052	7.0080		43.2086	
GCA_043556415.1	GCA_002727185.1	inter_genus	Microbacterium	Rhodopirellula	284	2715	307	5729	6.9991	0.405585	42.3967	
GCA_042650985.1	GCA_900100925.1	inter_genus	Epilithonimonas	Actinopolyspora	268	3675	272	4041	6.9984		41.5980	
GCA_007748195.1	GCA_025960885.1	inter_genus	Gimesia	Microbacterium	322	5591	319	3572	6.9955	0.405585	42.2240	
GCA_042650985.1	GCA_000338295.1	inter_genus	Epilithonimonas	Rhodopirellula	309	3675	318	5290	6.9939	0.405585	42.2091	
GCA_012932915.1	GCA_000196115.1	inter_genus	Antrihabitans	Rhodopirellula	409	6310	390	5115	6.9934		43.6518	
GCA_900142325.1	GCA_030065535.1	inter_genus	Epilithonimonas	Microbacterium	208	3312	216	2753	6.9909	0.405585	42.2528	
GCA_900142325.1	GCA_000338295.1	inter_genus	Epilithonimonas	Rhodopirellula	295	3312	306	5290	6.9867	0.405585	42.5187	
GCA_001005315.1	GCA_002727185.1	inter_genus	Kordia	Rhodopirellula	351	4694	377	5729	6.9846	0.405585	42.4985	
GCA_004365655.1	GCA_000196115.1	inter_genus	Epilithonimonas	Rhodopirellula	277	3195	303	5115	6.9795	0.372583	42.0969	
GCA_008297975.1	GCA_000181475.1	inter_genus	Antrihabitans	Gimesia	396	5303	379	5814	6.9713	0.405585	42.7538	
GCA_009901525.1	GCA_034424525.1	inter_genus	Kordia	Sphingobium	322	4542	346	5046	6.9670		42.3387	
GCA_007748195.1	GCA_013409785.1	inter_genus	Gimesia	Microbacterium	311	5591	326	3554	6.9656	0.405585	42.2173	
GCA_042650985.1	GCA_001437435.1	inter_genus	Epilithonimonas	Furfurilactobacillus	193	3675	201	1991	6.9538		41.9877	
GCA_016481275.1	GCA_002727185.1	inter_genus	Antrihabitans	Rhodopirellula	418	5994	397	5729	6.9521	0.405585	42.9609	
GCA_016481275.1	GCA_000338295.1	inter_genus	Antrihabitans	Rhodopirellula	402	5994	382	5290	6.9479		43.1244	
GCA_009720525.1	GCA_025960885.1	inter_genus	Gimesia	Microbacterium	346	6104	326	3572	6.9450	0.405585	42.3887	
GCA_000181475.1	GCA_042650985.1	inter_genus	Gimesia	Epilithonimonas	335	5814	324	3675	6.9449	0.405585	42.1985	
GCA_015999335.1	GCA_001005315.1	inter_genus	Tabrizicola	Kordia	345	4484	292	4694	6.9405		43.8662	
GCA_042654505.1	GCA_013409785.1	inter_genus	Epilithonimonas	Microbacterium	236	3479	252	3554	6.9387	0.405585	42.0867	
GCA_042654505.1	GCA_025960885.1	inter_genus	Epilithonimonas	Microbacterium	236	3479	253	3572	6.9352	0.405585	42.1283	
GCA_900142325.1	GCA_002727185.1	inter_genus	Epilithonimonas	Rhodopirellula	302	3312	325	5729	6.9351	0.405585	42.3044	
GCA_042654505.1	GCA_043556415.1	inter_genus	Epilithonimonas	Microbacterium	210	3479	219	2715	6.9261	0.405585	41.8704	
GCA_016481275.1	GCA_007754425.1	inter_genus	Antrihabitans	Gimesia	421	5994	394	5793	6.9144		42.9570	
GCA_008297975.1	GCA_007754425.1	inter_genus	Antrihabitans	Gimesia	390	5303	376	5793	6.9034	0.405585	42.7335	
GCA_016481275.1	GCA_009720525.1	inter_genus	Antrihabitans	Gimesia	428	5994	407	6104	6.9020		43.0124	
GCA_009901525.1	GCA_041537905.1	inter_genus	Kordia	Ruegeria	314	4542	348	5052	6.9001		43.2993	
GCA_043944905.1	GCA_007748195.1	inter_genus	Antrihabitans	Gimesia	424	6008	376	5591	6.8971		42.4739	
GCA_012932915.1	GCA_002727185.1	inter_genus	Antrihabitans	Rhodopirellula	421	6310	406	5729	6.8693		43.5910	
GCA_013328815.1	GCA_001005315.1	inter_genus	Tabrizicola	Kordia	332	4364	290	4694	6.8669		43.3772	
GCA_007754425.1	GCA_025960885.1	inter_genus	Gimesia	Microbacterium	332	5793	311	3572	6.8660	0.405585	42.2249	
GCA_000181475.1	GCA_900142325.1	inter_genus	Gimesia	Epilithonimonas	325	5814	301	3312	6.8595	0.405585	42.5413	
GCA_012932915.1	GCA_007754425.1	inter_genus	Antrihabitans	Gimesia	426	6310	404	5793	6.8578		42.8798	
GCA_009720525.1	GCA_900636385.1	inter_genus	Gimesia	Staphylococcus	294	6104	277	2236	6.8465		42.5455	
GCA_025960885.1	GCA_003054265.1	inter_genus	Microbacterium	Kordia	271	3572	247	4003	6.8383	0.405585	42.2305	
GCA_007754425.1	GCA_900636385.1	inter_genus	Gimesia	Staphylococcus	281	5793	268	2236	6.8377		42.7091	
GCA_012932915.1	GCA_000181475.1	inter_genus	Antrihabitans	Gimesia	429	6310	400	5814	6.8377		42.9019	
GCA_000181475.1	GCA_042654505.1	inter_genus	Gimesia	Epilithonimonas	327	5814	308	3479	6.8331	0.405585	42.6033	
GCA_004365655.1	GCA_030065535.1	inter_genus	Epilithonimonas	Microbacterium	196	3195	210	2753	6.8258	0.405585	42.0863	
GCA_001005315.1	GCA_034424525.1	inter_genus	Kordia	Sphingobium	317	4694	347	5046	6.8172		42.7165	
GCA_030065535.1	GCA_003054265.1	inter_genus	Microbacterium	Kordia	234	2753	226	4003	6.8088	0.405585	41.8973	
GCA_042650985.1	GCA_002727185.1	inter_genus	Epilithonimonas	Rhodopirellula	309	3675	329	5729	6.7843	0.405585	42.2009	
GCA_900142325.1	GCA_025960885.1	inter_genus	Epilithonimonas	Microbacterium	223	3312	244	3572	6.7838	0.405585	42.1512	
GCA_009720525.1	GCA_042654505.1	inter_genus	Gimesia	Epilithonimonas	340	6104	309	3479	6.7724	0.405585	42.7067	
GCA_008297975.1	GCA_014651475.1	inter_genus	Antrihabitans	Mesonia	288	5303	268	2913	6.7673		42.4488	
GCA_012932915.1	GCA_000338295.1	inter_genus	Antrihabitans	Rhodopirellula	397	6310	387	5290	6.7586		43.6415	
GCA_007748195.1	GCA_043556415.1	inter_genus	Gimesia	Microbacterium	279	5591	282	2715	6.7542	0.405585	42.1554	
GCA_012932915.1	GCA_009720525.1	inter_genus	Antrihabitans	Gimesia	429	6310	408	6104	6.7424		43.1004	
GCA_002727185.1	GCA_900636385.1	inter_genus	Rhodopirellula	Staphylococcus	276	5729	261	2236	6.7420		42.6940	
GCA_900142325.1	GCA_043556415.1	inter_genus	Epilithonimonas	Microbacterium	199	3312	207	2715	6.7364	0.405585	42.0423	
GCA_016481275.1	GCA_001437435.1	inter_genus	Antrihabitans	Furfurilactobacillus	272	5994	265	1991	6.7251	0.405585	43.3537	
GCA_007754425.1	GCA_043556415.1	inter_genus	Gimesia	Microbacterium	291	5793	281	2715	6.7231	0.405585	42.3212	
GCA_004365655.1	GCA_000338295.1	inter_genus	Epilithonimonas	Rhodopirellula	275	3195	295	5290	6.7177	0.405585	42.1051	
GCA_041537905.1	GCA_001437435.1	inter_genus	Ruegeria	Furfurilactobacillus	250	5052	223	1991	6.7159		42.7684	
GCA_004365655.1	GCA_025960885.1	inter_genus	Epilithonimonas	Microbacterium	217	3195	237	3572	6.7090	0.405585	42.3987	
GCA_007754425.1	GCA_042650985.1	inter_genus	Gimesia	Epilithonimonas	327	5793	307	3675	6.6962	0.405585	42.3664	
GCA_000181475.1	GCA_004365655.1	inter_genus	Gimesia	Epilithonimonas	309	5814	294	3195	6.6933	0.405585	42.5683	
GCA_016481275.1	GCA_007748195.1	inter_genus	Antrihabitans	Gimesia	405	5994	370	5591	6.6897		42.6785	
GCA_008297975.1	GCA_007748195.1	inter_genus	Antrihabitans	Gimesia	372	5303	356	5591	6.6826		42.6258	
GCA_007754425.1	GCA_042654505.1	inter_genus	Gimesia	Epilithonimonas	321	5793	298	3479	6.6760	0.405585	42.6051	
GCA_900142325.1	GCA_900100925.1	inter_genus	Epilithonimonas	Actinopolyspora	248	3312	240	4041	6.6367		41.7332	
GCA_009720525.1	GCA_043556415.1	inter_genus	Gimesia	Microbacterium	301	6104	283	2715	6.6221	0.405585	42.4128	
GCA_042650985.1	GCA_043556415.1	inter_genus	Epilithonimonas	Microbacterium	205	3675	217	2715	6.6041	0.405585	41.6667	
GCA_004365655.1	GCA_043556415.1	inter_genus	Epilithonimonas	Microbacterium	186	3195	204	2715	6.5990	0.405585	41.7718	
GCA_009720525.1	GCA_900142325.1	inter_genus	Gimesia	Epilithonimonas	320	6104	301	3312	6.5952	0.405585	42.3005	
GCA_008704535.1	GCA_014651475.1	inter_genus	Streptomyces	Mesonia	347	6558	277	2913	6.5885		42.8815	
GCA_030065535.1	GCA_000154725.1	inter_genus	Microbacterium	Kordia	240	2753	224	4294	6.5844	0.405585	42.1303	
GCA_007754425.1	GCA_900142325.1	inter_genus	Gimesia	Epilithonimonas	311	5793	288	3312	6.5788	0.405585	42.2973	
GCA_012932915.1	GCA_007748195.1	inter_genus	Antrihabitans	Gimesia	402	6310	379	5591	6.5625		42.8318	
GCA_900142325.1	GCA_013409785.1	inter_genus	Epilithonimonas	Microbacterium	220	3312	230	3554	6.5540	0.405585	41.7421	
GCA_009720525.1	GCA_042650985.1	inter_genus	Gimesia	Epilithonimonas	331	6104	309	3675	6.5446	0.405585	42.4826	
GCA_042650985.1	GCA_013409785.1	inter_genus	Epilithonimonas	Microbacterium	226	3675	246	3554	6.5293	0.405585	41.7836	
GCA_042650985.1	GCA_008704535.1	inter_genus	Epilithonimonas	Streptomyces	307	3675	361	6558	6.5279		42.4388	
GCA_007748195.1	GCA_042650985.1	inter_genus	Gimesia	Epilithonimonas	311	5591	293	3675	6.5185	0.405585	42.1319	
GCA_007748195.1	GCA_900142325.1	inter_genus	Gimesia	Epilithonimonas	295	5591	285	3312	6.5147	0.405585	42.0341	
GCA_009720525.1	GCA_004365655.1	inter_genus	Gimesia	Epilithonimonas	316	6104	289	3195	6.5061	0.405585	42.5344	
GCA_004365655.1	GCA_002727185.1	inter_genus	Epilithonimonas	Rhodopirellula	275	3195	305	5729	6.4993	0.372583	42.0368	
GCA_007748195.1	GCA_004365655.1	inter_genus	Gimesia	Epilithonimonas	295	5591	276	3195	6.4990	0.405585	42.1210	
GCA_007748195.1	GCA_042654505.1	inter_genus	Gimesia	Epilithonimonas	303	5591	286	3479	6.4939	0.405585	42.3650	
GCA_012932915.1	GCA_001437435.1	inter_genus	Antrihabitans	Furfurilactobacillus	276	6310	262	1991	6.4811		43.0249	
GCA_004365655.1	GCA_013409785.1	inter_genus	Epilithonimonas	Microbacterium	212	3195	225	3554	6.4750	0.405585	41.6330	
GCA_013409785.1	GCA_003054265.1	inter_genus	Microbacterium	Kordia	260	3554	229	4003	6.4708	0.405585	42.0579	
GCA_025960885.1	GCA_000154725.1	inter_genus	Microbacterium	Kordia	268	3572	240	4294	6.4582	0.405585	42.1722	
GCA_007754425.1	GCA_004365655.1	inter_genus	Gimesia	Epilithonimonas	303	5793	274	3195	6.4197	0.405585	42.6259	
GCA_042654505.1	GCA_008704535.1	inter_genus	Epilithonimonas	Streptomyces	299	3479	345	6558	6.4163		42.7126	
GCA_043944905.1	GCA_014651475.1	inter_genus	Antrihabitans	Mesonia	299	6008	273	2913	6.4118		42.6398	
GCA_016481275.1	GCA_014651475.1	inter_genus	Antrihabitans	Mesonia	301	5994	269	2913	6.3995		42.7172	
GCA_004365655.1	GCA_900100925.1	inter_genus	Epilithonimonas	Actinopolyspora	227	3195	236	4041	6.3986		41.8381	
GCA_900142325.1	GCA_008704535.1	inter_genus	Epilithonimonas	Streptomyces	292	3312	339	6558	6.3931		42.6290	
GCA_008297975.1	GCA_042654505.1	inter_genus	Antrihabitans	Epilithonimonas	291	5303	270	3479	6.3881		41.6608	
GCA_008297975.1	GCA_042650985.1	inter_genus	Antrihabitans	Epilithonimonas	306	5303	267	3675	6.3823		41.2197	
GCA_013409785.1	GCA_000154725.1	inter_genus	Microbacterium	Kordia	266	3554	234	4294	6.3710	0.405585	42.1898	
GCA_043556415.1	GCA_003054265.1	inter_genus	Microbacterium	Kordia	226	2715	201	4003	6.3561	0.405585	41.8605	
GCA_001437435.1	GCA_034424525.1	inter_genus	Furfurilactobacillus	Sphingobium	220	1991	227	5046	6.3521		42.2973	
GCA_008297975.1	GCA_900142325.1	inter_genus	Antrihabitans	Epilithonimonas	285	5303	259	3312	6.3146		41.6467	
GCA_012932915.1	GCA_014651475.1	inter_genus	Antrihabitans	Mesonia	305	6310	276	2913	6.2995		42.3637	
GCA_030065535.1	GCA_009901525.1	inter_genus	Microbacterium	Kordia	235	2753	224	4542	6.2920	0.405585	41.7671	
GCA_012932915.1	GCA_042650985.1	inter_genus	Antrihabitans	Epilithonimonas	334	6310	289	3675	6.2394		42.0725	
GCA_003054265.1	GCA_900100925.1	inter_genus	Kordia	Actinopolyspora	246	4003	255	4041	6.2282		41.8555	
GCA_043556415.1	GCA_000154725.1	inter_genus	Microbacterium	Kordia	223	2715	213	4294	6.2206	0.405585	42.1360	
GCA_030065535.1	GCA_001005315.1	inter_genus	Microbacterium	Kordia	233	2753	227	4694	6.1770	0.405585	42.0503	
GCA_012932915.1	GCA_900142325.1	inter_genus	Antrihabitans	Epilithonimonas	313	6310	281	3312	6.1734		42.4154	
GCA_043944905.1	GCA_042650985.1	inter_genus	Antrihabitans	Epilithonimonas	316	6008	280	3675	6.1551		42.0474	
GCA_025960885.1	GCA_009901525.1	inter_genus	Microbacterium	Kordia	258	3572	239	4542	6.1252	0.405585	41.9325	
GCA_016481275.1	GCA_042654505.1	inter_genus	Antrihabitans	Epilithonimonas	304	5994	275	3479	6.1121		42.0010	
GCA_016481275.1	GCA_900142325.1	inter_genus	Antrihabitans	Epilithonimonas	302	5994	266	3312	6.1036		42.3852	
GCA_012932915.1	GCA_042654505.1	inter_genus	Antrihabitans	Epilithonimonas	312	6310	285	3479	6.0987		41.9092	
GCA_025960885.1	GCA_001005315.1	inter_genus	Microbacterium	Kordia	263	3572	240	4694	6.0852	0.405585	42.2475	
GCA_043944905.1	GCA_900142325.1	inter_genus	Antrihabitans	Epilithonimonas	294	6008	273	3312	6.0837		42.2023	
GCA_003054265.1	GCA_001437435.1	inter_genus	Kordia	Furfurilactobacillus	175	4003	188	1991	6.0561		42.9777	
GCA_013409785.1	GCA_009901525.1	inter_genus	Microbacterium	Kordia	258	3554	232	4542	6.0524	0.405585	41.8123	
GCA_003054265.1	GCA_008704535.1	inter_genus	Kordia	Streptomyces	290	4003	347	6558	6.0316		42.8558	
GCA_016481275.1	GCA_042650985.1	inter_genus	Antrihabitans	Epilithonimonas	317	5994	266	3675	6.0296		42.0713	
GCA_000154725.1	GCA_900100925.1	inter_genus	Kordia	Actinopolyspora	249	4294	251	4041	5.9988		41.9104	
GCA_043944905.1	GCA_042654505.1	inter_genus	Antrihabitans	Epilithonimonas	295	6008	273	3479	5.9871		42.1086	
GCA_043556415.1	GCA_009901525.1	inter_genus	Microbacterium	Kordia	226	2715	208	4542	5.9804	0.405585	41.5434	
GCA_013409785.1	GCA_001005315.1	inter_genus	Microbacterium	Kordia	259	3554	234	4694	5.9772	0.405585	41.8504	
GCA_004365655.1	GCA_008704535.1	inter_genus	Epilithonimonas	Streptomyces	264	3195	318	6558	5.9674		42.4031	
GCA_000154725.1	GCA_001437435.1	inter_genus	Kordia	Furfurilactobacillus	181	4294	191	1991	5.9189		43.0264	
GCA_008297975.1	GCA_004365655.1	inter_genus	Antrihabitans	Epilithonimonas	264	5303	238	3195	5.9073		41.5808	
GCA_043556415.1	GCA_001005315.1	inter_genus	Microbacterium	Kordia	226	2715	209	4694	5.8712	0.405585	41.9308	
GCA_000154725.1	GCA_008704535.1	inter_genus	Kordia	Streptomyces	289	4294	348	6558	5.8699		42.7591	
GCA_001005315.1	GCA_900100925.1	inter_genus	Kordia	Actinopolyspora	248	4694	258	4041	5.7928		41.6809	
GCA_009901525.1	GCA_900100925.1	inter_genus	Kordia	Actinopolyspora	243	4542	253	4041	5.7789		41.5579	
GCA_001005315.1	GCA_008704535.1	inter_genus	Kordia	Streptomyces	294	4694	354	6558	5.7590		42.5010	
GCA_016481275.1	GCA_003054265.1	inter_genus	Antrihabitans	Kordia	303	5994	271	4003	5.7417		42.3421	
GCA_016481275.1	GCA_004365655.1	inter_genus	Antrihabitans	Epilithonimonas	280	5994	246	3195	5.7242		42.1086	
GCA_008297975.1	GCA_003054265.1	inter_genus	Antrihabitans	Kordia	270	5303	256	4003	5.6523		42.1638	
GCA_043944905.1	GCA_004365655.1	inter_genus	Antrihabitans	Epilithonimonas	272	6008	247	3195	5.6395		42.0914	
GCA_020966775.1	GCA_001437435.1	inter_genus	Rhodopirellula	Furfurilactobacillus	194	4755	186	1991	5.6330		42.5902	
GCA_009901525.1	GCA_008704535.1	inter_genus	Kordia	Streptomyces	285	4542	340	6558	5.6306		42.2593	
GCA_012932915.1	GCA_004365655.1	inter_genus	Antrihabitans	Epilithonimonas	282	6310	253	3195	5.6286		42.2035	
GCA_009901525.1	GCA_001437435.1	inter_genus	Kordia	Furfurilactobacillus	179	4542	188	1991	5.6176		42.3034	
GCA_008297975.1	GCA_000154725.1	inter_genus	Antrihabitans	Kordia	279	5303	257	4294	5.5851		42.0909	
GCA_012932915.1	GCA_000154725.1	inter_genus	Antrihabitans	Kordia	313	6310	277	4294	5.5639		42.4481	
GCA_016481275.1	GCA_000154725.1	inter_genus	Antrihabitans	Kordia	306	5994	266	4294	5.5599		42.2830	
GCA_043944905.1	GCA_000154725.1	inter_genus	Antrihabitans	Kordia	295	6008	277	4294	5.5523		42.5508	
GCA_000196115.1	GCA_001437435.1	inter_genus	Rhodopirellula	Furfurilactobacillus	197	5115	197	1991	5.5446		42.6088	
GCA_012932915.1	GCA_003054265.1	inter_genus	Antrihabitans	Kordia	301	6310	270	4003	5.5367		42.3690	
GCA_016481275.1	GCA_009901525.1	inter_genus	Antrihabitans	Kordia	309	5994	273	4542	5.5239		42.3056	
GCA_043944905.1	GCA_003054265.1	inter_genus	Antrihabitans	Kordia	286	6008	266	4003	5.5139		42.3774	
GCA_000338295.1	GCA_001437435.1	inter_genus	Rhodopirellula	Furfurilactobacillus	200	5290	198	1991	5.4663		42.7149	
GCA_007748195.1	GCA_001437435.1	inter_genus	Gimesia	Furfurilactobacillus	203	5591	208	1991	5.4207		42.2877	
GCA_001005315.1	GCA_001437435.1	inter_genus	Kordia	Furfurilactobacillus	177	4694	185	1991	5.4151		42.5422	
GCA_016481275.1	GCA_001005315.1	inter_genus	Antrihabitans	Kordia	306	5994	269	4694	5.3799		42.0931	
GCA_012932915.1	GCA_009901525.1	inter_genus	Antrihabitans	Kordia	308	6310	275	4542	5.3723		42.4079	
GCA_008297975.1	GCA_009901525.1	inter_genus	Antrihabitans	Kordia	269	5303	258	4542	5.3530		42.0488	
GCA_008297975.1	GCA_001005315.1	inter_genus	Antrihabitans	Kordia	274	5303	258	4694	5.3216		41.8906	
GCA_000181475.1	GCA_001437435.1	inter_genus	Gimesia	Furfurilactobacillus	206	5814	207	1991	5.2915		42.3929	
GCA_043944905.1	GCA_009901525.1	inter_genus	Antrihabitans	Kordia	287	6008	268	4542	5.2607		42.1938	
GCA_002727185.1	GCA_001437435.1	inter_genus	Rhodopirellula	Furfurilactobacillus	202	5729	203	1991	5.2461		42.4348	
GCA_043944905.1	GCA_001005315.1	inter_genus	Antrihabitans	Kordia	288	6008	273	4694	5.2420		42.3783	
GCA_007754425.1	GCA_001437435.1	inter_genus	Gimesia	Furfurilactobacillus	203	5793	202	1991	5.2030		42.3329	
GCA_012932915.1	GCA_001005315.1	inter_genus	Antrihabitans	Kordia	302	6310	269	4694	5.1890		42.1997	
GCA_009720525.1	GCA_001437435.1	inter_genus	Gimesia	Furfurilactobacillus	212	6104	205	1991	5.1513	0.405585	42.1699	
